/*
MySQL Backup
Source Server Version: 5.7.9
Source Database: lv
Date: 2016-9-17 11:28:36
*/

SET FOREIGN_KEY_CHECKS=0;

-- ----------------------------
--  Table structure for `address`
-- ----------------------------
DROP TABLE IF EXISTS `address`;
CREATE TABLE `address` (
  `address_id` int(11) NOT NULL AUTO_INCREMENT,
  `user_id` int(11) NOT NULL,
  `firstname` varchar(32) NOT NULL,
  `lastname` varchar(32) NOT NULL,
  `address` varchar(128) NOT NULL,
  `city` varchar(128) NOT NULL,
  `postcode` varchar(10) NOT NULL,
  `country_id` int(11) NOT NULL DEFAULT '0',
  `zone_id` int(11) NOT NULL DEFAULT '0',
  PRIMARY KEY (`address_id`),
  KEY `customer_id` (`user_id`)
) ENGINE=MyISAM AUTO_INCREMENT=28 DEFAULT CHARSET=utf8;

-- ----------------------------
--  Table structure for `aftermarket`
-- ----------------------------
DROP TABLE IF EXISTS `aftermarket`;
CREATE TABLE `aftermarket` (
  `aftermarket_id` int(11) NOT NULL AUTO_INCREMENT,
  `sort_order` int(3) NOT NULL,
  PRIMARY KEY (`aftermarket_id`)
) ENGINE=MyISAM AUTO_INCREMENT=18 DEFAULT CHARSET=utf8;

-- ----------------------------
--  Table structure for `aftermarket_description`
-- ----------------------------
DROP TABLE IF EXISTS `aftermarket_description`;
CREATE TABLE `aftermarket_description` (
  `aftermarket_id` int(11) NOT NULL,
  `language_id` int(11) NOT NULL,
  `name` varchar(32) NOT NULL,
  PRIMARY KEY (`aftermarket_id`,`language_id`)
) ENGINE=MyISAM DEFAULT CHARSET=utf8;

-- ----------------------------
--  Table structure for `api`
-- ----------------------------
DROP TABLE IF EXISTS `api`;
CREATE TABLE `api` (
  `api_id` int(11) NOT NULL AUTO_INCREMENT,
  `username` varchar(64) NOT NULL,
  `firstname` varchar(64) NOT NULL,
  `lastname` varchar(64) NOT NULL,
  `password` text NOT NULL,
  `status` tinyint(1) NOT NULL,
  `date_added` datetime NOT NULL,
  `date_modified` datetime NOT NULL,
  PRIMARY KEY (`api_id`)
) ENGINE=MyISAM AUTO_INCREMENT=2 DEFAULT CHARSET=utf8;

-- ----------------------------
--  Table structure for `attribute`
-- ----------------------------
DROP TABLE IF EXISTS `attribute`;
CREATE TABLE `attribute` (
  `attribute_id` int(11) NOT NULL AUTO_INCREMENT,
  `attribute_group_id` int(11) NOT NULL,
  `sort_order` int(3) NOT NULL,
  PRIMARY KEY (`attribute_id`)
) ENGINE=MyISAM AUTO_INCREMENT=13 DEFAULT CHARSET=utf8;

-- ----------------------------
--  Table structure for `attribute_description`
-- ----------------------------
DROP TABLE IF EXISTS `attribute_description`;
CREATE TABLE `attribute_description` (
  `attribute_id` int(11) NOT NULL,
  `language_id` int(11) NOT NULL,
  `name` varchar(64) NOT NULL,
  PRIMARY KEY (`attribute_id`,`language_id`),
  KEY `attribute_id` (`attribute_id`),
  KEY `language_id` (`language_id`),
  KEY `attribute_id_2` (`attribute_id`),
  KEY `language_id_2` (`language_id`)
) ENGINE=MyISAM DEFAULT CHARSET=utf8;

-- ----------------------------
--  Table structure for `attribute_group`
-- ----------------------------
DROP TABLE IF EXISTS `attribute_group`;
CREATE TABLE `attribute_group` (
  `attribute_group_id` int(11) NOT NULL AUTO_INCREMENT,
  `sale_type` varchar(32) NOT NULL,
  `sort_order` int(3) NOT NULL,
  PRIMARY KEY (`attribute_group_id`)
) ENGINE=MyISAM AUTO_INCREMENT=10 DEFAULT CHARSET=utf8;

-- ----------------------------
--  Table structure for `attribute_group_description`
-- ----------------------------
DROP TABLE IF EXISTS `attribute_group_description`;
CREATE TABLE `attribute_group_description` (
  `attribute_group_id` int(11) NOT NULL,
  `language_id` int(11) NOT NULL,
  `group_name` varchar(64) NOT NULL,
  PRIMARY KEY (`attribute_group_id`,`language_id`)
) ENGINE=MyISAM DEFAULT CHARSET=utf8;

-- ----------------------------
--  Table structure for `banner`
-- ----------------------------
DROP TABLE IF EXISTS `banner`;
CREATE TABLE `banner` (
  `banner_id` int(11) NOT NULL AUTO_INCREMENT,
  `name` varchar(64) NOT NULL,
  `status` tinyint(1) NOT NULL,
  PRIMARY KEY (`banner_id`)
) ENGINE=MyISAM AUTO_INCREMENT=13 DEFAULT CHARSET=utf8;

-- ----------------------------
--  Table structure for `banner_image`
-- ----------------------------
DROP TABLE IF EXISTS `banner_image`;
CREATE TABLE `banner_image` (
  `banner_image_id` int(11) NOT NULL AUTO_INCREMENT,
  `banner_id` int(11) NOT NULL,
  `link` varchar(255) NOT NULL,
  `image` varchar(255) NOT NULL,
  `sort_order` int(3) NOT NULL DEFAULT '0',
  PRIMARY KEY (`banner_image_id`)
) ENGINE=MyISAM AUTO_INCREMENT=139 DEFAULT CHARSET=utf8;

-- ----------------------------
--  Table structure for `banner_image_description`
-- ----------------------------
DROP TABLE IF EXISTS `banner_image_description`;
CREATE TABLE `banner_image_description` (
  `banner_image_id` int(11) NOT NULL,
  `language_id` int(11) NOT NULL,
  `banner_id` int(11) NOT NULL,
  `title` varchar(64) NOT NULL,
  PRIMARY KEY (`banner_image_id`,`language_id`)
) ENGINE=MyISAM DEFAULT CHARSET=utf8;

-- ----------------------------
--  Table structure for `barcode`
-- ----------------------------
DROP TABLE IF EXISTS `barcode`;
CREATE TABLE `barcode` (
  `barcode_id` int(11) NOT NULL AUTO_INCREMENT,
  `sort_order` int(3) NOT NULL,
  PRIMARY KEY (`barcode_id`)
) ENGINE=MyISAM AUTO_INCREMENT=6 DEFAULT CHARSET=utf8;

-- ----------------------------
--  Table structure for `barcode_description`
-- ----------------------------
DROP TABLE IF EXISTS `barcode_description`;
CREATE TABLE `barcode_description` (
  `barcode_id` int(11) NOT NULL,
  `language_id` int(11) NOT NULL,
  `name` varchar(128) NOT NULL,
  PRIMARY KEY (`barcode_id`,`language_id`)
) ENGINE=MyISAM DEFAULT CHARSET=utf8;

-- ----------------------------
--  Table structure for `category`
-- ----------------------------
DROP TABLE IF EXISTS `category`;
CREATE TABLE `category` (
  `category_id` int(11) NOT NULL AUTO_INCREMENT,
  `image` varchar(255) DEFAULT NULL,
  `parent_id` int(11) NOT NULL DEFAULT '0',
  `store_id` int(11) NOT NULL,
  `top` tinyint(1) NOT NULL,
  `column` int(3) NOT NULL,
  `sort_order` int(3) NOT NULL DEFAULT '0',
  `status` tinyint(1) NOT NULL,
  `date_added` datetime NOT NULL,
  `date_modified` datetime NOT NULL,
  PRIMARY KEY (`category_id`),
  KEY `parent_id` (`parent_id`)
) ENGINE=MyISAM AUTO_INCREMENT=78 DEFAULT CHARSET=utf8;

-- ----------------------------
--  Table structure for `category_description`
-- ----------------------------
DROP TABLE IF EXISTS `category_description`;
CREATE TABLE `category_description` (
  `category_id` int(11) NOT NULL,
  `language_id` int(11) NOT NULL,
  `name` varchar(255) NOT NULL,
  `description` text NOT NULL,
  `meta_title` varchar(255) NOT NULL,
  `meta_description` varchar(255) NOT NULL,
  `meta_keyword` varchar(255) NOT NULL,
  PRIMARY KEY (`category_id`,`language_id`),
  KEY `name` (`name`)
) ENGINE=MyISAM DEFAULT CHARSET=utf8;

-- ----------------------------
--  Table structure for `category_option`
-- ----------------------------
DROP TABLE IF EXISTS `category_option`;
CREATE TABLE `category_option` (
  `category_id` int(11) NOT NULL,
  `type` varchar(32) NOT NULL,
  `value` int(11) NOT NULL,
  `required` varchar(11) NOT NULL
) ENGINE=MyISAM DEFAULT CHARSET=utf8;

-- ----------------------------
--  Table structure for `competence`
-- ----------------------------
DROP TABLE IF EXISTS `competence`;
CREATE TABLE `competence` (
  `competence_id` int(11) NOT NULL AUTO_INCREMENT,
  `sort_order` int(1) NOT NULL,
  `key` varchar(38) NOT NULL,
  `value` varchar(128) NOT NULL,
  PRIMARY KEY (`competence_id`)
) ENGINE=MyISAM AUTO_INCREMENT=7 DEFAULT CHARSET=utf8;

-- ----------------------------
--  Table structure for `competence_description`
-- ----------------------------
DROP TABLE IF EXISTS `competence_description`;
CREATE TABLE `competence_description` (
  `competence_id` int(11) NOT NULL,
  `language_id` int(11) NOT NULL,
  `title` varchar(128) NOT NULL,
  `description` varchar(255) NOT NULL,
  PRIMARY KEY (`competence_id`,`language_id`)
) ENGINE=MyISAM DEFAULT CHARSET=utf8;

-- ----------------------------
--  Table structure for `country`
-- ----------------------------
DROP TABLE IF EXISTS `country`;
CREATE TABLE `country` (
  `country_id` int(11) NOT NULL AUTO_INCREMENT,
  `iso_code_2` varchar(2) NOT NULL,
  `iso_code_3` varchar(3) NOT NULL,
  `address_format` text NOT NULL,
  `postcode_required` tinyint(1) NOT NULL,
  `status` tinyint(1) NOT NULL DEFAULT '1',
  PRIMARY KEY (`country_id`)
) ENGINE=MyISAM AUTO_INCREMENT=259 DEFAULT CHARSET=utf8;

-- ----------------------------
--  Table structure for `country_description`
-- ----------------------------
DROP TABLE IF EXISTS `country_description`;
CREATE TABLE `country_description` (
  `country_id` int(11) NOT NULL,
  `language_id` int(11) NOT NULL DEFAULT '1',
  `name` varchar(28) NOT NULL,
  PRIMARY KEY (`country_id`,`language_id`)
) ENGINE=MyISAM DEFAULT CHARSET=utf8;

-- ----------------------------
--  Table structure for `currency`
-- ----------------------------
DROP TABLE IF EXISTS `currency`;
CREATE TABLE `currency` (
  `currency_id` int(11) NOT NULL AUTO_INCREMENT,
  `title` varchar(32) NOT NULL,
  `code` varchar(3) NOT NULL,
  `symbol_left` varchar(12) NOT NULL,
  `symbol_right` varchar(12) NOT NULL,
  `decimal_place` char(1) NOT NULL,
  `value` float(15,8) NOT NULL,
  `status` tinyint(1) NOT NULL,
  `date_modified` datetime NOT NULL,
  PRIMARY KEY (`currency_id`)
) ENGINE=MyISAM AUTO_INCREMENT=5 DEFAULT CHARSET=utf8;

-- ----------------------------
--  Table structure for `download`
-- ----------------------------
DROP TABLE IF EXISTS `download`;
CREATE TABLE `download` (
  `download_id` int(11) NOT NULL AUTO_INCREMENT,
  `sort_order` int(3) NOT NULL,
  PRIMARY KEY (`download_id`)
) ENGINE=MyISAM AUTO_INCREMENT=4 DEFAULT CHARSET=utf8;

-- ----------------------------
--  Table structure for `download_description`
-- ----------------------------
DROP TABLE IF EXISTS `download_description`;
CREATE TABLE `download_description` (
  `download_id` int(11) NOT NULL,
  `language_id` int(11) NOT NULL,
  `name` varchar(64) NOT NULL,
  PRIMARY KEY (`download_id`,`language_id`)
) ENGINE=MyISAM DEFAULT CHARSET=utf8;

-- ----------------------------
--  Table structure for `extension`
-- ----------------------------
DROP TABLE IF EXISTS `extension`;
CREATE TABLE `extension` (
  `extension_id` int(11) NOT NULL AUTO_INCREMENT,
  `type` varchar(32) NOT NULL,
  `code` varchar(32) NOT NULL,
  PRIMARY KEY (`extension_id`)
) ENGINE=MyISAM AUTO_INCREMENT=457 DEFAULT CHARSET=utf8;

-- ----------------------------
--  Table structure for `freight`
-- ----------------------------
DROP TABLE IF EXISTS `freight`;
CREATE TABLE `freight` (
  `freight_id` int(11) NOT NULL AUTO_INCREMENT,
  `freight_template_id` int(11) NOT NULL,
  `store_id` int(11) NOT NULL,
  `country_id` int(11) NOT NULL,
  `zone_id` int(11) NOT NULL,
  `value` float(15,4) NOT NULL,
  `sort_order` int(3) NOT NULL,
  PRIMARY KEY (`freight_id`)
) ENGINE=MyISAM AUTO_INCREMENT=11 DEFAULT CHARSET=utf8;

-- ----------------------------
--  Table structure for `freight_description`
-- ----------------------------
DROP TABLE IF EXISTS `freight_description`;
CREATE TABLE `freight_description` (
  `freight_id` int(11) NOT NULL,
  `language_id` int(11) NOT NULL,
  `name` varchar(64) NOT NULL,
  PRIMARY KEY (`freight_id`,`language_id`),
  KEY `attribute_id` (`freight_id`),
  KEY `language_id` (`language_id`),
  KEY `attribute_id_2` (`freight_id`),
  KEY `language_id_2` (`language_id`)
) ENGINE=MyISAM DEFAULT CHARSET=utf8;

-- ----------------------------
--  Table structure for `freight_template`
-- ----------------------------
DROP TABLE IF EXISTS `freight_template`;
CREATE TABLE `freight_template` (
  `freight_template_id` int(11) NOT NULL AUTO_INCREMENT,
  `store_id` int(11) NOT NULL,
  `value` float(15,4) NOT NULL,
  `pricing` varchar(1) NOT NULL,
  `sort_order` int(3) NOT NULL,
  PRIMARY KEY (`freight_template_id`)
) ENGINE=MyISAM AUTO_INCREMENT=13 DEFAULT CHARSET=utf8;

-- ----------------------------
--  Table structure for `freight_template_description`
-- ----------------------------
DROP TABLE IF EXISTS `freight_template_description`;
CREATE TABLE `freight_template_description` (
  `freight_template_id` int(11) NOT NULL,
  `language_id` int(11) NOT NULL,
  `freight_template_name` varchar(64) NOT NULL,
  PRIMARY KEY (`freight_template_id`,`language_id`)
) ENGINE=MyISAM DEFAULT CHARSET=utf8;

-- ----------------------------
--  Table structure for `geo_zone`
-- ----------------------------
DROP TABLE IF EXISTS `geo_zone`;
CREATE TABLE `geo_zone` (
  `geo_zone_id` int(11) NOT NULL AUTO_INCREMENT,
  `date_added` datetime NOT NULL,
  `date_modified` datetime NOT NULL,
  PRIMARY KEY (`geo_zone_id`)
) ENGINE=MyISAM AUTO_INCREMENT=7 DEFAULT CHARSET=utf8;

-- ----------------------------
--  Table structure for `geo_zone_description`
-- ----------------------------
DROP TABLE IF EXISTS `geo_zone_description`;
CREATE TABLE `geo_zone_description` (
  `geo_zone_id` int(11) NOT NULL,
  `language_id` int(11) NOT NULL,
  `geo_zone_name` varchar(32) NOT NULL,
  `geo_zone_description` varchar(255) NOT NULL,
  PRIMARY KEY (`geo_zone_id`,`language_id`)
) ENGINE=MyISAM DEFAULT CHARSET=utf8;

-- ----------------------------
--  Table structure for `information`
-- ----------------------------
DROP TABLE IF EXISTS `information`;
CREATE TABLE `information` (
  `information_id` int(11) NOT NULL AUTO_INCREMENT,
  `information_category_id` int(11) NOT NULL,
  `store_id` int(11) NOT NULL,
  `sort_order` int(3) NOT NULL DEFAULT '0',
  `status` tinyint(1) NOT NULL DEFAULT '1',
  `date_added` datetime NOT NULL,
  `date_modified` datetime NOT NULL,
  PRIMARY KEY (`information_id`)
) ENGINE=MyISAM AUTO_INCREMENT=10 DEFAULT CHARSET=utf8;

-- ----------------------------
--  Table structure for `information_category`
-- ----------------------------
DROP TABLE IF EXISTS `information_category`;
CREATE TABLE `information_category` (
  `information_category_id` int(11) NOT NULL AUTO_INCREMENT,
  `sort_order` int(3) NOT NULL,
  `parent_id` int(11) NOT NULL,
  `status` tinyint(1) NOT NULL,
  `position` varchar(32) NOT NULL,
  `store_id` int(11) NOT NULL,
  `column` int(11) NOT NULL,
  PRIMARY KEY (`information_category_id`)
) ENGINE=MyISAM AUTO_INCREMENT=5 DEFAULT CHARSET=utf8;

-- ----------------------------
--  Table structure for `information_category_description`
-- ----------------------------
DROP TABLE IF EXISTS `information_category_description`;
CREATE TABLE `information_category_description` (
  `information_category_description_id` int(11) NOT NULL AUTO_INCREMENT,
  `information_category_id` int(11) NOT NULL,
  `language_id` int(11) NOT NULL,
  `name` varchar(128) NOT NULL,
  `description` text NOT NULL,
  PRIMARY KEY (`information_category_description_id`)
) ENGINE=MyISAM AUTO_INCREMENT=24 DEFAULT CHARSET=utf8;

-- ----------------------------
--  Table structure for `information_description`
-- ----------------------------
DROP TABLE IF EXISTS `information_description`;
CREATE TABLE `information_description` (
  `information_id` int(11) NOT NULL,
  `language_id` int(11) NOT NULL,
  `title` varchar(64) NOT NULL,
  `description` text NOT NULL,
  `meta_description` varchar(255) NOT NULL,
  `meta_keyword` varchar(255) NOT NULL,
  PRIMARY KEY (`information_id`,`language_id`)
) ENGINE=MyISAM DEFAULT CHARSET=utf8;

-- ----------------------------
--  Table structure for `language`
-- ----------------------------
DROP TABLE IF EXISTS `language`;
CREATE TABLE `language` (
  `language_id` int(11) NOT NULL AUTO_INCREMENT,
  `name` varchar(32) NOT NULL,
  `code` varchar(5) NOT NULL,
  `locale` varchar(255) NOT NULL,
  `image` varchar(64) NOT NULL,
  `language_name` varchar(32) NOT NULL,
  `sort_order` int(3) NOT NULL DEFAULT '0',
  `status` tinyint(1) NOT NULL,
  PRIMARY KEY (`language_id`)
) ENGINE=MyISAM AUTO_INCREMENT=3 DEFAULT CHARSET=utf8;

-- ----------------------------
--  Table structure for `layout`
-- ----------------------------
DROP TABLE IF EXISTS `layout`;
CREATE TABLE `layout` (
  `layout_id` int(11) NOT NULL AUTO_INCREMENT,
  `name` varchar(64) NOT NULL,
  PRIMARY KEY (`layout_id`)
) ENGINE=MyISAM AUTO_INCREMENT=21 DEFAULT CHARSET=utf8;

-- ----------------------------
--  Table structure for `layout_module`
-- ----------------------------
DROP TABLE IF EXISTS `layout_module`;
CREATE TABLE `layout_module` (
  `layout_module_id` int(11) NOT NULL AUTO_INCREMENT,
  `layout_id` int(11) NOT NULL,
  `module_id` int(11) NOT NULL,
  `code` varchar(64) NOT NULL,
  `position` varchar(14) NOT NULL,
  `sort_order` int(3) NOT NULL,
  PRIMARY KEY (`layout_module_id`)
) ENGINE=MyISAM AUTO_INCREMENT=474 DEFAULT CHARSET=utf8;

-- ----------------------------
--  Table structure for `layout_route`
-- ----------------------------
DROP TABLE IF EXISTS `layout_route`;
CREATE TABLE `layout_route` (
  `layout_route_id` int(11) NOT NULL AUTO_INCREMENT,
  `layout_id` int(11) NOT NULL,
  `store_id` int(11) NOT NULL,
  `route` varchar(255) NOT NULL,
  PRIMARY KEY (`layout_route_id`)
) ENGINE=MyISAM AUTO_INCREMENT=206 DEFAULT CHARSET=utf8;

-- ----------------------------
--  Table structure for `length_class`
-- ----------------------------
DROP TABLE IF EXISTS `length_class`;
CREATE TABLE `length_class` (
  `length_class_id` int(11) NOT NULL AUTO_INCREMENT,
  `value` decimal(15,8) NOT NULL,
  PRIMARY KEY (`length_class_id`)
) ENGINE=MyISAM AUTO_INCREMENT=7 DEFAULT CHARSET=utf8;

-- ----------------------------
--  Table structure for `length_class_description`
-- ----------------------------
DROP TABLE IF EXISTS `length_class_description`;
CREATE TABLE `length_class_description` (
  `length_class_id` int(11) NOT NULL AUTO_INCREMENT,
  `language_id` int(11) NOT NULL,
  `title` varchar(32) NOT NULL,
  `unit` varchar(4) NOT NULL,
  PRIMARY KEY (`length_class_id`,`language_id`)
) ENGINE=MyISAM AUTO_INCREMENT=7 DEFAULT CHARSET=utf8;

-- ----------------------------
--  Table structure for `manufacturer`
-- ----------------------------
DROP TABLE IF EXISTS `manufacturer`;
CREATE TABLE `manufacturer` (
  `manufacturer_id` int(11) NOT NULL AUTO_INCREMENT,
  `store_id` int(11) NOT NULL,
  `image` varchar(255) NOT NULL,
  `sort_order` int(3) NOT NULL,
  `status` tinyint(1) NOT NULL,
  `date_added` datetime NOT NULL,
  `date_modified` datetime NOT NULL,
  PRIMARY KEY (`manufacturer_id`)
) ENGINE=MyISAM AUTO_INCREMENT=15 DEFAULT CHARSET=utf8;

-- ----------------------------
--  Table structure for `manufacturer_description`
-- ----------------------------
DROP TABLE IF EXISTS `manufacturer_description`;
CREATE TABLE `manufacturer_description` (
  `manufacturer_id` int(11) NOT NULL,
  `language_id` int(11) NOT NULL,
  `name` varchar(128) NOT NULL,
  `description` text NOT NULL,
  PRIMARY KEY (`manufacturer_id`,`language_id`)
) ENGINE=MyISAM DEFAULT CHARSET=utf8;

-- ----------------------------
--  Table structure for `manufacturer_to_store`
-- ----------------------------
DROP TABLE IF EXISTS `manufacturer_to_store`;
CREATE TABLE `manufacturer_to_store` (
  `manufacturer_id` int(11) NOT NULL,
  `store_id` int(11) NOT NULL,
  PRIMARY KEY (`manufacturer_id`,`store_id`)
) ENGINE=MyISAM DEFAULT CHARSET=utf8;

-- ----------------------------
--  Table structure for `module`
-- ----------------------------
DROP TABLE IF EXISTS `module`;
CREATE TABLE `module` (
  `module_id` int(11) NOT NULL AUTO_INCREMENT,
  `name` varchar(64) NOT NULL,
  `code` varchar(32) NOT NULL,
  `setting` text NOT NULL,
  `store_order` int(3) NOT NULL,
  PRIMARY KEY (`module_id`)
) ENGINE=MyISAM AUTO_INCREMENT=60 DEFAULT CHARSET=utf8;

-- ----------------------------
--  Table structure for `my_tracks`
-- ----------------------------
DROP TABLE IF EXISTS `my_tracks`;
CREATE TABLE `my_tracks` (
  `tracks_id` int(11) NOT NULL AUTO_INCREMENT,
  `product_id` int(11) NOT NULL,
  `user_id` int(11) NOT NULL,
  `store_id` int(11) NOT NULL,
  `date_added` datetime NOT NULL,
  PRIMARY KEY (`tracks_id`)
) ENGINE=MyISAM AUTO_INCREMENT=14 DEFAULT CHARSET=utf8;

-- ----------------------------
--  Table structure for `openant`
-- ----------------------------
DROP TABLE IF EXISTS `openant`;
CREATE TABLE `openant` (
  `id` varchar(40) NOT NULL,
  `ip_address` varchar(45) NOT NULL,
  `timestamp` int(10) unsigned NOT NULL DEFAULT '0',
  `data` blob NOT NULL,
  KEY `ci_sessions_timestamp` (`timestamp`)
) ENGINE=MyISAM DEFAULT CHARSET=utf8;

-- ----------------------------
--  Table structure for `option`
-- ----------------------------
DROP TABLE IF EXISTS `option`;
CREATE TABLE `option` (
  `option_id` int(11) NOT NULL AUTO_INCREMENT,
  `option_group_id` int(11) NOT NULL,
  `sort_order` int(3) NOT NULL,
  PRIMARY KEY (`option_id`)
) ENGINE=MyISAM AUTO_INCREMENT=15 DEFAULT CHARSET=utf8;

-- ----------------------------
--  Table structure for `option_description`
-- ----------------------------
DROP TABLE IF EXISTS `option_description`;
CREATE TABLE `option_description` (
  `option_id` int(11) NOT NULL,
  `language_id` int(11) NOT NULL,
  `name` varchar(64) NOT NULL,
  PRIMARY KEY (`option_id`,`language_id`),
  KEY `attribute_id` (`option_id`),
  KEY `language_id` (`language_id`),
  KEY `attribute_id_2` (`option_id`),
  KEY `language_id_2` (`language_id`)
) ENGINE=MyISAM DEFAULT CHARSET=utf8;

-- ----------------------------
--  Table structure for `option_group`
-- ----------------------------
DROP TABLE IF EXISTS `option_group`;
CREATE TABLE `option_group` (
  `option_group_id` int(11) NOT NULL AUTO_INCREMENT,
  `type` varchar(32) NOT NULL,
  `sale_type` varchar(32) NOT NULL,
  `sort_order` int(3) NOT NULL,
  PRIMARY KEY (`option_group_id`)
) ENGINE=MyISAM AUTO_INCREMENT=10 DEFAULT CHARSET=utf8;

-- ----------------------------
--  Table structure for `option_group_description`
-- ----------------------------
DROP TABLE IF EXISTS `option_group_description`;
CREATE TABLE `option_group_description` (
  `option_group_id` int(11) NOT NULL,
  `language_id` int(11) NOT NULL,
  `option_group_name` varchar(64) NOT NULL,
  PRIMARY KEY (`option_group_id`,`language_id`)
) ENGINE=MyISAM DEFAULT CHARSET=utf8;

-- ----------------------------
--  Table structure for `order`
-- ----------------------------
DROP TABLE IF EXISTS `order`;
CREATE TABLE `order` (
  `order_id` int(11) NOT NULL AUTO_INCREMENT,
  `invoice_no` int(11) NOT NULL DEFAULT '0',
  `invoice_prefix` varchar(26) NOT NULL,
  `store_id` int(11) NOT NULL DEFAULT '0',
  `user_id` int(11) NOT NULL DEFAULT '0',
  `user_class_id` int(11) NOT NULL DEFAULT '0',
  `firstname` varchar(32) NOT NULL,
  `lastname` varchar(32) NOT NULL,
  `email` varchar(96) NOT NULL,
  `telephone` varchar(32) NOT NULL,
  `payment_firstname` varchar(32) NOT NULL,
  `payment_lastname` varchar(32) NOT NULL,
  `payment_address` varchar(128) NOT NULL,
  `payment_city` varchar(128) NOT NULL,
  `payment_postcode` varchar(10) NOT NULL,
  `payment_country` varchar(128) NOT NULL,
  `payment_country_id` int(11) NOT NULL,
  `payment_zone` varchar(128) NOT NULL,
  `payment_zone_id` int(11) NOT NULL,
  `payment_address_format` text NOT NULL,
  `payment_method` varchar(128) NOT NULL,
  `payment_code` varchar(128) NOT NULL,
  `shipping_firstname` varchar(32) NOT NULL,
  `shipping_lastname` varchar(32) NOT NULL,
  `shipping_address` varchar(128) NOT NULL,
  `shipping_city` varchar(128) NOT NULL,
  `shipping_postcode` varchar(10) NOT NULL,
  `shipping_country` varchar(128) NOT NULL,
  `shipping_country_id` int(11) NOT NULL,
  `shipping_zone` varchar(128) NOT NULL,
  `shipping_zone_id` int(11) NOT NULL,
  `shipping_address_format` text NOT NULL,
  `shipping_method` varchar(128) NOT NULL,
  `shipping_code` varchar(128) NOT NULL,
  `comment` text NOT NULL,
  `total` decimal(15,4) NOT NULL DEFAULT '0.0000',
  `order_status_id` int(11) NOT NULL DEFAULT '0',
  `affiliate_id` int(11) NOT NULL,
  `commission` decimal(15,4) NOT NULL,
  `marketing_id` int(11) NOT NULL,
  `tracking` varchar(64) NOT NULL,
  `language_id` int(11) NOT NULL,
  `currency_id` int(11) NOT NULL,
  `currency_code` varchar(3) NOT NULL,
  `currency_value` decimal(15,8) NOT NULL DEFAULT '1.00000000',
  `ip` varchar(40) NOT NULL,
  `forwarded_ip` varchar(40) NOT NULL,
  `user_agent` varchar(255) NOT NULL,
  `accept_language` varchar(255) NOT NULL,
  `date_added` datetime NOT NULL,
  `date_modified` datetime NOT NULL,
  PRIMARY KEY (`order_id`)
) ENGINE=MyISAM AUTO_INCREMENT=119 DEFAULT CHARSET=utf8;

-- ----------------------------
--  Table structure for `order_callout`
-- ----------------------------
DROP TABLE IF EXISTS `order_callout`;
CREATE TABLE `order_callout` (
  `callout_id` int(11) NOT NULL AUTO_INCREMENT,
  `order_id` int(11) NOT NULL,
  `callout_type` varchar(28) NOT NULL,
  `callout_user` varchar(28) NOT NULL,
  `callout_content` varchar(128) NOT NULL,
  PRIMARY KEY (`callout_id`)
) ENGINE=MyISAM AUTO_INCREMENT=6 DEFAULT CHARSET=utf8;

-- ----------------------------
--  Table structure for `order_history`
-- ----------------------------
DROP TABLE IF EXISTS `order_history`;
CREATE TABLE `order_history` (
  `order_history_id` int(11) NOT NULL AUTO_INCREMENT,
  `order_id` int(11) NOT NULL,
  `order_status_id` int(11) NOT NULL,
  `notify` tinyint(1) NOT NULL DEFAULT '0',
  `comment` text NOT NULL,
  `date_added` datetime NOT NULL,
  PRIMARY KEY (`order_history_id`)
) ENGINE=MyISAM AUTO_INCREMENT=2 DEFAULT CHARSET=utf8;

-- ----------------------------
--  Table structure for `order_product`
-- ----------------------------
DROP TABLE IF EXISTS `order_product`;
CREATE TABLE `order_product` (
  `order_product_id` int(11) NOT NULL AUTO_INCREMENT,
  `order_id` int(11) NOT NULL,
  `rowid` varchar(128) NOT NULL,
  `store_id` int(11) NOT NULL,
  `product_id` int(11) NOT NULL,
  `name` varchar(255) NOT NULL,
  `image` varchar(255) NOT NULL,
  `quantity` int(4) NOT NULL,
  `product_option_value_id` varchar(28) NOT NULL,
  `price` decimal(15,4) NOT NULL DEFAULT '0.0000',
  `total` decimal(15,4) NOT NULL DEFAULT '0.0000',
  `tax` decimal(15,4) NOT NULL DEFAULT '0.0000',
  `value` varchar(255) NOT NULL,
  `points` int(11) NOT NULL,
  `preferential_type` varchar(25) NOT NULL,
  `preferential_value` float(15,3) NOT NULL,
  PRIMARY KEY (`order_product_id`)
) ENGINE=MyISAM AUTO_INCREMENT=313 DEFAULT CHARSET=utf8;

-- ----------------------------
--  Table structure for `order_status`
-- ----------------------------
DROP TABLE IF EXISTS `order_status`;
CREATE TABLE `order_status` (
  `order_status_id` int(11) NOT NULL AUTO_INCREMENT,
  `sort_order` int(3) NOT NULL,
  PRIMARY KEY (`order_status_id`)
) ENGINE=MyISAM AUTO_INCREMENT=19 DEFAULT CHARSET=utf8;

-- ----------------------------
--  Table structure for `order_status_description`
-- ----------------------------
DROP TABLE IF EXISTS `order_status_description`;
CREATE TABLE `order_status_description` (
  `order_status_id` int(11) NOT NULL,
  `language_id` int(11) NOT NULL,
  `status_name` varchar(32) NOT NULL,
  PRIMARY KEY (`order_status_id`,`language_id`)
) ENGINE=MyISAM DEFAULT CHARSET=utf8;

-- ----------------------------
--  Table structure for `order_total`
-- ----------------------------
DROP TABLE IF EXISTS `order_total`;
CREATE TABLE `order_total` (
  `order_total_id` int(10) NOT NULL AUTO_INCREMENT,
  `order_id` int(11) NOT NULL,
  `code` varchar(32) NOT NULL,
  `title` varchar(255) NOT NULL,
  `value` decimal(15,4) NOT NULL DEFAULT '0.0000',
  `sort_order` int(3) NOT NULL,
  PRIMARY KEY (`order_total_id`),
  KEY `order_id` (`order_id`)
) ENGINE=MyISAM AUTO_INCREMENT=4 DEFAULT CHARSET=utf8;

-- ----------------------------
--  Table structure for `order_voucher`
-- ----------------------------
DROP TABLE IF EXISTS `order_voucher`;
CREATE TABLE `order_voucher` (
  `order_voucher_id` int(11) NOT NULL AUTO_INCREMENT,
  `order_id` int(11) NOT NULL,
  `voucher_id` int(11) NOT NULL,
  `description` varchar(255) NOT NULL,
  `code` varchar(10) NOT NULL,
  `from_name` varchar(64) NOT NULL,
  `from_email` varchar(96) NOT NULL,
  `to_name` varchar(64) NOT NULL,
  `to_email` varchar(96) NOT NULL,
  `voucher_theme_id` int(11) NOT NULL,
  `message` text NOT NULL,
  `amount` decimal(15,4) NOT NULL,
  PRIMARY KEY (`order_voucher_id`)
) ENGINE=MyISAM DEFAULT CHARSET=utf8;

-- ----------------------------
--  Table structure for `product`
-- ----------------------------
DROP TABLE IF EXISTS `product`;
CREATE TABLE `product` (
  `product_id` int(11) NOT NULL AUTO_INCREMENT,
  `address_id` int(11) NOT NULL,
  `stock_status_id` int(11) NOT NULL,
  `freight_template_id` int(11) NOT NULL,
  `image` varchar(255) NOT NULL,
  `manufacturer_id` int(11) NOT NULL,
  `shipping` tinyint(1) NOT NULL DEFAULT '1',
  `price` decimal(15,4) NOT NULL DEFAULT '0.0000',
  `points` int(8) NOT NULL DEFAULT '0',
  `user_points` int(11) NOT NULL,
  `tax_class_id` int(11) NOT NULL,
  `weight` decimal(15,8) NOT NULL DEFAULT '0.00000000',
  `weight_class_id` int(11) NOT NULL DEFAULT '0',
  `length` decimal(15,8) NOT NULL DEFAULT '0.00000000',
  `width` decimal(15,8) NOT NULL DEFAULT '0.00000000',
  `height` decimal(15,8) NOT NULL DEFAULT '0.00000000',
  `length_class_id` int(11) NOT NULL DEFAULT '0',
  `subtract` tinyint(1) NOT NULL DEFAULT '1',
  `maximum` int(3) NOT NULL,
  `commission_rate` int(11) NOT NULL DEFAULT '1',
  `store_id` int(11) NOT NULL DEFAULT '0',
  `sort_order` int(11) NOT NULL DEFAULT '0',
  `seo_order` float(11,4) NOT NULL DEFAULT '0.0000',
  `status` tinyint(1) NOT NULL DEFAULT '0' COMMENT '上下架',
  `viewed` int(11) NOT NULL DEFAULT '0',
  `quantity` int(11) NOT NULL,
  `invalid` tinyint(1) NOT NULL DEFAULT '0' COMMENT '永久屏蔽',
  `date_added` datetime NOT NULL,
  `date_modified` datetime NOT NULL,
  `date_invalid` datetime NOT NULL,
  PRIMARY KEY (`product_id`)
) ENGINE=MyISAM AUTO_INCREMENT=77 DEFAULT CHARSET=utf8;

-- ----------------------------
--  Table structure for `product_aftermarket`
-- ----------------------------
DROP TABLE IF EXISTS `product_aftermarket`;
CREATE TABLE `product_aftermarket` (
  `product_id` int(11) NOT NULL,
  `aftermarket_id` int(11) NOT NULL,
  PRIMARY KEY (`product_id`,`aftermarket_id`)
) ENGINE=MyISAM DEFAULT CHARSET=utf8;

-- ----------------------------
--  Table structure for `product_attribute`
-- ----------------------------
DROP TABLE IF EXISTS `product_attribute`;
CREATE TABLE `product_attribute` (
  `product_id` int(11) NOT NULL,
  `language_id` int(11) NOT NULL,
  `attribute_id` int(11) NOT NULL,
  `text` text NOT NULL,
  `image` varchar(128) NOT NULL
) ENGINE=MyISAM DEFAULT CHARSET=utf8;

-- ----------------------------
--  Table structure for `product_barcode`
-- ----------------------------
DROP TABLE IF EXISTS `product_barcode`;
CREATE TABLE `product_barcode` (
  `product_id` int(11) NOT NULL,
  `barcode_id` int(11) NOT NULL,
  `value` varchar(45) NOT NULL,
  PRIMARY KEY (`product_id`,`barcode_id`)
) ENGINE=MyISAM DEFAULT CHARSET=utf8;

-- ----------------------------
--  Table structure for `product_description`
-- ----------------------------
DROP TABLE IF EXISTS `product_description`;
CREATE TABLE `product_description` (
  `product_id` int(11) NOT NULL,
  `language_id` int(11) NOT NULL,
  `name` varchar(255) NOT NULL,
  `description` text NOT NULL,
  `tag` text NOT NULL,
  `meta_title` varchar(255) NOT NULL,
  `meta_description` varchar(255) NOT NULL,
  `meta_keyword` varchar(255) NOT NULL,
  PRIMARY KEY (`product_id`,`language_id`),
  KEY `name` (`name`)
) ENGINE=MyISAM DEFAULT CHARSET=utf8;

-- ----------------------------
--  Table structure for `product_discount`
-- ----------------------------
DROP TABLE IF EXISTS `product_discount`;
CREATE TABLE `product_discount` (
  `product_discount_id` int(11) NOT NULL AUTO_INCREMENT,
  `product_id` int(11) NOT NULL,
  `user_class_id` int(11) NOT NULL,
  `quantity` int(4) NOT NULL DEFAULT '0',
  `value` decimal(15,4) NOT NULL DEFAULT '0.0000',
  `date_start` datetime NOT NULL,
  `date_end` datetime NOT NULL,
  PRIMARY KEY (`product_discount_id`),
  KEY `product_id` (`product_id`)
) ENGINE=MyISAM AUTO_INCREMENT=1582 DEFAULT CHARSET=utf8;

-- ----------------------------
--  Table structure for `product_download`
-- ----------------------------
DROP TABLE IF EXISTS `product_download`;
CREATE TABLE `product_download` (
  `product_id` int(11) NOT NULL,
  `download_id` int(11) NOT NULL,
  `filename` varchar(128) NOT NULL,
  `mask` varchar(128) NOT NULL,
  `description` varchar(128) NOT NULL,
  `sort_order` int(3) NOT NULL,
  `date_added` datetime NOT NULL,
  PRIMARY KEY (`product_id`,`download_id`)
) ENGINE=MyISAM DEFAULT CHARSET=utf8;

-- ----------------------------
--  Table structure for `product_image`
-- ----------------------------
DROP TABLE IF EXISTS `product_image`;
CREATE TABLE `product_image` (
  `product_image_id` int(11) NOT NULL AUTO_INCREMENT,
  `product_id` int(11) NOT NULL,
  `image` varchar(255) DEFAULT NULL,
  `sort_order` int(3) NOT NULL DEFAULT '0',
  PRIMARY KEY (`product_image_id`),
  KEY `product_id` (`product_id`)
) ENGINE=MyISAM AUTO_INCREMENT=5658 DEFAULT CHARSET=utf8;

-- ----------------------------
--  Table structure for `product_option_value`
-- ----------------------------
DROP TABLE IF EXISTS `product_option_value`;
CREATE TABLE `product_option_value` (
  `product_option_value_id` int(11) NOT NULL AUTO_INCREMENT,
  `product_id` int(11) NOT NULL,
  `option_group_id` text NOT NULL,
  `option_id` text NOT NULL,
  `quantity` int(3) NOT NULL,
  `price` decimal(15,4) NOT NULL,
  `points` int(8) NOT NULL,
  PRIMARY KEY (`product_option_value_id`)
) ENGINE=MyISAM AUTO_INCREMENT=435 DEFAULT CHARSET=utf8;

-- ----------------------------
--  Table structure for `product_option_value_image`
-- ----------------------------
DROP TABLE IF EXISTS `product_option_value_image`;
CREATE TABLE `product_option_value_image` (
  `image_id` int(11) NOT NULL AUTO_INCREMENT,
  `product_id` int(11) NOT NULL,
  `option_id` text NOT NULL,
  `option_id_first` int(11) NOT NULL,
  `image` varchar(255) NOT NULL,
  PRIMARY KEY (`image_id`)
) ENGINE=MyISAM AUTO_INCREMENT=73 DEFAULT CHARSET=utf8;

-- ----------------------------
--  Table structure for `product_review`
-- ----------------------------
DROP TABLE IF EXISTS `product_review`;
CREATE TABLE `product_review` (
  `review_id` int(11) NOT NULL AUTO_INCREMENT,
  `product_id` int(11) NOT NULL,
  `user_id` int(11) NOT NULL,
  `author` varchar(64) NOT NULL,
  `text` text NOT NULL,
  `rating` int(1) NOT NULL,
  `status` tinyint(1) NOT NULL DEFAULT '0',
  `date_added` datetime NOT NULL,
  `date_modified` datetime NOT NULL,
  PRIMARY KEY (`review_id`),
  KEY `product_id` (`product_id`)
) ENGINE=MyISAM AUTO_INCREMENT=2 DEFAULT CHARSET=utf8;

-- ----------------------------
--  Table structure for `product_special`
-- ----------------------------
DROP TABLE IF EXISTS `product_special`;
CREATE TABLE `product_special` (
  `product_special_id` int(11) NOT NULL AUTO_INCREMENT,
  `product_id` int(11) NOT NULL,
  `user_class_id` int(11) NOT NULL,
  `quantity` int(11) NOT NULL,
  `price` decimal(15,4) NOT NULL DEFAULT '0.0000',
  `date_start` datetime NOT NULL,
  `date_end` datetime NOT NULL,
  PRIMARY KEY (`product_special_id`),
  KEY `product_id` (`product_id`)
) ENGINE=MyISAM AUTO_INCREMENT=1111 DEFAULT CHARSET=utf8;

-- ----------------------------
--  Table structure for `product_to_category`
-- ----------------------------
DROP TABLE IF EXISTS `product_to_category`;
CREATE TABLE `product_to_category` (
  `product_id` int(11) NOT NULL,
  `category_id` int(11) NOT NULL,
  `parent_id` int(11) NOT NULL,
  `child_id` int(11) NOT NULL,
  `store_id` int(11) NOT NULL,
  `date_added` datetime NOT NULL,
  PRIMARY KEY (`product_id`,`category_id`),
  KEY `category_id` (`category_id`)
) ENGINE=MyISAM DEFAULT CHARSET=utf8;

-- ----------------------------
--  Table structure for `product_to_layout`
-- ----------------------------
DROP TABLE IF EXISTS `product_to_layout`;
CREATE TABLE `product_to_layout` (
  `product_id` int(11) NOT NULL,
  `store_id` int(11) NOT NULL,
  `layout_id` int(11) NOT NULL,
  PRIMARY KEY (`product_id`,`store_id`)
) ENGINE=MyISAM DEFAULT CHARSET=utf8;

-- ----------------------------
--  Table structure for `return`
-- ----------------------------
DROP TABLE IF EXISTS `return`;
CREATE TABLE `return` (
  `return_id` int(11) NOT NULL AUTO_INCREMENT,
  `order_id` int(11) NOT NULL,
  `product_id` int(11) NOT NULL,
  `customer_id` int(11) NOT NULL,
  `firstname` varchar(32) NOT NULL,
  `lastname` varchar(32) NOT NULL,
  `email` varchar(96) NOT NULL,
  `telephone` varchar(32) NOT NULL,
  `product` varchar(255) NOT NULL,
  `model` varchar(64) NOT NULL,
  `quantity` int(4) NOT NULL,
  `opened` tinyint(1) NOT NULL,
  `return_reason_id` int(11) NOT NULL,
  `return_action_id` int(11) NOT NULL,
  `return_status_id` int(11) NOT NULL,
  `comment` text,
  `date_ordered` datetime NOT NULL,
  `date_added` datetime NOT NULL,
  `date_modified` datetime NOT NULL,
  PRIMARY KEY (`return_id`)
) ENGINE=MyISAM DEFAULT CHARSET=utf8;

-- ----------------------------
--  Table structure for `return_action`
-- ----------------------------
DROP TABLE IF EXISTS `return_action`;
CREATE TABLE `return_action` (
  `return_action_id` int(11) NOT NULL AUTO_INCREMENT,
  `sort_order` int(3) NOT NULL,
  PRIMARY KEY (`return_action_id`)
) ENGINE=MyISAM AUTO_INCREMENT=5 DEFAULT CHARSET=utf8;

-- ----------------------------
--  Table structure for `return_action_description`
-- ----------------------------
DROP TABLE IF EXISTS `return_action_description`;
CREATE TABLE `return_action_description` (
  `return_action_id` int(11) NOT NULL,
  `language_id` int(11) NOT NULL DEFAULT '0',
  `name` varchar(64) NOT NULL,
  PRIMARY KEY (`return_action_id`,`language_id`)
) ENGINE=MyISAM DEFAULT CHARSET=utf8;

-- ----------------------------
--  Table structure for `return_history`
-- ----------------------------
DROP TABLE IF EXISTS `return_history`;
CREATE TABLE `return_history` (
  `return_history_id` int(11) NOT NULL AUTO_INCREMENT,
  `return_id` int(11) NOT NULL,
  `return_status_id` int(11) NOT NULL,
  `notify` tinyint(1) NOT NULL,
  `comment` text NOT NULL,
  `date_added` datetime NOT NULL,
  PRIMARY KEY (`return_history_id`)
) ENGINE=MyISAM DEFAULT CHARSET=utf8;

-- ----------------------------
--  Table structure for `return_reason`
-- ----------------------------
DROP TABLE IF EXISTS `return_reason`;
CREATE TABLE `return_reason` (
  `return_reason_id` int(11) NOT NULL AUTO_INCREMENT,
  `sort_order` int(3) NOT NULL,
  PRIMARY KEY (`return_reason_id`)
) ENGINE=MyISAM AUTO_INCREMENT=7 DEFAULT CHARSET=utf8;

-- ----------------------------
--  Table structure for `return_reason_description`
-- ----------------------------
DROP TABLE IF EXISTS `return_reason_description`;
CREATE TABLE `return_reason_description` (
  `return_reason_id` int(11) NOT NULL,
  `language_id` int(11) NOT NULL DEFAULT '0',
  `name` varchar(128) NOT NULL,
  PRIMARY KEY (`return_reason_id`,`language_id`)
) ENGINE=MyISAM DEFAULT CHARSET=utf8;

-- ----------------------------
--  Table structure for `return_status`
-- ----------------------------
DROP TABLE IF EXISTS `return_status`;
CREATE TABLE `return_status` (
  `return_status_id` int(11) NOT NULL AUTO_INCREMENT,
  `sort_order` int(3) NOT NULL,
  PRIMARY KEY (`return_status_id`)
) ENGINE=MyISAM AUTO_INCREMENT=4 DEFAULT CHARSET=utf8;

-- ----------------------------
--  Table structure for `return_status_description`
-- ----------------------------
DROP TABLE IF EXISTS `return_status_description`;
CREATE TABLE `return_status_description` (
  `return_status_id` int(11) NOT NULL,
  `language_id` int(11) NOT NULL DEFAULT '0',
  `name` varchar(32) NOT NULL,
  PRIMARY KEY (`return_status_id`,`language_id`)
) ENGINE=MyISAM DEFAULT CHARSET=utf8;

-- ----------------------------
--  Table structure for `sale_class`
-- ----------------------------
DROP TABLE IF EXISTS `sale_class`;
CREATE TABLE `sale_class` (
  `sale_class_id` int(11) NOT NULL AUTO_INCREMENT,
  `level` int(11) NOT NULL,
  `sort_order` int(3) NOT NULL,
  PRIMARY KEY (`sale_class_id`)
) ENGINE=MyISAM AUTO_INCREMENT=3 DEFAULT CHARSET=utf8;

-- ----------------------------
--  Table structure for `sale_class_description`
-- ----------------------------
DROP TABLE IF EXISTS `sale_class_description`;
CREATE TABLE `sale_class_description` (
  `sale_class_id` int(11) NOT NULL,
  `language_id` int(11) unsigned NOT NULL,
  `name` varchar(32) NOT NULL,
  `description` text NOT NULL,
  PRIMARY KEY (`sale_class_id`,`language_id`)
) ENGINE=MyISAM DEFAULT CHARSET=utf8;

-- ----------------------------
--  Table structure for `setting`
-- ----------------------------
DROP TABLE IF EXISTS `setting`;
CREATE TABLE `setting` (
  `setting_id` int(11) NOT NULL AUTO_INCREMENT,
  `store_id` int(11) NOT NULL DEFAULT '0',
  `code` varchar(32) NOT NULL,
  `key` varchar(64) NOT NULL,
  `value` text NOT NULL,
  `serialized` tinyint(1) NOT NULL,
  PRIMARY KEY (`setting_id`)
) ENGINE=MyISAM AUTO_INCREMENT=92 DEFAULT CHARSET=utf8;

-- ----------------------------
--  Table structure for `stock_status`
-- ----------------------------
DROP TABLE IF EXISTS `stock_status`;
CREATE TABLE `stock_status` (
  `stock_status_id` int(11) NOT NULL AUTO_INCREMENT,
  `sort_order` int(3) NOT NULL,
  PRIMARY KEY (`stock_status_id`)
) ENGINE=MyISAM AUTO_INCREMENT=10 DEFAULT CHARSET=utf8;

-- ----------------------------
--  Table structure for `stock_status_description`
-- ----------------------------
DROP TABLE IF EXISTS `stock_status_description`;
CREATE TABLE `stock_status_description` (
  `stock_status_id` int(11) NOT NULL,
  `language_id` int(11) NOT NULL,
  `name` varchar(32) NOT NULL,
  PRIMARY KEY (`stock_status_id`,`language_id`)
) ENGINE=MyISAM DEFAULT CHARSET=utf8;

-- ----------------------------
--  Table structure for `store`
-- ----------------------------
DROP TABLE IF EXISTS `store`;
CREATE TABLE `store` (
  `store_id` int(11) NOT NULL AUTO_INCREMENT,
  `url` varchar(255) NOT NULL,
  `ratings` float(11,4) NOT NULL,
  `quality` float(11,4) NOT NULL,
  `attitude` float(11,4) NOT NULL,
  `store_address_id` int(11) NOT NULL,
  `store_status` tinyint(1) NOT NULL,
  `date_added` datetime NOT NULL,
  `date_invalid` datetime NOT NULL COMMENT '屏蔽时限',
  `check` tinyint(1) NOT NULL,
  PRIMARY KEY (`store_id`)
) ENGINE=MyISAM AUTO_INCREMENT=16 DEFAULT CHARSET=utf8;

-- ----------------------------
--  Table structure for `store_description`
-- ----------------------------
DROP TABLE IF EXISTS `store_description`;
CREATE TABLE `store_description` (
  `store_id` int(11) NOT NULL AUTO_INCREMENT,
  `language_id` int(11) NOT NULL,
  `store_name` varchar(64) NOT NULL,
  `description` varchar(128) NOT NULL,
  `logo` varchar(255) NOT NULL,
  PRIMARY KEY (`store_id`,`language_id`)
) ENGINE=MyISAM AUTO_INCREMENT=16 DEFAULT CHARSET=utf8;

-- ----------------------------
--  Table structure for `store_qualifications`
-- ----------------------------
DROP TABLE IF EXISTS `store_qualifications`;
CREATE TABLE `store_qualifications` (
  `store_qualifications_id` int(11) NOT NULL AUTO_INCREMENT,
  `store_id` int(11) NOT NULL,
  `type` varchar(32) NOT NULL,
  `key` varchar(32) NOT NULL,
  `value` varchar(255) NOT NULL,
  `date_added` datetime NOT NULL,
  `date_modified` datetime NOT NULL,
  PRIMARY KEY (`store_qualifications_id`,`store_id`)
) ENGINE=MyISAM AUTO_INCREMENT=2 DEFAULT CHARSET=utf8;

-- ----------------------------
--  Table structure for `tax_class`
-- ----------------------------
DROP TABLE IF EXISTS `tax_class`;
CREATE TABLE `tax_class` (
  `tax_class_id` int(11) NOT NULL AUTO_INCREMENT,
  `date_added` datetime NOT NULL,
  `date_modified` datetime NOT NULL,
  PRIMARY KEY (`tax_class_id`)
) ENGINE=MyISAM AUTO_INCREMENT=4 DEFAULT CHARSET=utf8;

-- ----------------------------
--  Table structure for `tax_class_description`
-- ----------------------------
DROP TABLE IF EXISTS `tax_class_description`;
CREATE TABLE `tax_class_description` (
  `tax_class_id` int(11) NOT NULL,
  `language_id` int(11) NOT NULL,
  `title` varchar(32) NOT NULL,
  `description` varchar(255) NOT NULL,
  PRIMARY KEY (`tax_class_id`,`language_id`)
) ENGINE=MyISAM DEFAULT CHARSET=utf8;

-- ----------------------------
--  Table structure for `tax_rate`
-- ----------------------------
DROP TABLE IF EXISTS `tax_rate`;
CREATE TABLE `tax_rate` (
  `tax_rate_id` int(11) NOT NULL AUTO_INCREMENT,
  `geo_zone_id` int(11) NOT NULL DEFAULT '0',
  `rate` decimal(15,4) NOT NULL DEFAULT '0.0000',
  `type` char(1) NOT NULL,
  `date_added` datetime NOT NULL,
  `date_modified` datetime NOT NULL,
  PRIMARY KEY (`tax_rate_id`)
) ENGINE=MyISAM AUTO_INCREMENT=3 DEFAULT CHARSET=utf8;

-- ----------------------------
--  Table structure for `tax_rate_description`
-- ----------------------------
DROP TABLE IF EXISTS `tax_rate_description`;
CREATE TABLE `tax_rate_description` (
  `tax_rate_id` int(11) NOT NULL AUTO_INCREMENT,
  `language_id` int(11) NOT NULL,
  `name` varchar(32) NOT NULL,
  PRIMARY KEY (`tax_rate_id`,`language_id`)
) ENGINE=MyISAM AUTO_INCREMENT=3 DEFAULT CHARSET=utf8;

-- ----------------------------
--  Table structure for `tax_rate_to_user_class`
-- ----------------------------
DROP TABLE IF EXISTS `tax_rate_to_user_class`;
CREATE TABLE `tax_rate_to_user_class` (
  `tax_rate_id` int(11) NOT NULL,
  `user_class_id` int(11) NOT NULL,
  PRIMARY KEY (`tax_rate_id`,`user_class_id`)
) ENGINE=MyISAM DEFAULT CHARSET=utf8;

-- ----------------------------
--  Table structure for `tax_rule`
-- ----------------------------
DROP TABLE IF EXISTS `tax_rule`;
CREATE TABLE `tax_rule` (
  `tax_rule_id` int(11) NOT NULL AUTO_INCREMENT,
  `tax_class_id` int(11) NOT NULL,
  `tax_rate_id` int(11) NOT NULL,
  `based` varchar(10) NOT NULL,
  `priority` int(5) NOT NULL DEFAULT '1',
  PRIMARY KEY (`tax_rule_id`,`tax_class_id`,`tax_rate_id`)
) ENGINE=MyISAM AUTO_INCREMENT=6 DEFAULT CHARSET=utf8;

-- ----------------------------
--  Table structure for `user`
-- ----------------------------
DROP TABLE IF EXISTS `user`;
CREATE TABLE `user` (
  `user_id` int(11) NOT NULL AUTO_INCREMENT,
  `user_group_id` int(11) NOT NULL,
  `user_class_id` int(11) NOT NULL,
  `sale_class_id` int(11) NOT NULL,
  `store_id` int(11) NOT NULL DEFAULT '0',
  `firstname` varchar(32) NOT NULL,
  `lastname` varchar(32) NOT NULL,
  `nickname` varchar(28) NOT NULL,
  `gender` varchar(28) NOT NULL,
  `email` varchar(96) NOT NULL,
  `telephone` varchar(32) NOT NULL,
  `password` varchar(40) NOT NULL,
  `image` varchar(255) NOT NULL,
  `description` varchar(255) NOT NULL,
  `newsletter` tinyint(1) NOT NULL DEFAULT '0',
  `address_id` int(11) NOT NULL DEFAULT '0',
  `user_field` text NOT NULL,
  `ip` varchar(40) NOT NULL,
  `status` tinyint(1) NOT NULL,
  `approved` tinyint(1) NOT NULL,
  `safe` tinyint(1) NOT NULL,
  `token` text NOT NULL,
  `date_added` datetime NOT NULL,
  PRIMARY KEY (`user_id`)
) ENGINE=MyISAM AUTO_INCREMENT=29 DEFAULT CHARSET=utf8;

-- ----------------------------
--  Table structure for `user_activity`
-- ----------------------------
DROP TABLE IF EXISTS `user_activity`;
CREATE TABLE `user_activity` (
  `activity_id` int(11) NOT NULL AUTO_INCREMENT,
  `user_id` int(11) NOT NULL,
  `key` varchar(64) NOT NULL,
  `data` text NOT NULL,
  `ip` varchar(40) NOT NULL,
  `date_added` datetime NOT NULL,
  PRIMARY KEY (`activity_id`)
) ENGINE=MyISAM AUTO_INCREMENT=32 DEFAULT CHARSET=utf8;

-- ----------------------------
--  Table structure for `user_balances`
-- ----------------------------
DROP TABLE IF EXISTS `user_balances`;
CREATE TABLE `user_balances` (
  `id` int(11) NOT NULL AUTO_INCREMENT,
  `user_id` int(11) NOT NULL,
  `balances` decimal(15,4) NOT NULL DEFAULT '0.0000' COMMENT '结余',
  `pay_password` varchar(128) NOT NULL COMMENT '支付密码',
  PRIMARY KEY (`id`,`user_id`)
) ENGINE=MyISAM AUTO_INCREMENT=3 DEFAULT CHARSET=utf8;

-- ----------------------------
--  Table structure for `user_balances_activity`
-- ----------------------------
DROP TABLE IF EXISTS `user_balances_activity`;
CREATE TABLE `user_balances_activity` (
  `id` int(11) NOT NULL AUTO_INCREMENT,
  `balances_id` int(11) NOT NULL,
  `operators` varchar(1) NOT NULL,
  `money` decimal(15,4) NOT NULL DEFAULT '0.0000',
  `balances` decimal(15,4) NOT NULL,
  `content` text NOT NULL,
  `ip` varchar(28) NOT NULL,
  `agent` text NOT NULL,
  `date_added` datetime NOT NULL,
  PRIMARY KEY (`id`)
) ENGINE=MyISAM AUTO_INCREMENT=79 DEFAULT CHARSET=utf8;

-- ----------------------------
--  Table structure for `user_balances_log`
-- ----------------------------
DROP TABLE IF EXISTS `user_balances_log`;
CREATE TABLE `user_balances_log` (
  `id` int(11) NOT NULL AUTO_INCREMENT,
  `user_id` int(11) NOT NULL,
  `ip` varchar(28) NOT NULL,
  `agent` text NOT NULL,
  `date_limit` date NOT NULL,
  `date_added` datetime NOT NULL,
  PRIMARY KEY (`id`)
) ENGINE=MyISAM AUTO_INCREMENT=11 DEFAULT CHARSET=utf8;

-- ----------------------------
--  Table structure for `user_ban_ip`
-- ----------------------------
DROP TABLE IF EXISTS `user_ban_ip`;
CREATE TABLE `user_ban_ip` (
  `customer_ban_ip_id` int(11) NOT NULL AUTO_INCREMENT,
  `ip` varchar(40) NOT NULL,
  PRIMARY KEY (`customer_ban_ip_id`,`ip`),
  UNIQUE KEY `ip_2` (`ip`),
  KEY `ip` (`ip`)
) ENGINE=MyISAM AUTO_INCREMENT=253 DEFAULT CHARSET=utf8;

-- ----------------------------
--  Table structure for `user_cart`
-- ----------------------------
DROP TABLE IF EXISTS `user_cart`;
CREATE TABLE `user_cart` (
  `rowid` varchar(128) NOT NULL,
  `user_id` int(11) NOT NULL,
  `id` varchar(128) NOT NULL,
  `qty` int(11) NOT NULL,
  `price` float(15,3) NOT NULL,
  `name` varchar(128) NOT NULL,
  `options` varchar(128) NOT NULL,
  `points` int(11) NOT NULL,
  `preferential_type` varchar(25) NOT NULL,
  `preferential_value` float(15,3) NOT NULL,
  PRIMARY KEY (`rowid`,`id`)
) ENGINE=MyISAM DEFAULT CHARSET=utf8;

-- ----------------------------
--  Table structure for `user_class`
-- ----------------------------
DROP TABLE IF EXISTS `user_class`;
CREATE TABLE `user_class` (
  `user_class_id` int(11) NOT NULL AUTO_INCREMENT,
  `level` int(11) NOT NULL,
  `sort_order` int(3) NOT NULL,
  PRIMARY KEY (`user_class_id`)
) ENGINE=MyISAM AUTO_INCREMENT=4 DEFAULT CHARSET=utf8;

-- ----------------------------
--  Table structure for `user_class_description`
-- ----------------------------
DROP TABLE IF EXISTS `user_class_description`;
CREATE TABLE `user_class_description` (
  `user_class_id` int(11) NOT NULL,
  `language_id` int(11) unsigned NOT NULL,
  `name` varchar(32) NOT NULL,
  `description` text NOT NULL,
  PRIMARY KEY (`user_class_id`,`language_id`)
) ENGINE=MyISAM DEFAULT CHARSET=utf8;

-- ----------------------------
--  Table structure for `user_competence`
-- ----------------------------
DROP TABLE IF EXISTS `user_competence`;
CREATE TABLE `user_competence` (
  `user_id` int(11) NOT NULL,
  `key` varchar(64) NOT NULL,
  `value` text NOT NULL
) ENGINE=MyISAM DEFAULT CHARSET=utf8;

-- ----------------------------
--  Table structure for `user_coupon`
-- ----------------------------
DROP TABLE IF EXISTS `user_coupon`;
CREATE TABLE `user_coupon` (
  `coupon_id` int(11) NOT NULL,
  `user_id` int(11) NOT NULL,
  `value` float(8,8) NOT NULL,
  `condition` int(8) NOT NULL,
  `store_id` int(11) NOT NULL,
  `status` tinyint(1) NOT NULL,
  `date_added` datetime NOT NULL,
  `date_expired` datetime NOT NULL,
  PRIMARY KEY (`coupon_id`)
) ENGINE=MyISAM DEFAULT CHARSET=utf8;

-- ----------------------------
--  Table structure for `user_forget`
-- ----------------------------
DROP TABLE IF EXISTS `user_forget`;
CREATE TABLE `user_forget` (
  `forget_id` int(11) NOT NULL AUTO_INCREMENT,
  `class` varchar(25) NOT NULL,
  `email` varchar(128) NOT NULL,
  `check` varchar(128) NOT NULL,
  `date_added` datetime NOT NULL,
  PRIMARY KEY (`forget_id`)
) ENGINE=MyISAM AUTO_INCREMENT=56 DEFAULT CHARSET=utf8;

-- ----------------------------
--  Table structure for `user_group`
-- ----------------------------
DROP TABLE IF EXISTS `user_group`;
CREATE TABLE `user_group` (
  `user_group_id` int(11) NOT NULL AUTO_INCREMENT,
  `approval` int(1) NOT NULL,
  `sort_order` int(3) NOT NULL,
  `permission` text NOT NULL,
  PRIMARY KEY (`user_group_id`)
) ENGINE=MyISAM AUTO_INCREMENT=3 DEFAULT CHARSET=utf8;

-- ----------------------------
--  Table structure for `user_group_description`
-- ----------------------------
DROP TABLE IF EXISTS `user_group_description`;
CREATE TABLE `user_group_description` (
  `user_group_id` int(11) NOT NULL,
  `language_id` int(11) unsigned NOT NULL,
  `name` varchar(32) NOT NULL,
  `description` text NOT NULL,
  PRIMARY KEY (`user_group_id`,`language_id`)
) ENGINE=MyISAM DEFAULT CHARSET=utf8;

-- ----------------------------
--  Table structure for `user_history`
-- ----------------------------
DROP TABLE IF EXISTS `user_history`;
CREATE TABLE `user_history` (
  `user_history_id` int(11) NOT NULL AUTO_INCREMENT,
  `user_id` int(11) NOT NULL,
  `comment` text NOT NULL,
  `date_added` datetime NOT NULL,
  PRIMARY KEY (`user_history_id`)
) ENGINE=MyISAM AUTO_INCREMENT=50 DEFAULT CHARSET=utf8;

-- ----------------------------
--  Table structure for `user_login`
-- ----------------------------
DROP TABLE IF EXISTS `user_login`;
CREATE TABLE `user_login` (
  `user_login_id` int(11) NOT NULL AUTO_INCREMENT,
  `email` varchar(96) NOT NULL,
  `ip` varchar(40) NOT NULL,
  `total` int(4) NOT NULL,
  `date_added` datetime NOT NULL,
  `date_modified` datetime NOT NULL,
  PRIMARY KEY (`user_login_id`),
  KEY `email` (`email`),
  KEY `ip` (`ip`)
) ENGINE=MyISAM AUTO_INCREMENT=42 DEFAULT CHARSET=utf8;

-- ----------------------------
--  Table structure for `user_online`
-- ----------------------------
DROP TABLE IF EXISTS `user_online`;
CREATE TABLE `user_online` (
  `ip` varchar(40) NOT NULL,
  `user_id` int(11) NOT NULL,
  `token` varchar(128) NOT NULL,
  `url` text NOT NULL,
  `referer` text NOT NULL,
  `date_added` datetime NOT NULL,
  PRIMARY KEY (`token`)
) ENGINE=MyISAM DEFAULT CHARSET=utf8;

-- ----------------------------
--  Table structure for `user_reward`
-- ----------------------------
DROP TABLE IF EXISTS `user_reward`;
CREATE TABLE `user_reward` (
  `user_reward_id` int(11) NOT NULL AUTO_INCREMENT,
  `user_id` int(11) NOT NULL DEFAULT '0',
  `order_id` int(11) NOT NULL DEFAULT '0',
  `description` text NOT NULL,
  `points` int(8) NOT NULL DEFAULT '0',
  `date_added` datetime NOT NULL,
  PRIMARY KEY (`user_reward_id`)
) ENGINE=MyISAM AUTO_INCREMENT=22 DEFAULT CHARSET=utf8;

-- ----------------------------
--  Table structure for `user_sign_in_with`
-- ----------------------------
DROP TABLE IF EXISTS `user_sign_in_with`;
CREATE TABLE `user_sign_in_with` (
  `id` int(11) NOT NULL AUTO_INCREMENT,
  `user_id` int(11) NOT NULL,
  `via` varchar(128) NOT NULL,
  `uid` varchar(128) NOT NULL,
  `location` varchar(255) NOT NULL,
  PRIMARY KEY (`id`)
) ENGINE=MyISAM AUTO_INCREMENT=5 DEFAULT CHARSET=utf8;

-- ----------------------------
--  Table structure for `user_transaction`
-- ----------------------------
DROP TABLE IF EXISTS `user_transaction`;
CREATE TABLE `user_transaction` (
  `user_transaction_id` int(11) NOT NULL AUTO_INCREMENT,
  `user_id` int(11) NOT NULL,
  `order_id` int(11) NOT NULL,
  `description` text NOT NULL,
  `amount` decimal(15,4) NOT NULL,
  `date_added` datetime NOT NULL,
  PRIMARY KEY (`user_transaction_id`)
) ENGINE=MyISAM AUTO_INCREMENT=48 DEFAULT CHARSET=utf8;

-- ----------------------------
--  Table structure for `user_wishlist`
-- ----------------------------
DROP TABLE IF EXISTS `user_wishlist`;
CREATE TABLE `user_wishlist` (
  `user_id` int(11) NOT NULL,
  `product_id` int(11) NOT NULL,
  `date_added` datetime NOT NULL,
  PRIMARY KEY (`user_id`,`product_id`)
) ENGINE=MyISAM DEFAULT CHARSET=utf8;

-- ----------------------------
--  Table structure for `weight_class`
-- ----------------------------
DROP TABLE IF EXISTS `weight_class`;
CREATE TABLE `weight_class` (
  `weight_class_id` int(11) NOT NULL AUTO_INCREMENT,
  `value` decimal(15,8) NOT NULL DEFAULT '0.00000000',
  PRIMARY KEY (`weight_class_id`)
) ENGINE=MyISAM AUTO_INCREMENT=7 DEFAULT CHARSET=utf8;

-- ----------------------------
--  Table structure for `weight_class_description`
-- ----------------------------
DROP TABLE IF EXISTS `weight_class_description`;
CREATE TABLE `weight_class_description` (
  `weight_class_id` int(11) NOT NULL AUTO_INCREMENT,
  `language_id` int(11) NOT NULL,
  `title` varchar(32) NOT NULL,
  `unit` varchar(4) NOT NULL,
  PRIMARY KEY (`weight_class_id`,`language_id`)
) ENGINE=MyISAM AUTO_INCREMENT=7 DEFAULT CHARSET=utf8;

-- ----------------------------
--  Table structure for `zone`
-- ----------------------------
DROP TABLE IF EXISTS `zone`;
CREATE TABLE `zone` (
  `zone_id` int(11) NOT NULL AUTO_INCREMENT,
  `country_id` int(11) NOT NULL,
  `code` varchar(128) NOT NULL,
  `status` tinyint(1) NOT NULL DEFAULT '1',
  PRIMARY KEY (`zone_id`)
) ENGINE=MyISAM AUTO_INCREMENT=4233 DEFAULT CHARSET=utf8;

-- ----------------------------
--  Table structure for `zone_description`
-- ----------------------------
DROP TABLE IF EXISTS `zone_description`;
CREATE TABLE `zone_description` (
  `zone_id` int(11) NOT NULL,
  `language_id` int(11) NOT NULL DEFAULT '1',
  `zone_name` varchar(128) NOT NULL,
  PRIMARY KEY (`zone_id`,`language_id`)
) ENGINE=MyISAM DEFAULT CHARSET=utf8;

-- ----------------------------
--  Table structure for `zone_to_geo_zone`
-- ----------------------------
DROP TABLE IF EXISTS `zone_to_geo_zone`;
CREATE TABLE `zone_to_geo_zone` (
  `zone_to_geo_zone_id` int(11) NOT NULL AUTO_INCREMENT,
  `country_id` int(11) NOT NULL,
  `zone_id` int(11) NOT NULL DEFAULT '0',
  `geo_zone_id` int(11) NOT NULL,
  `date_added` datetime NOT NULL,
  PRIMARY KEY (`zone_to_geo_zone_id`)
) ENGINE=MyISAM AUTO_INCREMENT=136 DEFAULT CHARSET=utf8;

-- ----------------------------
--  Records 
-- ----------------------------
INSERT INTO `address` VALUES ('5','1','智敏','代','klpppp','楚雄彝族自治州','650223','44','700'), ('10','1','uijjj','ooplk','90iiiujj','kljjh','123456789','14','200'), ('11','1','123456','1211','禄丰县中村乡小石桥村','楚雄彝族自治州','650223','44','684'), ('25','1','李天一','天一','125478963','1222土地','123456','5','122'), ('26','28','114','ddsss','sssddddd','sseedsscdg','1234567','1','1'), ('27','28','111445544','','111444555','1122555','1111111111','2','36');
INSERT INTO `aftermarket` VALUES ('3','0'), ('7','0'), ('5','0'), ('1','0');
INSERT INTO `aftermarket_description` VALUES ('7','1','终身维护'), ('3','1','30天免费换新'), ('5','1','1年保修'), ('1','1','七天无理由退换'), ('1','2','七天无理由退换'), ('3','2','30天免费换新'), ('5','2','1年保修'), ('7','2','终身维护');
INSERT INTO `api` VALUES ('1','IiILeK5NJ3sweXxZ7rTgilOv31uvQ7H79VJ8jrgLNM9ungxBGOMdzip6JLXm62nV','','','psJoZtUSfxsitVC6F5Y97UeWd0YGVyhSg3p4JFLPRF4Wg5haZnq7diDJwUkFEK0BKSt2sLAjGlIweBUmxTWsrfyTQRS1hCjofe6CzKtuzGdw5BcmTHT7uIKwbeWH4HyNsJYU8wSIichv48BZQT1zfBmXC4J7IypmPLtEbbqDtqegQkJzQW7ynZpzIql38IRs1kI9RO6oA99RnP9sK1B3kNzxBCJy5xzOijSOV2HCWsRna6stKkCXkArxVaxCRJez','1','2016-02-25 09:43:01','2016-02-25 09:43:01');
INSERT INTO `attribute` VALUES ('2','7','0'), ('3','7','0'), ('5','3','0'), ('6','3','3'), ('7','6','0'), ('8','6','0'), ('9','8','0'), ('10','8','0'), ('11','9','0'), ('12','9','0');
INSERT INTO `attribute_description` VALUES ('2','2','list1'), ('2','1','列表1'), ('3','1','列表2'), ('3','2','list2'), ('5','1','测试单选2'), ('5','2','ro 2'), ('6','2','测试单选3'), ('6','1','测试单选3'), ('7','1','测试多选1'), ('7','2','测试多选1'), ('8','2','测试多选2'), ('8','1','测试多选2'), ('9','1','测试文字1'), ('9','2','测试文字1'), ('10','1','测试文字2'), ('10','2','测试文字2'), ('11','1','测试图片1'), ('11','2','测试图片1'), ('12','1','测试图片2'), ('12','2','测试图片2');
INSERT INTO `attribute_group` VALUES ('3','radio','2'), ('7','select','12'), ('6','checkbox','4'), ('8','text','3'), ('9','image','0');
INSERT INTO `attribute_group_description` VALUES ('7','2','list test'), ('6','1','测试多选'), ('3','1','测试单选'), ('7','1','测试列表'), ('6','2','ch test'), ('3','2','test ro'), ('8','1','测试文字'), ('8','2','test text'), ('9','1','测试图片'), ('9','2','test image');
INSERT INTO `banner` VALUES ('6','首页002','1'), ('7','首页001','1'), ('8','Manufacturers','1'), ('10','jkiii','1'), ('11','1920200顶部','1'), ('12','450登陆用','1');
INSERT INTO `banner_image` VALUES ('132','6','index.php?route=product/manufacturer/info&manufacturer_id=7','/catalog//banner-home/20160526050556SN9F6g8bLh.jpeg','10'), ('111','8','','catalog/demo/manufacturer/starbucks.png','0'), ('110','8','','catalog/demo/manufacturer/disney.png','0'), ('109','8','','catalog/demo/manufacturer/dell.png','0'), ('108','8','','catalog/demo/manufacturer/harley.png','0'), ('107','8','','catalog/demo/manufacturer/canon.png','0'), ('106','8','','/catalog/1.jpg','0'), ('105','8','','catalog/demo/manufacturer/cocacola.png','0'), ('104','8','','catalog/demo/manufacturer/sony.png','0'), ('129','7','','/catalog//banner-home/20160526050500ROPqBzEjak.jpg','0'), ('103','8','','catalog/demo/manufacturer/redbull.png','0'), ('102','8','','catalog/demo/manufacturer/nfl.png','0'), ('112','8','','catalog/demo/manufacturer/nintendo.png','0'), ('131','6','','/catalog//banner-home/20160526050548gvh8mLnlAx.jpg','5'), ('121','10','','/catalog/201603240403422FXgZHrVCP.jpg','0'), ('130','7','','/catalog//banner-home/20160526050520iEYGHXQK7F.jpg','0'), ('128','7','index.php?route=product/product&path=57&product_id=49','/catalog//banner-home/20160526050509AUtb5cw8rT.jpg','0'), ('133','6','','/catalog//banner-home/201605260505051w6UYx5N9C.jpg','0'), ('134','11','','/catalog/banner-home/20160629050648KqH94lpjhb.jpg','0'), ('135','11','','/catalog/banner-home/20160629050604FlO6MTDJdx.jpg','0'), ('136','12','','/catalog/450x380login/201608230308321i35OjfcdG.jpg','0'), ('137','12','','/catalog/450x380login/20160823030841peZJBorysQ.jpg','0'), ('138','12','','/catalog/450x380login/20160823030851i4qbo3zjYN.jpg','0');
INSERT INTO `banner_image_description` VALUES ('132','2','6','HP Banner'), ('106','1','8','Burger King'), ('105','2','8',''), ('105','1','8','Coca Cola'), ('104','2','8',''), ('130','2','7',''), ('104','1','8','Sony'), ('103','2','8',''), ('103','1','8','RedBull'), ('102','2','8',''), ('102','1','8','NFL'), ('106','2','8',''), ('107','1','8','Canon'), ('107','2','8',''), ('108','1','8','Harley Davidson'), ('108','2','8',''), ('109','1','8','Dell'), ('109','2','8',''), ('110','1','8','Disney'), ('110','2','8',''), ('111','1','8','Starbucks'), ('111','2','8',''), ('112','1','8','Nintendo'), ('112','2','8',''), ('121','1','10','klooi'), ('132','1','6','惠普电脑'), ('131','2','6','pomkj'), ('131','1','6','jkkkk'), ('121','2','10','hhgyt'), ('129','2','7',''), ('130','1','7',''), ('129','1','7','MacBookAir'), ('128','2','7',''), ('128','1','7','iPhone 6'), ('133','1','6',''), ('133','2','6',''), ('134','1','11',''), ('134','2','11',''), ('135','1','11',''), ('135','2','11',''), ('136','1','12',''), ('136','2','12',''), ('137','1','12',''), ('137','2','12',''), ('138','1','12',''), ('138','2','12','');
INSERT INTO `barcode` VALUES ('1','0'), ('3','0'), ('4','0');
INSERT INTO `barcode_description` VALUES ('1','1','QS食品安全'), ('3','1','商场准入条码'), ('4','1','45888'), ('4','2','2213'), ('1','2','QS'), ('3','2','dfrd');
INSERT INTO `category` VALUES ('57','http://lv.com/image/cache/catalog//feileilt/20160526050536a3X4K0jNF5-pc-100x100.jpg','0','0','1','1','3','1','2011-04-26 08:53:16','2016-03-21 01:49:27'), ('66','/catalog//feileilt/20160408120439F3eTo0a1LZ.jpg','0','0','1','1','0','1','2016-03-21 00:22:46','2016-03-21 00:22:46'), ('65','','0','0','1','1','10','1','2016-03-20 23:21:07','2016-03-21 00:21:23'), ('67','public/resources/default/image/no_image.png','0','0','1','1','20','1','2016-03-21 00:24:01','2016-03-21 00:24:01'), ('68','/catalog/2.jpg','0','0','1','1','0','1','2016-03-21 00:25:23','2016-03-21 09:50:28'), ('69','/catalog/2.jpg','68','0','1','1','0','1','2016-03-21 00:27:03','2016-03-21 00:27:03'), ('70','public/resources/default/image/no_image.png','57','2','1','1','0','1','2016-03-21 01:09:55','2016-03-21 01:09:55'), ('71','image/cache/no_image/no_image-100-100-h.png','57','0','1','1','0','1','2016-03-21 01:11:46','2016-03-21 01:11:46'), ('72','public/resources/default/image/no_image.png','68','0','1','1','0','1','2016-03-21 09:55:32','2016-03-21 09:55:32'), ('73','image/cache/no_image/no_image-100-100-h.png','0','0','1','1','60','1','2016-03-25 21:44:30','2016-03-27 20:08:44'), ('74','public/resources/default/image/no_image.png','0','0','0','1','0','1','2016-03-27 20:13:03','2016-03-27 20:13:03'), ('75','public/resources/default/image/no_image.png','0','2','0','1','0','1','2016-03-27 20:28:27','2016-03-27 20:28:27'), ('76','image/cache/no_image/no_image-100-100-h.png','65','0','1','1','0','1','2016-03-30 08:55:40','2016-03-30 08:55:40'), ('77','/catalog//feileilt/20160408050425XGp3ndQ0Ja.jpg','66','0','1','1','0','1','2016-04-08 17:27:00','2016-04-08 17:27:00');
INSERT INTO `category_description` VALUES ('57','1','女装连衣裙','女装连衣裙','女装连衣裙','444444','112544125455'), ('65','1','服饰/服装','服饰/服装','服饰/服装','',''), ('65','2','Apparel / Clothing','Apparel / Clothing','Apparel / Clothing','',''), ('67','1','休闲零食','<p>休闲零食<br></p>','休闲零食','',''), ('67','2','Casual snacks','<p>Casual snacks<br></p>','Casual snacks','',''), ('68','1','家装/家饰','<div>1.简约/外观简单别致，没有花里花哨的修饰却也有别有一番情趣，给人简洁、清爽的视觉效果。 </div><div>2.简约的设计理念，细腻、精致的做工，这不仅是产品，更是时尚魅力诱惑的艺术品，相结 合带来唯美的生活享受。</div>','家装/家饰','',''), ('68','2','Home improvement / Furnishings','<div>1. Simple / simple chic appearance, no fancy flower in a modified but there is fun, friendly, clean, fresh and visual effects.</div><div>2. The design philosophy of simplicity, delicate, exquisite workmanship, not only products, but also the temptation of fashion charm of art, phase combination to bring aesthetic enjoyment of life.</div>','Home improvement / Furnishings','',''), ('69','1','实木家具','<p>实木家具<br></p>','实木家具','',''), ('69','2','Solid wood furniture','<p>Solid wood furniture<br></p>','Solid wood furniture','',''), ('70','1','相机','<p>相机<br></p>','相机','',''), ('70','2','camera','<p>camera<br></p>','camera','',''), ('72','1','真皮软坐','<p>真皮软坐<br></p>','真皮软坐','',''), ('72','2','Soft leather sitting','<p>Soft leather sitting<br></p>','Soft leather sitting','',''), ('73','2','五金工具','<p><br></p>','五金工具','',''), ('74','1','新的分类','<p><br></p>','分类','',''), ('74','2','新分类','<p><br></p>','新分类','',''), ('75','1','我的店铺分类','<p><br></p>','我的店铺分类','',''), ('75','2','我的店铺分类','<p><br></p>','我的店铺分类','',''), ('73','1','五金工具','<p><br></p>','五金工具','',''), ('76','2','Adult Products','<p><br></p>','Adult Products','',''), ('76','1','成人用品','<p><br></p>','成人用品','',''), ('77','2','Roasting means','<p>Roasting means for people to plant fruit after drying, baking, frying and other processing methods made spare time to eat a snack food category. Such as seeds, beans, peanuts, walnuts, chestnuts and beans, and dried fruit with a clean and private grain \"fried sand\" (search) as a medium frying directly or soaked before frying frying add a variety of seasonings. Roasting is generally rich in nutrients, eat on the human body has considerable benefits. Popular frying whole grains and a variety of dried fruits mix crushed herbs health board, Chaodou, roasted chestnuts and so on.<br></p>','Roasting means','',''), ('66','1','时鲜水果','<p xss=\"removed\">吃货们，你造吗，宁波市场上的水果来自世界各地，一位水果行业工作多年的帅锅说，“除了西藏等地处特别偏远的，宁波人把世界上的水果都吃遍了。”你知道香蕉最佳食用季么？那苹果呢？草莓呢？？傻傻分不清……（插一句，感觉农业太发达，很多水果一年四季都能买来吃）</p>','时鲜水果','',''), ('66','2','Seasonal fruit','<p>Food goods, have you made it, Ningbo fruit on the market from all over the world, a fruit industry for many years handsome pot, said, \"In addition to Tibet, is located in the special remote, Ningbo fruit eat around the world have.\" you know the best bananas eaten season it? The apples? Strawberries do? ? Innocently tell ...... (insert one, feeling too well-developed agriculture, a lot of fruit all year round to buy food)<br></p>','Seasonal fruit','',''), ('77','1','干果/炒货','<p><span xss=removed>炒货是指植物果实经过晾晒，烘干，油炸等加工方法制成的供人们闲暇时食用的一类休闲食品。如</span><a target=\"_blank\" href=\"http://baike.baidu.com/view/74900.htm\" xss=removed>瓜子</a><span xss=removed>、</span><a target=\"_blank\" href=\"http://baike.baidu.com/subview/38215/5066691.htm\" xss=removed>蚕豆</a><span xss=removed>、花生、核桃、</span><a target=\"_blank\" href=\"http://baike.baidu.com/subview/38355/9763561.htm\" xss=removed>栗子</a><span xss=removed>，豆类等，用干净的干果和专用颗粒“</span><a target=\"_blank\" href=\"http://baike.baidu.com/subview/7007189/7151625.htm\" xss=removed>炒砂</a><span xss=removed>”（搜）作介质直接炒制，或者在炒制前浸泡添加各种味料炒制。炒货一般含有丰富的营养，常吃对人体有相当的好处．目前流行炒制五谷杂粮和各种干果药材混合粉碎养生膳，炒豆，</span><a target=\"_blank\" href=\"http://baike.baidu.com/subview/778570/778570.htm\" xss=removed>糖炒板栗</a><span xss=removed>等。</span><br></p>','干果/炒货','',''), ('57','2','Women\'s Dresses','Women\'s Dresses','Women\'s Dresses','',''), ('71','2','Desktop PC','<p>Desktop PC<br></p>','Desktop PC','',''), ('71','1','台式电脑','<p>台式电脑<br></p>','台式电脑','','');
INSERT INTO `category_option` VALUES ('73','attribute','9','9.0'), ('73','attribute','8','8.0'), ('73','attribute','7','7.1'), ('73','attribute','6','6.1'), ('73','attribute','3','3.0'), ('73','option','6','6.0'), ('73','option','7','7.1'), ('73','option','8','8.0'), ('73','option','9','9.0'), ('73','manufacturer','1','1.0'), ('73','manufacturer','11','11.1'), ('73','manufacturer','12','12.0'), ('73','manufacturer','13','13.1'), ('73','barcode','1','1.0'), ('73','barcode','3','3.1'), ('73','stock_status','5','5.0'), ('73','stock_status','6','6.0'), ('73','aftermarket','1','1.0'), ('73','aftermarket','3','3.0'), ('73','aftermarket','5','5.0'), ('73','aftermarket','7','7.0'), ('73','tax_class','1','1.1'), ('73','tax_class','3','3.0'), ('73','download','1','1.0'), ('73','download','3','3.0'), ('71','option','7','7.0'), ('71','option','6','6.1');
INSERT INTO `competence` VALUES ('2','0','access','admin'), ('3','0','access','sale'), ('5','0','edit','readw'), ('6','0','edit','edit_price');
INSERT INTO `competence_description` VALUES ('2','2','access_admin','access_admin'), ('2','1','访问后台','访问后台'), ('3','1','访问卖家中心','访问卖家中心'), ('5','2','积分发放','积分发放'), ('5','1','积分发放','积分发放'), ('6','1','改价','改价'), ('6','2','改价','改价'), ('3','2','access_seal','access_seal');
INSERT INTO `country` VALUES ('1','AF','AFG','','1','1'), ('2','AL','ALB','','1','1'), ('3','DZ','DZA','','0','1'), ('4','AS','ASM','','0','1'), ('5','AD','AND','','0','1'), ('6','AO','AGO','','0','1'), ('7','AI','AIA','','0','1'), ('8','AQ','ATA','','0','1'), ('9','AG','ATG','','0','1'), ('10','AR','ARG','','0','1'), ('11','AM','ARM','','0','1'), ('12','AW','ABW','','0','1'), ('13','AU','AUS','','0','1'), ('14','AT','AUT','','0','1'), ('15','AZ','AZE','','0','1'), ('16','BS','BHS','','0','1'), ('17','BH','BHR','','0','1'), ('18','BD','BGD','','0','1'), ('19','BB','BRB','','0','1'), ('20','BY','BLR','','0','1'), ('21','BE','BEL','{firstname} {lastname}\r\n{company}\r\n{address_1}\r\n{address_2}\r\n{postcode} {city}\r\n{country}','0','1'), ('22','BZ','BLZ','','0','1'), ('23','BJ','BEN','','0','1'), ('24','BM','BMU','','0','1'), ('25','BT','BTN','','0','1'), ('26','BO','BOL','','0','1'), ('27','BA','BIH','','0','1'), ('28','BW','BWA','','0','1'), ('29','BV','BVT','','0','1'), ('30','BR','BRA','','0','1'), ('31','IO','IOT','','0','1'), ('32','BN','BRN','','0','1'), ('33','BG','BGR','','0','1'), ('34','BF','BFA','','0','1'), ('35','BI','BDI','','0','1'), ('36','KH','KHM','','0','1'), ('37','CM','CMR','','0','1'), ('38','CA','CAN','','0','1'), ('39','CV','CPV','','0','1'), ('40','KY','CYM','','0','1'), ('41','CF','CAF','','0','1'), ('42','TD','TCD','','0','1'), ('43','CL','CHL','','0','1'), ('44','CN','CN','{country}\r\n{zone}\r\n{city}\r\n{address}\r\n{postcode}\r\n{firstname}\r\n{lastname}','0','1'), ('45','CX','CXR','','0','1'), ('46','CC','CCK','','0','1'), ('47','CO','COL','','0','1'), ('48','KM','COM','','0','1'), ('49','CG','COG','','0','1'), ('50','CK','COK','','0','1'), ('51','CR','CRI','','0','1'), ('52','CI','CIV','','0','1'), ('53','HR','HRV','','0','1'), ('54','CU','CUB','','0','1'), ('55','CY','CYP','','0','1'), ('56','CZ','CZE','','0','1'), ('57','DK','DNK','','0','1'), ('58','DJ','DJI','','0','1'), ('59','DM','DMA','','0','1'), ('60','DO','DOM','','0','1'), ('61','TL','TLS','','0','1'), ('62','EC','ECU','','0','1'), ('63','EG','EGY','','0','1'), ('64','SV','SLV','','0','1'), ('65','GQ','GNQ','','0','1'), ('66','ER','ERI','','0','1'), ('67','EE','EST','','0','1'), ('68','ET','ETH','','0','1'), ('69','FK','FLK','','0','1'), ('70','FO','FRO','','0','1'), ('71','FJ','FJI','','0','1'), ('72','FI','FIN','','0','1'), ('74','FR','FRA','{firstname} {lastname}\r\n{company}\r\n{address_1}\r\n{address_2}\r\n{postcode} {city}\r\n{country}','1','1'), ('75','GF','GUF','','0','1'), ('76','PF','PYF','','0','1'), ('77','TF','ATF','','0','1'), ('78','GA','GAB','','0','1'), ('79','GM','GMB','','0','1'), ('80','GE','GEO','','0','1'), ('81','DE','DEU','{company}\r\n{firstname} {lastname}\r\n{address_1}\r\n{address_2}\r\n{postcode} {city}\r\n{country}','1','1'), ('82','GH','GHA','','0','1'), ('83','GI','GIB','','0','1'), ('84','GR','GRC','','0','1'), ('85','GL','GRL','','0','1'), ('86','GD','GRD','','0','1'), ('87','GP','GLP','','0','1'), ('88','GU','GUM','','0','1'), ('89','GT','GTM','','0','1'), ('90','GN','GIN','','0','1'), ('91','GW','GNB','','0','1'), ('92','GY','GUY','','0','1'), ('93','HT','HTI','','0','1'), ('94','HM','HMD','','0','1'), ('95','HN','HND','','0','1'), ('96','HK','HKG','','0','1'), ('97','HU','HUN','','0','1'), ('98','IS','ISL','','0','1'), ('99','IN','IND','','0','1'), ('100','ID','IDN','','0','1'), ('101','IR','IRN','','0','1');
INSERT INTO `country` VALUES ('102','IQ','IRQ','','0','1'), ('103','IE','IRL','','0','1'), ('104','IL','ISR','','0','1'), ('105','IT','ITA','','0','1'), ('106','JM','JAM','','0','1'), ('107','JP','JPN','','0','1'), ('108','JO','JOR','','0','1'), ('109','KZ','KAZ','','0','1'), ('110','KE','KEN','','0','1'), ('111','KI','KIR','','0','1'), ('112','KP','PRK','','0','1'), ('113','KR','KOR','','0','1'), ('114','KW','KWT','','0','1'), ('115','KG','KGZ','','0','1'), ('116','LA','LAO','','0','1'), ('117','LV','LVA','','0','1'), ('118','LB','LBN','','0','1'), ('119','LS','LSO','','0','1'), ('120','LR','LBR','','0','1'), ('121','LY','LBY','','0','1'), ('122','LI','LIE','','0','1'), ('123','LT','LTU','','0','1'), ('124','LU','LUX','','0','1'), ('125','MO','MAC','','0','1'), ('126','MK','MKD','','0','1'), ('127','MG','MDG','','0','1'), ('128','MW','MWI','','0','1'), ('129','MY','MYS','','0','1'), ('130','MV','MDV','','0','1'), ('131','ML','MLI','','0','1'), ('132','MT','MLT','','0','1'), ('133','MH','MHL','','0','1'), ('134','MQ','MTQ','','0','1'), ('135','MR','MRT','','0','1'), ('136','MU','MUS','','0','1'), ('137','YT','MYT','','0','1'), ('138','MX','MEX','','0','1'), ('139','FM','FSM','','0','1'), ('140','MD','MDA','','0','1'), ('141','MC','MCO','','0','1'), ('142','MN','MNG','','0','1'), ('143','MS','MSR','','0','1'), ('144','MA','MAR','','0','1'), ('145','MZ','MOZ','','0','1'), ('146','MM','MMR','','0','1'), ('147','NA','NAM','','0','1'), ('148','NR','NRU','','0','1'), ('149','NP','NPL','','0','1'), ('150','NL','NLD','','0','1'), ('151','AN','ANT','','0','1'), ('152','NC','NCL','','0','1'), ('153','NZ','NZL','','0','1'), ('154','NI','NIC','','0','1'), ('155','NE','NER','','0','1'), ('156','NG','NGA','','0','1'), ('157','NU','NIU','','0','1'), ('158','NF','NFK','','0','1'), ('159','MP','MNP','','0','1'), ('160','NO','NOR','','0','1'), ('161','OM','OMN','','0','1'), ('162','PK','PAK','','0','1'), ('163','PW','PLW','','0','1'), ('164','PA','PAN','','0','1'), ('165','PG','PNG','','0','1'), ('166','PY','PRY','','0','1'), ('167','PE','PER','','0','1'), ('168','PH','PHL','','0','1'), ('169','PN','PCN','','0','1'), ('170','PL','POL','','0','1'), ('171','PT','PRT','','0','1'), ('172','PR','PRI','','0','1'), ('173','QA','QAT','','0','1'), ('174','RE','REU','','0','1'), ('175','RO','ROM','','0','1'), ('176','RU','RUS','','0','1'), ('177','RW','RWA','','0','1'), ('178','KN','KNA','','0','1'), ('179','LC','LCA','','0','1'), ('180','VC','VCT','','0','1'), ('181','WS','WSM','','0','1'), ('182','SM','SMR','','0','1'), ('183','ST','STP','','0','1'), ('184','SA','SAU','','0','1'), ('185','SN','SEN','','0','1'), ('186','SC','SYC','','0','1'), ('187','SL','SLE','','0','1'), ('188','SG','SGP','','0','1'), ('189','SK','SVK','{firstname} {lastname}\r\n{company}\r\n{address_1}\r\n{address_2}\r\n{city} {postcode}\r\n{zone}\r\n{country}','0','1'), ('190','SI','SVN','','0','1'), ('191','SB','SLB','','0','1'), ('192','SO','SOM','','0','1'), ('193','ZA','ZAF','','0','1'), ('194','GS','SGS','','0','1'), ('195','ES','ESP','','0','1'), ('196','LK','LKA','','0','1'), ('197','SH','SHN','','0','1'), ('198','PM','SPM','','0','1'), ('199','SD','SDN','','0','1'), ('200','SR','SUR','','0','1'), ('201','SJ','SJM','','0','1');
INSERT INTO `country` VALUES ('202','SZ','SWZ','','0','1'), ('203','SE','SWE','{company}\r\n{firstname} {lastname}\r\n{address_1}\r\n{address_2}\r\n{postcode} {city}\r\n{country}','1','1'), ('204','CH','CHE','','0','1'), ('205','SY','SYR','','0','1'), ('206','TW','TWN','','0','1'), ('207','TJ','TJK','','0','1'), ('208','TZ','TZA','','0','1'), ('209','TH','THA','','0','1'), ('210','TG','TGO','','0','1'), ('211','TK','TKL','','0','1'), ('212','TO','TON','','0','1'), ('213','TT','TTO','','0','1'), ('214','TN','TUN','','0','1'), ('215','TR','TUR','','0','1'), ('216','TM','TKM','','0','1'), ('217','TC','TCA','','0','1'), ('218','TV','TUV','','0','1'), ('219','UG','UGA','','0','1'), ('220','UA','UKR','','0','1'), ('221','AE','ARE','','0','1'), ('222','GB','GBR','','1','1'), ('223','US','USA','{firstname} {lastname}\r\n{company}\r\n{address_1}\r\n{address_2}\r\n{city}, {zone} {postcode}\r\n{country}','0','1'), ('224','UM','UMI','','0','1'), ('225','UY','URY','','0','1'), ('226','UZ','UZB','','0','1'), ('227','VU','VUT','','0','1'), ('228','VA','VAT','','0','1'), ('229','VE','VEN','','0','1'), ('230','VN','VNM','','0','1'), ('231','VG','VGB','','0','1'), ('232','VI','VIR','','0','1'), ('233','WF','WLF','','0','1'), ('234','EH','ESH','','0','1'), ('235','YE','YEM','','0','1'), ('237','CD','COD','','0','1'), ('238','ZM','ZMB','','0','1'), ('239','ZW','ZWE','','0','1'), ('242','ME','MNE','','0','1'), ('243','RS','SRB','','0','1'), ('244','AX','ALA','','0','1'), ('245','BQ','BES','','0','1'), ('246','CW','CUW','','0','1'), ('247','PS','PSE','','0','1'), ('248','SS','SSD','','0','1'), ('249','BL','BLM','','0','1'), ('250','MF','MAF','','0','1'), ('251','IC','ICA','','0','1'), ('252','AC','ASC','','0','1'), ('253','XK','UNK','','0','1'), ('254','IM','IMN','','0','1'), ('255','TA','SHN','','0','1'), ('256','GG','GGY','','0','1'), ('257','JE','JEY','','0','1');
INSERT INTO `country_description` VALUES ('1','1','阿富汗'), ('2','1','阿尔巴尼亚'), ('3','1','阿尔及利亚'), ('4','1','美属萨摩亚'), ('5','1','安道尔'), ('6','1','Angola'), ('7','1','Anguilla'), ('8','1','Antarctica'), ('9','1','Antigua and Barbuda'), ('10','1','Argentina'), ('11','1','Armenia'), ('12','1','Aruba'), ('13','1','Australia'), ('14','1','Austria'), ('15','1','Azerbaijan'), ('16','1','Bahamas'), ('17','1','Bahrain'), ('18','1','Bangladesh'), ('19','1','Barbados'), ('20','1','Belarus'), ('21','1','Belgium'), ('22','1','伯利兹'), ('23','1','Benin'), ('24','1','Bermuda'), ('25','1','Bhutan'), ('26','1','Bolivia'), ('27','1','Bosnia and Herzegovina'), ('28','1','Botswana'), ('29','1','Bouvet Island'), ('30','1','Brazil'), ('31','1','British Indian Ocean Territo'), ('32','1','Brunei Darussalam'), ('33','1','Bulgaria'), ('34','1','Burkina Faso'), ('35','1','Burundi'), ('36','1','Cambodia'), ('37','1','Cameroon'), ('38','1','Canada'), ('39','1','Cape Verde'), ('40','1','Cayman Islands'), ('41','1','中非共和国'), ('42','1','Chad'), ('43','1','Chile'), ('45','1','Christmas Island'), ('46','1','Cocos (Keeling) Islands'), ('47','1','Colombia'), ('48','1','Comoros'), ('49','1','Congo'), ('50','1','Cook Islands'), ('51','1','Costa Rica'), ('52','1','Cote DIvoire'), ('53','1','Croatia'), ('54','1','Cuba'), ('55','1','Cyprus'), ('56','1','Czech Republic'), ('57','1','Denmark'), ('58','1','Djibouti'), ('59','1','Dominica'), ('60','1','Dominican Republic'), ('61','1','East Timor'), ('62','1','Ecuador'), ('63','1','Egypt'), ('64','1','El Salvador'), ('65','1','Equatorial Guinea'), ('66','1','Eritrea'), ('67','1','Estonia'), ('68','1','Ethiopia'), ('69','1','Falkland Islands (Malvinas)'), ('70','1','Faroe Islands'), ('71','1','Fiji'), ('72','1','Finland'), ('74','1','France, Metropolitan'), ('75','1','French Guiana'), ('76','1','French Polynesia'), ('77','1','French Southern Territories'), ('78','1','Gabon'), ('79','1','Gambia'), ('80','1','Georgia'), ('81','1','Germany'), ('82','1','Ghana'), ('83','1','Gibraltar'), ('84','1','Greece'), ('85','1','Greenland'), ('86','1','Grenada'), ('87','1','Guadeloupe'), ('88','1','Guam'), ('89','1','Guatemala'), ('90','1','Guinea'), ('91','1','Guinea-Bissau'), ('92','1','Guyana'), ('93','1','Haiti'), ('94','1','Heard and Mc Donald Islands'), ('95','1','Honduras'), ('96','1','Hong Kong'), ('97','1','Hungary'), ('98','1','Iceland'), ('99','1','India'), ('100','1','Indonesia'), ('101','1','Iran (Islamic Republic of)'), ('102','1','Iraq');
INSERT INTO `country_description` VALUES ('103','1','Ireland'), ('104','1','Israel'), ('105','1','Italy'), ('106','1','Jamaica'), ('107','1','Japan'), ('108','1','Jordan'), ('109','1','Kazakhstan'), ('110','1','Kenya'), ('111','1','Kiribati'), ('112','1','North Korea'), ('113','1','South Korea'), ('114','1','Kuwait'), ('115','1','Kyrgyzstan'), ('116','1','Lao People\'s Democratic Repu'), ('117','1','Latvia'), ('118','1','Lebanon'), ('119','1','Lesotho'), ('120','1','Liberia'), ('121','1','Libyan Arab Jamahiriya'), ('122','1','Liechtenstein'), ('123','1','Lithuania'), ('124','1','Luxembourg'), ('125','1','Macau'), ('126','1','FYROM'), ('127','1','Madagascar'), ('128','1','Malawi'), ('129','1','Malaysia'), ('130','1','Maldives'), ('131','1','Mali'), ('132','1','Malta'), ('133','1','Marshall Islands'), ('134','1','Martinique'), ('135','1','Mauritania'), ('136','1','Mauritius'), ('137','1','Mayotte'), ('138','1','Mexico'), ('139','1','Micronesia, Federated States'), ('140','1','Moldova, Republic of'), ('141','1','Monaco'), ('142','1','Mongolia'), ('143','1','Montserrat'), ('144','1','Morocco'), ('145','1','Mozambique'), ('146','1','Myanmar'), ('147','1','Namibia'), ('148','1','Nauru'), ('149','1','Nepal'), ('150','1','Netherlands'), ('151','1','Netherlands Antilles'), ('152','1','New Caledonia'), ('153','1','New Zealand'), ('154','1','Nicaragua'), ('155','1','Niger'), ('156','1','Nigeria'), ('157','1','Niue'), ('158','1','Norfolk Island'), ('159','1','Northern Mariana Islands'), ('160','1','Norway'), ('161','1','Oman'), ('162','1','Pakistan'), ('163','1','Palau'), ('164','1','Panama'), ('165','1','Papua New Guinea'), ('166','1','Paraguay'), ('167','1','Peru'), ('168','1','Philippines'), ('169','1','Pitcairn'), ('170','1','Poland'), ('171','1','Portugal'), ('172','1','Puerto Rico'), ('173','1','Qatar'), ('174','1','Reunion'), ('175','1','Romania'), ('176','1','Russian Federation'), ('177','1','Rwanda'), ('178','1','Saint Kitts and Nevis'), ('179','1','Saint Lucia'), ('180','1','Saint Vincent and the Grenad'), ('181','1','Samoa'), ('182','1','San Marino'), ('183','1','Sao Tome and Principe'), ('184','1','Saudi Arabia'), ('185','1','Senegal'), ('186','1','Seychelles'), ('187','1','Sierra Leone'), ('188','1','Singapore'), ('189','1','Slovak Republic'), ('190','1','Slovenia'), ('191','1','Solomon Islands'), ('192','1','Somalia'), ('193','1','South Africa'), ('194','1','South Georgia &amp; South Sa'), ('195','1','Spain'), ('196','1','Sri Lanka'), ('197','1','St. Helena'), ('198','1','St. Pierre and Miquelon'), ('199','1','Sudan'), ('200','1','Suriname'), ('201','1','Svalbard and Jan Mayen Islan'), ('202','1','Swaziland');
INSERT INTO `country_description` VALUES ('203','1','Sweden'), ('204','1','Switzerland'), ('205','1','Syrian Arab Republic'), ('206','1','Taiwan'), ('207','1','Tajikistan'), ('208','1','Tanzania, United Republic of'), ('209','1','Thailand'), ('210','1','Togo'), ('211','1','Tokelau'), ('212','1','Tonga'), ('213','1','Trinidad and Tobago'), ('214','1','Tunisia'), ('215','1','Turkey'), ('216','1','Turkmenistan'), ('217','1','Turks and Caicos Islands'), ('218','1','Tuvalu'), ('219','1','Uganda'), ('220','1','Ukraine'), ('221','1','United Arab Emirates'), ('222','1','United Kingdom'), ('223','1','United States'), ('224','1','United States Minor Outlying'), ('225','1','Uruguay'), ('226','1','Uzbekistan'), ('227','1','Vanuatu'), ('228','1','Vatican City State (Holy See'), ('229','1','Venezuela'), ('230','1','Viet Nam'), ('231','1','Virgin Islands (British)'), ('232','1','Virgin Islands (U.S.)'), ('233','1','Wallis and Futuna Islands'), ('234','1','Western Sahara'), ('235','1','Yemen'), ('237','1','Democratic Republic of Congo'), ('238','1','Zambia'), ('239','1','Zimbabwe'), ('242','1','Montenegro'), ('243','1','Serbia'), ('244','1','Aaland Islands'), ('245','1','Bonaire, Sint Eustatius and '), ('246','1','Curacao'), ('247','1','Palestinian Territory, Occup'), ('248','1','South Sudan'), ('249','1','St. Barthelemy'), ('250','1','St. Martin (French part)'), ('251','1','Canary Islands'), ('252','1','Ascension Island (British)'), ('253','1','Kosovo, Republic of'), ('254','1','Isle of Man'), ('255','1','Tristan da Cunha'), ('256','1','Guernsey'), ('257','1','Jersey'), ('1','2','Afghanistan'), ('44','2','China'), ('41','2','Central African Republic'), ('2','2','Albania'), ('44','1','中国'), ('3','2','Algeria'), ('4','2','American Samoa'), ('5','2','Andorra');
INSERT INTO `currency` VALUES ('2','US Dollar','USD','$','','2','0.15410000','1','2016-09-13 01:13:44'), ('1','人民币','RMB','¥','','2','1.00000000','1','2016-03-22 13:55:18'), ('4','欧元','EUR','','€','4','0.13689999','1','2016-03-22 13:58:17');
INSERT INTO `download` VALUES ('1','1'), ('3','1');
INSERT INTO `download_description` VALUES ('1','1','下载'), ('3','1','下载商品'), ('3','2','下载商品'), ('1','2','下来');
INSERT INTO `extension` VALUES ('23','payment','cod'), ('22','total','shipping'), ('57','total','sub_total'), ('58','total','tax'), ('59','total','total'), ('410','module','banner'), ('426','module','carousel'), ('390','total','credit'), ('387','shipping','flat'), ('349','total','handling'), ('350','total','low_order_fee'), ('389','total','coupon'), ('413','module','category'), ('408','module','account'), ('393','total','reward'), ('398','total','voucher'), ('407','payment','free_checkout'), ('427','module','featured'), ('435','module','slideshow'), ('428','module','store'), ('429','overall','test'), ('450','payment','test'), ('432','delivery','test'), ('439','sign_in_with','qq'), ('440','sign_in_with','weibo'), ('441','sign_in_with','google'), ('442','sign_in_with','github'), ('443','sign_in_with','facebook'), ('444','module','will_move_text_module'), ('445','module','slideshow_module'), ('446','module','product_module'), ('447','overall','footer_html'), ('448','module','custom_html_module'), ('451','module','will_move_text'), ('452','module','custom_html'), ('453','module','product'), ('454','payment','alipay'), ('455','module','bbs'), ('456','payment','paypal');
INSERT INTO `freight` VALUES ('1','7','1','22','354','25.0000','10'), ('2','7','1','13','193','0.0000','0'), ('3','7','1','0','0','0.0000','0'), ('4','7','1','0','0','0.0000','0'), ('5','7','1','0','0','0.0000','0'), ('6','6','1','1','4','5.0000','0'), ('7','6','1','0','0','0.0000','0'), ('8','6','1','0','0','0.0000','0'), ('9','6','1','0','0','0.0000','0'), ('10','6','1','1','3','6000.0000','0');
INSERT INTO `freight_description` VALUES ('1','2','red'), ('3','1','白色'), ('3','2','with'), ('4','1','黄色'), ('4','2','yellow'), ('5','1','紫色'), ('5','2','紫color'), ('2','2','blue'), ('2','1','蓝色'), ('6','2','size-S'), ('6','1','S码'), ('7','1','M码'), ('7','2','size-M'), ('8','1','X码'), ('8','2','size-X'), ('9','1','XL码'), ('9','2','size-XL'), ('10','2','size-XXL'), ('10','1','XXL码'), ('1','1','红色');
INSERT INTO `freight_template` VALUES ('7','1','5000.0000','L','1'), ('6','1','1.0000','L','4'), ('8','1','1.0000','W','2'), ('9','1','10.0000','W','0'), ('10','1','8.0000','L','0'), ('11','1','12.0000','L','0'), ('12','1','5.0000','W','0');
INSERT INTO `freight_template_description` VALUES ('6','2','Japanese direct mail'), ('7','1','直邮美国'), ('8','1','中国大陆地区'), ('6','1','直邮日本'), ('7','2','US direct mail'), ('8','2','中国大陆地区'), ('9','1','全国10元'), ('9','2','全国10元'), ('10','1','全国8元'), ('10','2','全国8元'), ('11','1','全国12元'), ('11','2','全国12元'), ('12','1','什么鬼'), ('12','2','什么鬼');
INSERT INTO `geo_zone` VALUES ('3','2016-03-14 15:56:17','2016-03-25 23:58:53'), ('4','2016-03-14 15:56:23','2016-03-15 10:01:13');
INSERT INTO `geo_zone_description` VALUES ('3','1','UK VAT Zone','UK VAT'), ('4','1','UK Shipping','UK Shipping Zones'), ('4','2','1112','2236'), ('3','2','44568','22356');
INSERT INTO `information` VALUES ('3','3','0','3','1','2016-09-17 11:17:58','2016-08-02 17:16:36'), ('4','1','0','1','1','2016-09-17 11:18:01','2016-08-03 11:34:05'), ('5','0','0','4','1','2016-09-17 11:18:04','2016-09-17 11:18:17'), ('6','0','0','2','1','2016-09-17 11:18:07','2016-03-17 13:14:14'), ('8','4','0','0','1','2016-05-14 11:33:33','2016-08-03 11:38:02'), ('9','1','0','2','1','2016-08-03 11:37:12','2016-08-03 11:37:12');
INSERT INTO `information_category` VALUES ('1','1','0','1','catalog_top','0','5'), ('3','0','1','1','catalog','0','0'), ('4','0','0','1','catalog','0','0');
INSERT INTO `information_category_description` VALUES ('22','1','1','关于我们','<span xss=\"removed\">552233333</span><span xss=\"removed\">552233333</span><span xss=\"removed\">552233333</span><span xss=\"removed\">552233333</span>'), ('23','1','2','55555696','<p>552233333552233333552233333552233333</p>'), ('12','3','1','团队介绍','<p>团队介绍<br></p>'), ('13','3','2','团队介绍','<p>团队介绍<br></p>'), ('14','4','1','商家规则','<p>商家规则<br></p>'), ('15','4','2','商家规则','<p>商家规则<br></p>');
INSERT INTO `information_description` VALUES ('5','1','Terms &amp; Conditions','&lt;p&gt;\r\n	Terms &amp;amp; Conditions&lt;/p&gt;\r\n','',''), ('3','1','Privacy Policy','<p>\r\n Privacy Policy</p>\r\n','',''), ('6','2','Delivery Information','<p>Delivery InformationDelivery InformationDelivery InformationDelivery InformationDelivery Information<br></p>','',''), ('6','1','配送条款','<p>\r\n 配送信息配送信息配送信息配送信息<span xss=\"removed\">配送信息配送信息配送信息配送信息</span><span xss=\"removed\">配送信息配送信息配送信息配送信息</span><span xss=\"removed\">配送信息配送信息配送信息配送信息</span><span xss=\"removed\">配送信息配送信息配送信息配送信息</span><span xss=\"removed\">配送信息配送信息配送信息配送信息</span></p>\r\n','',''), ('8','1','加盟合同','<p xss=\"removed\"><span xss=\"removed\">一、合同各方<span lang=\"EN-US\"><o></o></span></span></p><p xss=\"removed\"><span xss=\"removed\">授权方：<span lang=\"EN-US\">______</span>科技发展有限公司（以下简称“甲方”）<span lang=\"EN-US\"><o></o></span></span></p><p xss=\"removed\"><span xss=\"removed\">法定授权人：<span lang=\"EN-US\"><o></o></span></span></p><p xss=\"removed\"><span xss=\"removed\">法定地址：上海市<span lang=\"EN-US\">____</span>路<span lang=\"EN-US\">____</span>大厦<span lang=\"EN-US\">a</span>座<span lang=\"EN-US\">12a </span>邮编：<span lang=\"EN-US\">______<o></o></span></span></p><p xss=\"removed\"><span xss=\"removed\">被授权方：<span lang=\"EN-US\">___________________________________ </span>（以下简称“乙方”）<span lang=\"EN-US\"><o></o></span></span></p><p xss=\"removed\"><span xss=\"removed\">法定代表人：<span lang=\"EN-US\">_____________<o></o></span></span></p><p xss=\"removed\"><span xss=\"removed\">法定地址：<span lang=\"EN-US\"> __________________________________<o></o></span></span></p><p xss=\"removed\"><span xss=\"removed\">甲乙双方经协商，就乙方为其在特定区域内<span lang=\"EN-US\">__</span>经营甲方的“<span lang=\"EN-US\">______</span>”专卖店一事，达成如下协议：<span lang=\"EN-US\"><o></o></span></span></p><p xss=\"removed\"><span xss=\"removed\">二、合同期限<span lang=\"EN-US\"><o></o></span></span></p><p xss=\"removed\"><span xss=\"removed\">本合同加盟期限为<span lang=\"EN-US\">________</span>年<span lang=\"EN-US\">__</span>月<span lang=\"EN-US\">__</span>日至<span lang=\"EN-US\">________</span>年<span lang=\"EN-US\">__</span>月<span lang=\"EN-US\">__</span>日止。<span lang=\"EN-US\"><o></o></span></span></p><p xss=\"removed\"><span xss=\"removed\">三、加盟经营<span lang=\"EN-US\"><o></o></span></span></p><p xss=\"removed\"><span lang=\"EN-US\" xss=\"removed\">1</span><span xss=\"removed\">、 甲方特此授权乙方为 区域内成为“<span lang=\"EN-US\">______</span>”的特许经销商。经此授权后，甲方在该区域内将不再授予任何其它企业、个人以同类经销权。<span lang=\"EN-US\"><o></o></span></span></p><p xss=\"removed\"><span lang=\"EN-US\" xss=\"removed\">2</span><span xss=\"removed\">、 在授权期内，甲方在向乙方提供“<span lang=\"EN-US\">______</span>”品牌产品时，甲方应保证所提供的产品质量符合国家有关标准、品级与实物相符，并保证货源供应。<span lang=\"EN-US\"><o></o></span></span></p><p xss=\"removed\"><span lang=\"EN-US\" xss=\"removed\">3</span><span xss=\"removed\">、 乙方保证在签订本合同<span lang=\"EN-US\">7</span>日内需向甲方支付加盟费人民币贰万元<span lang=\"EN-US\">/</span>店。每个加盟店首次从甲方购进“<span lang=\"EN-US\">______</span>”品牌的产品，按供货价不少于 万元。<span lang=\"EN-US\"><o></o></span></span></p><p xss=\"removed\"><span lang=\"EN-US\" xss=\"removed\">4</span><span xss=\"removed\">、甲方保证向中国大陆内各加盟方交付的产品保持统一的零售标价。<span lang=\"EN-US\"><o></o></span></span></p><p xss=\"removed\"><span lang=\"EN-US\" xss=\"removed\">5</span><span xss=\"removed\">、甲方将“<span lang=\"EN-US\">______</span>”品牌产品按零售标价的<span lang=\"EN-US\">4</span>—<span lang=\"EN-US\">4.5</span>折售予乙方（详细见配货单），不论首次购货还是后续购货乙方应在提货时一次性支付货款。<span lang=\"EN-US\"><o></o></span></span></p><p xss=\"removed\"><span lang=\"EN-US\" xss=\"removed\">6</span><span xss=\"removed\">、如果出现乙方采用以假汇票、假支票的方式骗取货物的情况，甲方除追究乙方的违约责任外，将依法请求司法机关追究相关人员、单位的刑事责任。<span lang=\"EN-US\"><o></o></span></span></p><p xss=\"removed\"><span lang=\"EN-US\" xss=\"removed\">7</span><span xss=\"removed\">、乙方从甲方购进产品后，如因质量问题或货物品种组合问题，可在自进货之日起五天内，向甲方调换产品，但不得退货。调换时乙方须保持原产品完好、包装齐备、标签没有损坏。<span lang=\"EN-US\"><o></o></span></span></p><p xss=\"removed\"><span lang=\"EN-US\" xss=\"removed\">8</span><span xss=\"removed\">、合同到期后，若乙方决定不再销售“<span lang=\"EN-US\">______</span>”品牌产品，在乙方保证产品完好、包装齐备、标签无损坏、未超过保质期的前提下，可将现存的“<span lang=\"EN-US\">______</span>”产品退还给甲方。甲方按供货价的<span lang=\"EN-US\">6</span>折回收退还的产品。<span lang=\"EN-US\"><o></o></span></span></p><p xss=\"removed\"><span xss=\"removed\">三、营业场地、店面装饰与配置<span lang=\"EN-US\"><o></o></span></span></p><p xss=\"removed\"><span lang=\"EN-US\" xss=\"removed\">1</span><span xss=\"removed\">、 乙方应在双方共同商定的区域内开展经营和促销活动。乙方不得在未经甲方许可的情况下擅自将自己的经营活动和促销活动扩大到区域之外。<span lang=\"EN-US\"><o></o></span></span></p><p xss=\"removed\"><span lang=\"EN-US\" xss=\"removed\">2</span><span xss=\"removed\">、加盟店店铺设在乙方处，或由乙方自行选定其它场所并报甲方批准。<span lang=\"EN-US\"><o></o></span></span></p><p xss=\"removed\"><span lang=\"EN-US\" xss=\"removed\">3</span><span xss=\"removed\">、为维护公司品牌形象的统一性，加盟店由甲方免费进行装饰设计，装修工程由甲方工程部报价并施工，乙方应按工程预算支付装修工程款并协助办理在当地施工的相关手续。甲方收到工程款项后\r\n日内将店铺交付乙方使用。<span lang=\"EN-US\"><o></o></span></span></p><p xss=\"removed\"><span lang=\"EN-US\" xss=\"removed\">4</span><span xss=\"removed\">、加盟店内的营业所需（包括：设备、装置、用具、招牌等）由总部统一进行设计制作。对于营运必需的包装材料、促销礼品、提货袋及其它附属材料、消耗品，加盟店需使用总部配备的产品。\r\n上述所涉及的费用由加盟商承当。<span lang=\"EN-US\"><o></o></span></span></p><p xss=\"removed\"><span xss=\"removed\">四、促销与广告<span lang=\"EN-US\"><o></o></span></span></p><p xss=\"removed\"><span lang=\"EN-US\" xss=\"removed\">1</span><span xss=\"removed\">、甲方在授权期内，将协助乙方进行“<span lang=\"EN-US\">______</span>”品牌的形象设计，并向乙方适时提供相应的产品宣传资料、标识、招贴物品等。甲方可根据乙方的经营状况和要求，帮助乙方进行特定时间和区域的产品促销和推广活动。（具体事宜可另议）<span lang=\"EN-US\"><o></o></span></span></p><p xss=\"removed\"><span lang=\"EN-US\" xss=\"removed\">2</span><span xss=\"removed\">、甲方进行 “<span lang=\"EN-US\">______</span>”品牌的整体宣传活动乙方必须配合，相关的“<span lang=\"EN-US\">______</span>”品牌的产品进行促销、推广计划和广告设计由甲方提供，乙方遵照执行。甲方对于促销活动所涉产品在供货价基础上按照促销折让的比例给与优惠。<span lang=\"EN-US\"><o></o></span></span></p><p xss=\"removed\"><span lang=\"EN-US\" xss=\"removed\">3</span><span xss=\"removed\">、乙方单独进行“<span lang=\"EN-US\">______</span>”品牌有关的宣传、广告活动时，应事先告知甲方，取得甲方同意后方可进行。相关广告形象设计须经过甲方审核或由甲方提供。<span lang=\"EN-US\"><o></o></span></span></p><p xss=\"removed\"><span lang=\"EN-US\" xss=\"removed\">4</span><span xss=\"removed\">、乙方须承担自行组织促销活动产生促销让利和费用。<span lang=\"EN-US\"><o></o></span></span></p><p xss=\"removed\"><span xss=\"removed\">五、培训与指导<span lang=\"EN-US\"><o></o></span></span></p><p xss=\"removed\"><span lang=\"EN-US\" xss=\"removed\">1</span><span xss=\"removed\">、为使加盟店能良好经营，在开业前及本合同执行期间，甲方应向加盟店传授必要的知识和经营技术。<span lang=\"EN-US\"><o></o></span></span></p><p xss=\"removed\"><span lang=\"EN-US\" xss=\"removed\">2</span><span xss=\"removed\">、加盟店在开业前应派遣店主或两名可以代行承担的职工，参加甲方规定的教育研修，获得经营公司店铺必要的知识和技术。<span lang=\"EN-US\"><o></o></span></span></p><p xss=\"removed\"><span lang=\"EN-US\" xss=\"removed\">3</span><span xss=\"removed\">、开业后，如甲方有研修指示，乙方也必须按指示要求派员再次参加前项规定的进修教育，获得必需的知识和技术。<span lang=\"EN-US\"><o></o></span></span></p><p xss=\"removed\"><span lang=\"EN-US\" xss=\"removed\">4</span><span xss=\"removed\">、加盟店承担前来培训的旅差费用。<span lang=\"EN-US\"><o></o></span></span></p><p xss=\"removed\"><span lang=\"EN-US\" xss=\"removed\">5</span><span xss=\"removed\">、加盟店开业前后三天，作为店铺营运入轨期，甲方应向加盟店派遣人员进行开业和经营指导。<span lang=\"EN-US\"><o></o></span></span></p><p xss=\"removed\"><span lang=\"EN-US\" xss=\"removed\">6</span><span xss=\"removed\">、乙方必须参加甲方组织的年度销售会议及临时经营者会议。甲方应提前四周通知开会日期。<span lang=\"EN-US\"><o></o></span></span></p><p xss=\"removed\"><span lang=\"EN-US\" xss=\"removed\">7</span><span xss=\"removed\">、除经营者会议外，甲方将不定期向乙方派遣市场负责人进行指导和培训。<span lang=\"EN-US\"><o></o></span></span></p><p xss=\"removed\"><span xss=\"removed\">六、商标、服务标志及相关权利<span lang=\"EN-US\"><o></o></span></span></p><p xss=\"removed\"><span lang=\"EN-US\" xss=\"removed\">1</span><span xss=\"removed\">、本合同所涉及的所有商标、服务标志及其相关权利的所有权均归属于甲方。<span lang=\"EN-US\"><o></o></span></span></p><p xss=\"removed\"><span lang=\"EN-US\" xss=\"removed\">2</span><span xss=\"removed\">、甲方承诺在本合同执行期间，乙方加盟店可以使用甲方商标、服务标志及表示这些标志、记号、样式、标签和招牌。<span lang=\"EN-US\"><o></o></span></span></p><p xss=\"removed\"><span lang=\"EN-US\" xss=\"removed\">3</span><span xss=\"removed\">、乙方不得在加盟店以外使用甲方的所有商标和服务标志。<span lang=\"EN-US\"><o></o></span></span></p><p xss=\"removed\"><span lang=\"EN-US\" xss=\"removed\">4</span><span xss=\"removed\">、乙方应在经营中向顾客提供良好的服务，维护甲方品牌的声誉、信誉和良好形象。<span lang=\"EN-US\"><o></o></span></span></p><p xss=\"removed\"><span lang=\"EN-US\" xss=\"removed\">5</span><span xss=\"removed\">、双方在此明确，乙方取得的是在授权期内、在指定区域内甲方商标、服务标志的使用权和产品的经销权，这并不意味着甲方商标、品牌及商誉等相关知识产权的任何转让、许可。合同到期或提前终止后，乙方不得以任何借口继续使用“<span lang=\"EN-US\">______</span>”品牌，或以“<span lang=\"EN-US\">______</span>”品牌经销商的名义从事任何商业活动。<span lang=\"EN-US\"><o></o></span></span></p><p xss=\"removed\"><span xss=\"removed\">七、竞争限制<span lang=\"EN-US\"><o></o></span></span></p><p xss=\"removed\"><span lang=\"EN-US\" xss=\"removed\">1</span><span xss=\"removed\">、在合同期内，乙方如有意获得其所在省市区域的“<span lang=\"EN-US\">______</span>”特许经营代理权，可在同等条件下优先取得甲方的特许代理权。<span lang=\"EN-US\"><o></o></span></span></p><p xss=\"removed\"><span lang=\"EN-US\" xss=\"removed\">2</span><span xss=\"removed\">、为表示对甲方合作的诚意，在合同期内，如甲方推出“<span lang=\"EN-US\">______</span>”之外的其它新系列商品和服务，乙方有优先代理权。<span lang=\"EN-US\"><o></o></span></span></p><p xss=\"removed\"><span lang=\"EN-US\" xss=\"removed\">3</span><span xss=\"removed\">、乙方在授权期内，不得再接受任何其它企业、个人的授权或委托，在加盟店内代理、经销其它品牌的产品。<span lang=\"EN-US\"><o></o></span></span></p><p xss=\"removed\"><span lang=\"EN-US\" xss=\"removed\">4</span><span xss=\"removed\">、乙方未经甲方许可，不得将甲方授予的经销权以各种形式转让给任何第三方。<span lang=\"EN-US\"><o></o></span></span></p><p xss=\"removed\"><span xss=\"removed\">八、服务质量控制<span lang=\"EN-US\"><o></o></span></span></p><p xss=\"removed\"><span lang=\"EN-US\" xss=\"removed\">1</span><span xss=\"removed\">、为维护加盟店售出商品品种和服务的一致性，提高公司形象，乙方加盟店的运营方法必须遵守总部提供的经营手册规定的要求和标准。<span lang=\"EN-US\"><o></o></span></span></p><p xss=\"removed\"><span lang=\"EN-US\" xss=\"removed\">2</span><span xss=\"removed\">、凡甲方有新产品推出，乙方必须按照最低配货量或以上的数量购入，并将新产品及时上架销售。<span lang=\"EN-US\"><o></o></span></span></p><p xss=\"removed\"><span lang=\"EN-US\" xss=\"removed\">3</span><span xss=\"removed\">、乙方须按照甲方要求，对顾客购买金额达到规定标准时，给与“玫瑰卡”会员资格和相应的折扣优惠，做好会员资料信息的登记汇总工作并半年一次定期向甲方提供会员资料信息。凡有新产品上市或产品促销活动乙方应通知所有会员，让会员享受到来自“<span lang=\"EN-US\">______</span>”持续不断的优质服务。甲方将不定期回访会员客户以检查乙方的服务质量。<span lang=\"EN-US\"><o></o></span></span></p><p xss=\"removed\"><span lang=\"EN-US\" xss=\"removed\">4</span><span xss=\"removed\">、甲方定期和不定期地以书面或其它方式对加盟店进行进货管理、销售管理、商品管理、商品知识、卫生管理、职工管理、会计处理、店铺经营管理、店铺陈设等各方面的指导，提供有关信息，帮助加盟店实施标准化管理。<span lang=\"EN-US\"><o></o></span></span></p><p xss=\"removed\"><span lang=\"EN-US\" xss=\"removed\">5</span><span xss=\"removed\">、随着甲方加盟店数量在全国范围内的不断增加，甲方将对全体加盟店进行信息化管理。如该项管理实施时本合同仍在有效期内，乙方须遵照甲方的管理规定执行，不得以如任何理由拒绝执行。<span lang=\"EN-US\"><o></o></span></span></p><p xss=\"removed\"><span xss=\"removed\">九、保密<span lang=\"EN-US\"><o></o></span></span></p><p xss=\"removed\"><span lang=\"EN-US\" xss=\"removed\">1</span><span xss=\"removed\">、除<span lang=\"EN-US\"><a href=\"http://www.chinalawedu.com/\" target=\"_blank\" title=\"法律\" xss=\"removed\"><span lang=\"EN-US\"><span lang=\"EN-US\">法律</span></span></a></span>规定必须公开的以外，甲方不得向第三者展示乙方递交的营业报告书及其它有关资料和有损于乙方利益的情报。乙方不得向第三者泄漏甲方按本合同规定提供给乙方的经营技术秘密及有损甲方利益的情报。乙方有责任保证其职工不向第三者泄漏前项秘密。<span lang=\"EN-US\"><o></o></span></span></p><p xss=\"removed\"><span lang=\"EN-US\" xss=\"removed\">2</span><span xss=\"removed\">、以上规定双方的保密义务在本合同期满后仍然有效。<span lang=\"EN-US\"><o></o></span></span></p><p xss=\"removed\"><span lang=\"EN-US\" xss=\"removed\">3</span><span xss=\"removed\">、甲方按本合同规定提供给乙方的加盟店经营手册以及其它文件归甲方所有，乙方应妥善保管，合同终止时，乙方应即刻归还甲方。<span lang=\"EN-US\"><o></o></span></span></p><p xss=\"removed\"><span xss=\"removed\">十、加盟店的让渡与承继<span lang=\"EN-US\"><o></o></span></span></p><p xss=\"removed\"><span lang=\"EN-US\" xss=\"removed\">1</span><span xss=\"removed\">、乙方未事先征得甲方同意，不得将本合同规定的任何权利、加盟店营业的全部或一部分转让给第三者，不得将此用作担保和其它处置。<span lang=\"EN-US\"><o></o></span></span></p><p xss=\"removed\"><span lang=\"EN-US\" xss=\"removed\">2</span><span xss=\"removed\">、如乙方加盟店因明显的困难而有可能发生营业中断时，为保持加盟连锁店的运营，乙方可以请求总部临时接替营业。待总部确认加盟店可以重新经营后，应及时把营业权归还加盟店。<span lang=\"EN-US\">3</span>、上述总部接替经营期间发生的收益和损失均属加盟店，总部代行经营所产生的费用由加盟店负担。<span lang=\"EN-US\"><o></o></span></span></p><p xss=\"removed\"><span lang=\"EN-US\" xss=\"removed\">4</span><span xss=\"removed\">、如乙方希望出让加盟店或出租店铺时，应首先通知甲方，甲方有优先承让和承租的权利。<span lang=\"EN-US\"><o></o></span></span></p><p xss=\"removed\"><span lang=\"EN-US\" xss=\"removed\">5</span><span xss=\"removed\">、遇上述情况，双方可以通过协商，确定加盟店让渡价格和租赁金。协商意向不能成立时，双方均可申请具有法律效力的认证或评估，所需费用由乙方承担。<span lang=\"EN-US\"><o></o></span></span></p><p xss=\"removed\"><span xss=\"removed\">十一、合同的终止<span lang=\"EN-US\"><o></o></span></span></p><p xss=\"removed\"><span lang=\"EN-US\" xss=\"removed\">1</span><span xss=\"removed\">、合同期满前<span lang=\"EN-US\">3</span>个月，经双方协商，可以更新合同。<span lang=\"EN-US\"><o></o></span></span></p><p xss=\"removed\"><span lang=\"EN-US\" xss=\"removed\">2</span><span xss=\"removed\">、前款的合同更新，应在本合同期满之前一个月完成。以双方签订新的特许连锁合同书为合作文本。<span lang=\"EN-US\"><o></o></span></span></p><p xss=\"removed\"><span lang=\"EN-US\" xss=\"removed\">3</span><span xss=\"removed\">、如本合同期满后双方无意继续合作，乙方应在本合同终止时承担下列义务：<span lang=\"EN-US\"><o></o></span></span></p><p xss=\"removed\"><span lang=\"EN-US\" xss=\"removed\">a</span><span xss=\"removed\">、支付所有应付给总部的费用；<span lang=\"EN-US\"><o></o></span></span></p><p xss=\"removed\"><span lang=\"EN-US\" xss=\"removed\">b</span><span xss=\"removed\">、归还所有操作手册、机密文件和专利资料；<span lang=\"EN-US\"><o></o></span></span></p><p xss=\"removed\"><span lang=\"EN-US\" xss=\"removed\">c</span><span xss=\"removed\">、向甲方移交“<span lang=\"EN-US\">______</span>卡”会员登记名册；<span lang=\"EN-US\"><o></o></span></span></p><p xss=\"removed\"><span lang=\"EN-US\" xss=\"removed\">d</span><span xss=\"removed\">、归还、转卖或销毁所有带有“<span lang=\"EN-US\">______</span>”商业标志的招牌和材料；<span lang=\"EN-US\"><o></o></span></span></p><p xss=\"removed\"><span lang=\"EN-US\" xss=\"removed\">e</span><span xss=\"removed\">、取消以“<span lang=\"EN-US\">______</span>”名义登记的商业注册和名称登记<span lang=\"EN-US\"><o></o></span></span></p><p xss=\"removed\"><span lang=\"EN-US\" xss=\"removed\">f</span><span xss=\"removed\">、在原加盟店经营场所内外的房屋、设备、陈设等处，消除任何与“<span lang=\"EN-US\">______</span>”有联系的迹象；<span lang=\"EN-US\"><o></o></span></span></p><p xss=\"removed\"><span lang=\"EN-US\" xss=\"removed\">g</span><span xss=\"removed\">、因加盟店的经营而损害了第三者利益时，由乙方承担赔偿损失的责任。<span lang=\"EN-US\"><o></o></span></span></p><p xss=\"removed\"><span lang=\"EN-US\" xss=\"removed\">4</span><span xss=\"removed\">、甲方因加盟店的行为而被索赔责任时，可要求乙方负担被追索的赔偿金。<span lang=\"EN-US\"><o></o></span></span></p><p xss=\"removed\"><span xss=\"removed\">十二、违约责任<span lang=\"EN-US\"><o></o></span></span></p><p xss=\"removed\"><span lang=\"EN-US\" xss=\"removed\">1</span><span xss=\"removed\">、任何一方不履行或不完全履行本合同条款中规定的义务，即构成违约，违约的一方应承担违约责任。<span lang=\"EN-US\"><o></o></span></span></p><p xss=\"removed\"><span lang=\"EN-US\" xss=\"removed\">2</span><span xss=\"removed\">、双方约定，违约的金额为在此前乙方经销甲方提供的产品零售价总额的<span lang=\"EN-US\">10%</span>。如违约给对方造成损失，并损失超过违约金总额，违约方还应负责对超额部分赔偿责任。违约一方经对方书面提出改正意见后<span lang=\"EN-US\">30</span>天内仍未改正，另一方有权终止合同，并有权要求对方赔偿损失。<span lang=\"EN-US\"><o></o></span></span></p><p xss=\"removed\"><span xss=\"removed\">十三、合同纠纷的解决<span lang=\"EN-US\"><o></o></span></span></p><p xss=\"removed\"><span lang=\"EN-US\" xss=\"removed\">1</span><span xss=\"removed\">． 本合同在执行过程中产生的任何争议，双方首先应友好协商，协商不成的，双方均有权向深圳市仲裁委员会提起仲裁。<span lang=\"EN-US\"><o></o></span></span></p><p xss=\"removed\"><span xss=\"removed\">十四、其它<span lang=\"EN-US\"><o></o></span></span></p><p xss=\"removed\"><span lang=\"EN-US\" xss=\"removed\">1</span><span xss=\"removed\">、本合同自双方签字盖章之日起生效。<span lang=\"EN-US\"><o></o></span></span></p><p xss=\"removed\"><span lang=\"EN-US\" xss=\"removed\">2</span><span xss=\"removed\">、本合同正本一式两份，双方各持一份，每份具有同等法律效力。<span lang=\"EN-US\"><o></o></span></span></p><p xss=\"removed\"><span xss=\"removed\">甲方：<span lang=\"EN-US\">______</span>有限公司 乙方：<span lang=\"EN-US\"><o></o></span></span></p><p xss=\"removed\"><span xss=\"removed\">地址： 地址：<span lang=\"EN-US\"><o></o></span></span></p><p xss=\"removed\"><span xss=\"removed\">电话及传真： 电话及传真：<span lang=\"EN-US\"><o></o></span></span></p><p xss=\"removed\"><span xss=\"removed\">委托代表（签字）： 委托代表（签字）：<span lang=\"EN-US\"><o></o></span></span></p><p>\r\n\r\n\r\n\r\n\r\n\r\n\r\n\r\n\r\n\r\n\r\n\r\n\r\n\r\n\r\n\r\n\r\n\r\n\r\n\r\n\r\n\r\n\r\n\r\n\r\n\r\n\r\n\r\n\r\n\r\n\r\n\r\n\r\n\r\n\r\n\r\n\r\n\r\n\r\n\r\n\r\n\r\n\r\n\r\n\r\n\r\n\r\n\r\n\r\n\r\n\r\n\r\n\r\n\r\n\r\n\r\n\r\n\r\n\r\n\r\n\r\n\r\n\r\n\r\n\r\n\r\n\r\n\r\n\r\n\r\n\r\n\r\n\r\n\r\n\r\n\r\n\r\n\r\n\r\n\r\n\r\n\r\n\r\n\r\n\r\n\r\n\r\n\r\n\r\n\r\n\r\n\r\n\r\n\r\n\r\n\r\n\r\n\r\n\r\n\r\n\r\n\r\n\r\n\r\n\r\n\r\n\r\n\r\n\r\n\r\n\r\n\r\n\r\n\r\n\r\n\r\n\r\n\r\n\r\n\r\n\r\n\r\n\r\n\r\n\r\n\r\n\r\n\r\n\r\n\r\n\r\n\r\n\r\n\r\n\r\n\r\n\r\n\r\n\r\n\r\n\r\n\r\n\r\n\r\n\r\n\r\n\r\n\r\n\r\n\r\n\r\n\r\n\r\n\r\n\r\n\r\n\r\n\r\n\r\n\r\n\r\n\r\n\r\n\r\n\r\n\r\n\r\n\r\n\r\n\r\n\r\n\r\n\r\n\r\n</p><p class=\"MsoNormal\"><span lang=\"EN-US\"> </span></p>','加盟合同','加盟合同'), ('8','2','Affiliate contract','<p>First, the parties to the contract</p><p>Licensee: ______ Technology Development Co., Ltd. (hereinafter referred to as \"Party A\")</p><p>Legally authorized person:</p><p>Legal Address: Shanghai ____ ____ Building a Road Block 12a Zip code: ______</p><p>Licensee: ___________________________________ (hereinafter referred to as \"Party B\")</p><p>Legal representative: _____________</p><p>Legal address: __________________________________</p><p>Both parties through consultation, within a specific region B as its operating Party __ \"______\" store issue, agree as follows:</p><p>Second, the contract period</p><p>The contract on joining period ended __ ________ dated ________ __ to __ day of __ month.</p><p>Third, joining operators</p><p>1, Party B hereby authorized for the region to become \"______\" franchisees. After this authorization, the Party in the region will not be granted to any other companies, individuals similar distribution rights.</p><p>2, in the authorization period, Party B to provide \"______\" is brand products, the Party shall ensure the quality of products offered meet the relevant standards, consistent with the physical grade countries, and to ensure supply of goods.</p><p>3, Party B guarantees to pay the initial fee II Million RMB / Shop Party to sign this contract within 7 days. Each Party franchise for the first time from the purchase of \"______\" brand products, according to the wholesale price of not less than million.</p><p>4, Party A guarantees into the Chinese mainland to join the party to deliver products to maintain uniform retail price.</p><p>5, Party A \"______\" brand products by the retail price of 4-4.5 fold sold to B (see detailed picking single), whether the first or subsequent purchases of B should purchase one-time payment at the time of delivery.</p><p>6. If the Party adopted a false bill, forged checks ways to cheat the case of goods, in addition to liability for breach of Party B outside, will be prosecuted according to the law a request by judicial personnel, criminal responsibility units.</p><p>7, after the purchase of goods from Party B, as a result of quality problems or a combination of the varieties of goods, may date within five days from the date of purchase to exchange party products, but can not return. When exchange B shall be kept intact the original product packaging in place, the label is not damaged.</p><p>8, after the expiration of the contract, if Party decided not to sell \"______\" brand products, under B to ensure product integrity, complete packaging, labels without damage, but not exceeding the shelf life of the premise, can be existing \"______\" A product is returned to square. Party recycle returned products according to the wholesale price of 40% off.</p><p>Third, business venues, store decoration and configuration</p><p>1, B should carry out business and promotional activities in mutually agreed areas. Party B shall not without the permission of their unauthorized business activities and promotions to expand outside the area.</p><p>2, franchise store located in the Party office, or other location by the Party selected its own report to the Party for approval.</p><p>3, to maintain the unity of the company\'s brand image, stores by the Party for free decoration design, decoration works by the Party and the construction engineering department offer, Party B shall pay the renovation project budget for projects and assist the relevant formalities in the local construction . Party days after receipt of project funds will store Party B for use.</p><p>4, operating within the franchise needed (including: equipment, devices, appliances, signs, etc.) from the headquarters of unified design. For operating the necessary packaging materials, promotional gifts, delivery bags and other ancillary materials, consumables, stores need to use products with headquarters. Above bear the costs involved by the franchisee.</p><p>Fourth, promotion and advertising</p><p>1, Party in the authorization period, will assist the Party B \"______\" brand image design, to timely provide the appropriate product promotional materials B, logos, posters and other items. Party B according to the operating conditions and requirements to help B product promotion and campaign specific time and region. (Specific issues can be negotiated)</p><p>2, Party A \"______\" overall brand campaign Party must cooperate with relevant \"______\" brand product promotion, advertising and promotional programs designed to provide by Party B follow. Party for promotion on the basis of wholesale price of the product in question in accordance with the proportion of discount sales to give concessions.</p><p>3, B alone, \"______\" brand-related publicity, when the campaign, the Party should be informed in advance, before proceeding to obtain prior approval. Related party advertising image design subject to audit or provided by the Party.</p><p>4, Party B shall bear none organize promotional activities and promotional expenses.</p><p>Fifth, training and guidance</p><p>1, for the franchise can be a good business before the opening and during the execution of this contract, Party franchise should impart the necessary knowledge and management techniques.</p><p>2, before the opening of stores should send two or owner may exercise undertaken by the employees, the provisions of Party education training, access to operating companies store the necessary knowledge and technology.</p><p>3, after opening, such as Party A training instructions, instructions B also must be sent again in the continuing education requirements of the provisions of the preceding paragraph, to obtain the necessary knowledge and skills.</p><p>4, stores bear the travel costs to the training.</p><p>5, three days before and after the opening of stores, as a store operation into orbit of the Party should dispatch personnel to open stores and operational guidance.</p><p>6, Party B must participate in the organization\'s annual sales conference and meeting interim managers. Party shall notify the date of the meeting four weeks in advance.</p><p>7, in addition to meeting operators, Party B will from time to time to send the market leader for guidance and training.</p><p>Sixth, trademarks, service marks and related rights</p><p>1. All trademarks, service marks and other associated rights related to this contract are attributable to the Party.</p><p>2, Party promised during the execution of this contract, Party B can use franchise trademarks, service marks and represent these signs, symbols, patterns, labels and signs.</p><p>3, Party B shall not use all trademarks and service marks Party outside stores.</p><p>4, B should provide good service to customers in the business, to maintain the reputation, credibility and good image of the party brand.</p><p>5, the parties hereby expressly, B is achieved in the authorization period, the distribution rights in the designated area party trademarks, service marks, and the right to use the product, this does not mean party trademarks, brand and goodwill related any transfer of intellectual property rights, licensing. After the expiration or early termination of the contract, Party B shall not continue to use any pretext \"______\" brand, or \"______\" the name brand dealers engaged in any commercial activity.</p><p>Seven, restriction of competition</p><p>1, the contract period, Party B intends to get it in the provinces of the region, \"______\" franchise agency, a priority of the Party under the same conditions franchising rights.</p><p>2, shows the sincerity of the party cooperation, the contract period, such as the other party to launch a new series of goods and services \"______\" outside the Party have the priority right agent.</p><p>3, B in the life of the authorization shall not accept any other companies, individuals or authorized delegate, within the franchise agent, distribution of other brands.</p><p>4, B without Party permission granted distribution rights Party shall not transfer to any third party in various forms.</p><p>Eight Quality of Service control</p><p>1, in order to maintain consistency stores sell varieties of goods and services, improve the company\'s image, the operator must comply with method B franchise requirements and standards of the headquarters of the operating manual.</p><p>2, where the Party has launched a new product, B must be in accordance with minimum quantity purchase volume or more, and the new products in a timely manner available for sale.</p><p>3, Party B shall be in accordance with the requirements of the customer purchase amount reach the required standard, to give the \"Rose Card\" membership and the corresponding discount, do the registration information on the summary of the work of members and every six months on a regular basis to provide Party Member Profile information. Where new products or product promotions Party shall notify all members so that members enjoy from \"______\" continuous service. Party members will visit from time to time to check the quality of customer service Party.</p><p>4, Party regularly and irregularly in writing or otherwise to carry out purchase management franchise, guiding sales management, product management, product knowledge, health management, staff management, accounting, store management, store furnishings and other aspects of provide relevant information to help franchisees implement standardized management.</p><p>5, with the party increasing the number of stores in the country, the Party will all franchise information management. Such as the management of the implementation of the contract is still valid, Party B shall comply with regulations of execution, it shall not be any reason to refuse such execution.</p><p>IX Confidentiality</p><p>1, unless required by law to be disclosed, Party B may not show business report submitted and other relevant information and detrimental to the interests of the Party information to third parties. Party B shall not leak to third parties provided by Party A to Party B business secrets and technical information detrimental to the interests of the Party according to the provisions of this contract. Party B has the responsibility to ensure that their employees do not leak to a third party before the secret key.</p><p>2, the above provisions of confidentiality obligations of the parties after the expiration of this contract is still valid.</p><p>3, Party provided hereunder to the B side of the franchise business manuals and other documentation shall return to Party B should be kept for the termination of the contract, Party B shall be returned immediately.</p><p>Ten, the assignment of the franchise and Succession</p><p>1, without the prior consent of Party B agree that any rights under the contract, all or part of the franchise business may not transfer to a third party, this shall not be used as collateral and other disposal.</p><p>2. Party franchise for obvious difficulties that may occur while business interruption, in order to maintain operational joined the chain, Party B may request the temporary headquarters of the business to succeed. Headquarters can be re-confirmed that the franchise business, it should promptly return the right business franchise. 3, gains and losses that occur during the operation of the above belong to the headquarters to take over the franchise, operating costs for field took the burden generated by the franchise.</p><p>4. The Party hopes to sell at stores or rental shop, you should first inform Party A has priority transferee and the rights of lease.</p><p>5. In which case, the parties may, through consultation, stores alienation and lease price of gold. Negotiation of intent can not be established, the parties may apply for certification or assessment legally binding, the cost borne by the Party.</p><p>XI, termination of the contract</p><p>1, before the expiration of the contract for three months, by mutual agreement, the contract can be updated.</p><p>2, the contract renewal in the preceding paragraph, should be completed one month prior to the expiration of the contract. The two sides signed a new franchise contract for collaborative text.</p><p>3. After the expiration of this contract parties do not intend to continue to cooperate, Party B shall bear the following obligations upon termination of this contract:</p><p>a, pay all fees payable to headquarters;</p><p>b, the return of all operating manuals, confidential and proprietary information;</p><p>c, transfer to Party \"______ Card\" membership registration lists;</p><p>d, restitution, resale or destruction of all with the \"______\" signs and materials for commercial signage;</p><p>e, cancel the \"______\" business registration and registration of names registered in the name</p><p>f, in the original franchise establishments outside the house, equipment, furnishings, etc., to eliminate any \"______\" There are signs of contact;</p><p>g, because the franchise business to the detriment of the interests of a third party, the liability for damages borne by the Party.</p><p>4, Party A franchise activity are liability claims may require recourse Party burden of the compensation.</p><p>Twelve, breach of contract</p><p>1. Any party who fails to perform or not fully fulfill the obligations specified in the terms of the contract, that is a breach of contract, breach by a party shall be liable for breach.</p><p>2, the two sides agreed, for the amount of defaults in the previous 10 per cent of the total Party Business Products retail price provided by Party. Such as breach of contract to the other losses, and losses in excess of the total amount of liquidated gold, the defaulting party shall also be responsible for the excess liability. Breach of contract by the other party in writing within 30 days after the failure is not corrected for correction, the other party the right to terminate the contract and the right to ask for damages.</p><p>XIII, contract disputes</p><p>1. Any dispute arising in the execution of this contract, the two sides should first friendly consultation, the consultation fails, the two sides have the right to file for arbitration to Shenzhen Arbitration Commission.</p><p>Fourth, other</p><p>1, the contract shall become effective on the date the two sides signed and sealed.</p><p>2, the original contract in duplicate, each party holding a copy of each has the same legal effect.</p><p>Party: ______ Ltd. Party B:</p><p>Address: Address:</p><p>Telephone and fax: Telephone and fax:</p><p>Principal Representative (Signature): Trust Representative (Signature):</p>','Affiliate contract','Affiliate contract'), ('4','1','概述','<h6 xss=\"removed\"><span xss=\"removed\">果壳是什么？</span></h6><p xss=\"removed\">果壳网是开放、多元的泛科技兴趣社区，并提供负责任、有智趣的科技主题内容。你可以在这里：</p><ul xss=\"removed\"><li xss=\"removed\">依兴趣关注不同的主题站和小组，阅读有意思的科技内容；</li><li xss=\"removed\">在“果壳问答”里提出困惑你的科技问题，或提供靠谱的答案；</li><li xss=\"removed\">关注各个门类和领域的果壳达人，加入兴趣讨论，分享智趣话题。</li></ul><p xss=\"removed\">果壳网的创始人是姬十三，它与科学松鼠会在运营上完全独立，后者是NGO哈赛中心旗下公益科学传播项目。</p><h6 xss=\"removed\">果壳的理想</h6><p xss=\"removed\">你曾是理工科学生吗？你小时候曾经梦想过成为科学家、工程师和医生吗？你喜欢《生活大爆炸》、变形金刚和机器猫吗？恐怕大多数人都或多或少萌生过对科技的兴趣。然而果壳网的创办者发现，在大众文化生活的层面，科技受到的待遇非常憋屈：报纸、杂志、电视，哪里找得到多少货真价实的科技内容，即便在自诩先锋的互联网上，提起科技，多半也就是指“互联网和消费电子”。</p><p xss=\"removed\">果壳网试图唤起大众对科技的兴趣：不是冷冰冰的知识，而是对身边的生活进行有意思的科技解读和创造。除了看电影听音乐玩手机，你也可以尝试在业余时间做一个长腿机器虫，认识更多的星星和路边植物，或者用科学知识去破解网络上的流言。在果壳网，你会发现生活的乐趣不仅是文艺和消费，科技将为你打开认识世界的另一扇窗。你能在这里找到许多志同道合者，发现最小众的趣味也会被欣赏，探索到许多从未想象过却如此奇妙的科技兴趣。我们梦想在未来，这些科技兴趣将改变人们的文化生活和娱乐生活。</p><h6 xss=\"removed\">果壳传媒（北京果壳互动科技传媒有限公司）</h6><p xss=\"removed\">果壳传媒是一家致力于面向公众倡导科技理念、传播科技内容的企业。2010年11月，公司推出果壳网（Guokr.com） 。在创始人兼CEO<a target=\"_blank\" href=\"http://baike.baidu.com/view/1892167.htm\" xss=\"removed\">姬十三</a>带领的专业团队努力下，果壳传媒已成为国内领先的科技传媒机构，现拥有果壳网（Guokr.com）和果壳阅读两个品牌。果壳传媒还致力于为企业量身打造面向公众的科技品牌传播方案，曾为通用汽车、通用电气、IBM、宝洁、欧莱雅、大众、奥迪等众多企业客户服务。</p><h6 xss=\"removed\">果壳名字之由来</h6><p xss=\"removed\">哈姆雷特曾言“即便我身处果壳之中，仍自以为是无限宇宙之王”，霍金以此为题著书《果壳中的宇宙》，暗示自己身处轮椅之上的那些时光。果壳网的创办者在一次洗澡中想到了这个典故，并决定用果壳来命名这个网站：网络是我们的果壳，然而这里所谈论的，大至宇宙小至原子，没有什么能束缚我们的好奇。</p><h6 xss=\"removed\">公益支持</h6><p xss=\"removed\">果壳传媒是民政注册的公益性非营利机构“哈赛科技传播中心”的发起单位，并向其提供支持。哈赛科技传播中心旗下包括<a href=\"http://baike.baidu.com/view/1596670.htm\" target=\"_blank\" xss=\"removed\">科学松鼠会</a>、<a href=\"http://guangzhui.org/\" target=\"_blank\" xss=\"removed\">未来光锥</a>、科学支教、科学互助等多个科学传播项目群。</p>','                         ','                         '), ('4','2','About Us','<h6 xss=\"removed\"><span xss=\"removed\">果壳是什么？</span></h6>\r\n<p xss=\"removed\">果壳网是开放、多元的泛科技兴趣社区，并提供负责任、有智趣的科技主题内容。你可以在这里：</p>\r\n<ul xss=\"removed\">\r\n<li xss=\"removed\">依兴趣关注不同的主题站和小组，阅读有意思的科技内容；</li>\r\n<li xss=\"removed\">在“果壳问答”里提出困惑你的科技问题，或提供靠谱的答案；</li>\r\n<li xss=\"removed\">关注各个门类和领域的果壳达人，加入兴趣讨论，分享智趣话题。</li>\r\n</ul>\r\n<p xss=\"removed\">果壳网的创始人是姬十三，它与科学松鼠会在运营上完全独立，后者是NGO哈赛中心旗下公益科学传播项目。</p>\r\n<h6 xss=\"removed\">果壳的理想</h6>\r\n<p xss=\"removed\">你曾是理工科学生吗？你小时候曾经梦想过成为科学家、工程师和医生吗？你喜欢《生活大爆炸》、变形金刚和机器猫吗？恐怕大多数人都或多或少萌生过对科技的兴趣。然而果壳网的创办者发现，在大众文化生活的层面，科技受到的待遇非常憋屈：报纸、杂志、电视，哪里找得到多少货真价实的科技内容，即便在自诩先锋的互联网上，提起科技，多半也就是指“互联网和消费电子”。</p>\r\n<p xss=\"removed\">果壳网试图唤起大众对科技的兴趣：不是冷冰冰的知识，而是对身边的生活进行有意思的科技解读和创造。除了看电影听音乐玩手机，你也可以尝试在业余时间做一个长腿机器虫，认识更多的星星和路边植物，或者用科学知识去破解网络上的流言。在果壳网，你会发现生活的乐趣不仅是文艺和消费，科技将为你打开认识世界的另一扇窗。你能在这里找到许多志同道合者，发现最小众的趣味也会被欣赏，探索到许多从未想象过却如此奇妙的科技兴趣。我们梦想在未来，这些科技兴趣将改变人们的文化生活和娱乐生活。</p>\r\n<h6 xss=\"removed\">果壳传媒（北京果壳互动科技传媒有限公司）</h6>\r\n<p xss=\"removed\">果壳传媒是一家致力于面向公众倡导科技理念、传播科技内容的企业。2010年11月，公司推出果壳网（Guokr.com） 。在创始人兼CEO<a target=\"_blank\" href=\"http://baike.baidu.com/view/1892167.htm\" xss=\"removed\">姬十三</a>带领的专业团队努力下，果壳传媒已成为国内领先的科技传媒机构，现拥有果壳网（Guokr.com）和果壳阅读两个品牌。果壳传媒还致力于为企业量身打造面向公众的科技品牌传播方案，曾为通用汽车、通用电气、IBM、宝洁、欧莱雅、大众、奥迪等众多企业客户服务。</p>\r\n<h6 xss=\"removed\">果壳名字之由来</h6>\r\n<p xss=\"removed\">哈姆雷特曾言“即便我身处果壳之中，仍自以为是无限宇宙之王”，霍金以此为题著书《果壳中的宇宙》，暗示自己身处轮椅之上的那些时光。果壳网的创办者在一次洗澡中想到了这个典故，并决定用果壳来命名这个网站：网络是我们的果壳，然而这里所谈论的，大至宇宙小至原子，没有什么能束缚我们的好奇。</p>\r\n<h6 xss=\"removed\">公益支持</h6>\r\n<p xss=\"removed\">果壳传媒是民政注册的公益性非营利机构“哈赛科技传播中心”的发起单位，并向其提供支持。哈赛科技传播中心旗下包括<a href=\"http://baike.baidu.com/view/1596670.htm\" target=\"_blank\" xss=\"removed\">科学松鼠会</a>、<a href=\"http://guangzhui.org/\" target=\"_blank\" xss=\"removed\">未来光锥</a>、科学支教、科学互助等多个科学传播项目群。</p>','                         ','                         '), ('3','2','Privacy Policy','<p>Privacy Policy<br></p>','',''), ('9','1','联系我们','<p>地址：云南省楚雄市鹿城镇</p><p>邮箱：sender@openant.com</p>','',''), ('9','2','联系我们','<p>地址：云南省楚雄市鹿城镇</p><p>邮箱：sender@openant.com</p>','','');
INSERT INTO `language` VALUES ('1','简体中文','zh-CN','zh,zh-hk,zh-tw,zh-cn,chinese','cn.png','chinese','0','1'), ('2','english','en','en_US.UTF-8,en_US,en-gb,english','gb.png','english','2','1');
INSERT INTO `layout` VALUES ('1','网站所有页面'), ('2','前台首页'), ('3','帮助中心-前台'), ('4','前台分类'), ('5','前台商品页'), ('6','内网首页'), ('7','商家中心首页'), ('8','个人中心'), ('9','Sitemap'), ('10','Affiliate'), ('11','Information'), ('17','个人中心-订单管理'), ('19','登陆页'), ('20','官网首页');
INSERT INTO `layout_module` VALUES ('69','10','0','affiliate','right','1'), ('320','6','39','product','top','1'), ('349','7','45','custom_html','above','0'), ('461','2','45','custom_html','above','0'), ('367','4','45','custom_html','above','0'), ('366','4','38','slideshow','right','0'), ('265','5','36','Will_move_text','bottom','0'), ('264','5','27','slideshow','left','0'), ('460','2','39','product','bottom','10'), ('251','1','45','custom_html','above','0'), ('358','3','27','slideshow','right','1'), ('365','4','27','slideshow','right','0'), ('348','7','48','product','bottom','0'), ('266','5','45','custom_html','above','0'), ('459','2','36','Will_move_text','bottom','100'), ('321','6','45','custom_html','above','0'), ('458','2','46','product','right','20'), ('457','2','47','Will_move_text','above','8'), ('346','8','46','product','right','0'), ('347','8','45','custom_html','above','0'), ('359','3','45','custom_html','above','0'), ('360','3','48','product','right','5'), ('363','17','48','product','left','0'), ('364','17','45','custom_html','above','0'), ('368','4','48','product','right','0'), ('392','19','27','slideshow','bottom','0'), ('464','2','59','bbs','bottom','0'), ('463','2','27','slideshow','bottom','5'), ('462','2','38','slideshow','right','10'), ('471','20','58','bbs','top','10'), ('470','20','50','custom_html','above','0'), ('469','20','59','bbs','top','0'), ('472','20','52','custom_html','bottom','50'), ('473','20','47','Will_move_text','above','5');
INSERT INTO `layout_route` VALUES ('137','6','0','admin.php/home'), ('17','10','0','home'), ('150','3','0','index.php/helper/faq'), ('203','2','0','index.php/home'), ('24','11','0','home'), ('145','7','0','sale.php/home'), ('144','8','0','index.php/user'), ('32','9','0','home'), ('127','5','0','index.php/product'), ('122','1','0','%'), ('154','4','0','index.php/product/category'), ('153','17','0','index.php/user/orders'), ('184','19','0','index.php/user/forget'), ('183','19','0','index.php/user/signin/signinup'), ('182','19','0','index.php/user/signin/login'), ('205','20','0','official.php/home');
INSERT INTO `length_class` VALUES ('1','1.00000000'), ('2','10.00000000'), ('3','0.39370080'), ('5','0.01000000'), ('6','0.10000000');
INSERT INTO `length_class_description` VALUES ('5','2','meter','m'), ('5','1','米(m)','m'), ('3','2','Inch','in'), ('1','2','Centimeter','cm'), ('2','2','Millimeter','mm'), ('1','1','厘米','cm'), ('2','1','毫米','mm'), ('3','1','英寸','in'), ('6','1','分米','dm'), ('6','2','Decimeter','dm');
INSERT INTO `manufacturer` VALUES ('1','0','image/cache/no_image/no_image-100-100-h.png','0','0','2016-09-17 11:19:03','2016-03-28 17:32:43'), ('3','0','image/cache/no_image/no_image-100-100-h.png','0','0','2016-09-17 11:19:06','2016-03-28 17:32:48'), ('11','2','image/cache/no_image/no_image-100-100-h.png','1','0','2016-09-17 11:19:08','2016-03-28 09:52:58'), ('12','0','image/cache/no_image/no_image-100-100-h.png','0','0','2016-09-17 11:19:10','2016-03-28 17:32:54'), ('13','0','image/cache/no_image/no_image-100-100-h.png','0','0','2016-09-17 11:19:13','2016-09-17 11:19:19'), ('14','1','/users/2016/02/02/1/HledWu1xavGgoNjK.png','0','0','2016-07-23 12:39:54','2016-07-23 12:51:18');
INSERT INTO `manufacturer_description` VALUES ('1','1','测试1',''), ('1','2','imss',''), ('3','1','55555',''), ('3','2','55867',''), ('11','1','新测试','新测试'), ('11','2','新测试','新测试'), ('12','1','七匹狼','七匹狼'), ('12','2','七匹狼','七匹狼'), ('13','2','七匹狼2','七匹狼'), ('13','1','七匹狼1','七匹狼'), ('14','1','12344','1245444'), ('14','2','12588','11236689');
INSERT INTO `module` VALUES ('30','Category','banner','a:5:{s:4:\"name\";s:17:\"Banner - Category\";s:9:\"banner_id\";s:1:\"6\";s:5:\"width\";s:3:\"300\";s:6:\"height\";s:3:\"300\";s:6:\"status\";s:1:\"1\";}','0'), ('29','Home Page','carousel','a:5:{s:4:\"name\";s:20:\"Carousel - Home Page\";s:9:\"banner_id\";s:1:\"8\";s:5:\"width\";s:3:\"130\";s:6:\"height\";s:3:\"100\";s:6:\"status\";s:1:\"1\";}','0'), ('28','Home Page','featured','a:6:{s:4:\"name\";s:20:\"Featured - Home Page\";s:7:\"product\";a:4:{i:0;s:2:\"43\";i:1;s:2:\"40\";i:2;s:2:\"42\";i:3;s:2:\"30\";}s:5:\"limit\";s:1:\"4\";s:5:\"width\";s:3:\"200\";s:6:\"height\";s:3:\"200\";s:6:\"status\";s:1:\"1\";}','0'), ('27','前台首页幻灯片001','slideshow','a:5:{s:4:\"name\";s:24:\"前台首页幻灯片001\";s:5:\"width\";s:3:\"860\";s:6:\"height\";s:3:\"280\";s:6:\"status\";s:1:\"1\";s:9:\"banner_id\";s:1:\"7\";}','0'), ('31','qq','sign_in_with','a:5:{s:5:\"appid\";s:9:\"101314689\";s:6:\"appkey\";s:32:\"7aa4a9db57ae9f1d6cea15cf7fa3397e\";s:5:\"extra\";s:20:\"使用QQ直接登陆\";s:6:\"status\";s:1:\"1\";s:5:\"image\";s:6:\"qq.jpg\";}','10'), ('32','weibo','sign_in_with','a:5:{s:5:\"appid\";s:10:\"2417932484\";s:6:\"appkey\";s:32:\"de26ec1f37afb9ecbd4a5241eead069b\";s:5:\"extra\";s:30:\"用新浪微博直接登陆！\";s:6:\"status\";s:1:\"1\";s:5:\"image\";s:9:\"weibo.jpg\";}','25'), ('33','google','sign_in_with','a:5:{s:5:\"appid\";s:40:\"41cb70076416752066a5260873c63f0f5e5a1c9f\";s:6:\"appkey\";s:39:\"AIzaSyCporOvEUtSHNvItR20ODJjp145jCeJ6Zs\";s:5:\"extra\";s:24:\"使用谷歌帐号登陆\";s:6:\"status\";s:1:\"1\";s:5:\"image\";s:10:\"google.jpg\";}','20'), ('34','facebook','sign_in_with','a:5:{s:5:\"appid\";s:16:\"1695656907362681\";s:6:\"appkey\";s:32:\"089a895013a2fe283847479579692257\";s:5:\"extra\";s:32:\"使用facebook帐号授权登陆\";s:6:\"status\";s:1:\"1\";s:5:\"image\";s:12:\"facebook.jpg\";}','15'), ('35','github','sign_in_with','a:5:{s:5:\"appid\";s:20:\"de04f5db87d2aedb5646\";s:6:\"appkey\";s:40:\"fbf31349826120834b4d4f20738635e689ea430c\";s:5:\"extra\";s:39:\"使用github直接登陆而无需注册\";s:6:\"status\";s:1:\"1\";s:5:\"image\";s:10:\"github.jpg\";}','5'), ('36','官网首页','Will_move_text','a:6:{s:7:\"content\";a:2:{i:1;s:67:\"开源、免费、自由;全球化多用户、多商家、多语言\";i:2;s:57:\"Globalization, multi-user, multi-business, multi-language\";}s:7:\"bgcolor\";s:7:\"#5bc0de\";s:5:\"color\";s:4:\"#FFF\";s:6:\"height\";s:2:\"55\";s:9:\"font_size\";s:2:\"25\";s:6:\"status\";s:1:\"1\";}','0'), ('48','猜你喜欢','product','a:5:{s:4:\"name\";s:12:\"猜你喜欢\";s:11:\"category_id\";s:0:\"\";s:6:\"number\";s:1:\"4\";s:5:\"order\";s:6:\"RANDOM\";s:6:\"status\";s:1:\"1\";}','0'), ('37','前台首页正文测试','Will_move_text','a:6:{s:7:\"content\";a:2:{i:1;s:74:\"基于CodeIgniter全新开发;测试帐号:demo@demo.com;密码:demo123456\";i:2;s:86:\"CodeIgniter based on newly developed;Test account: demo@demo.com; Password: demo123456\";}s:7:\"bgcolor\";s:7:\"#5bc0de\";s:5:\"color\";s:4:\"#FFF\";s:6:\"height\";s:3:\"380\";s:9:\"font_size\";s:2:\"22\";s:6:\"status\";s:1:\"1\";}','0'), ('38','首页002','slideshow','a:5:{s:4:\"name\";s:9:\"首页002\";s:5:\"width\";s:3:\"265\";s:6:\"height\";s:3:\"280\";s:6:\"status\";s:1:\"1\";s:9:\"banner_id\";s:1:\"6\";}','0'), ('39','首页1最新商品','product','a:5:{s:4:\"name\";s:12:\"最新商品\";s:11:\"category_id\";s:0:\"\";s:6:\"number\";s:1:\"9\";s:5:\"order\";s:4:\"time\";s:6:\"status\";s:1:\"1\";}','0'), ('40','1920banner','slideshow','a:5:{s:4:\"name\";s:0:\"\";s:5:\"width\";s:4:\"1920\";s:6:\"height\";s:3:\"180\";s:6:\"status\";s:1:\"1\";s:9:\"banner_id\";s:2:\"11\";}','0'), ('44','footer_html','overall','a:2:{s:5:\"zh-CN\";s:1531:\"<div class=\"col-md-3\" role=\"main\">     <h5>      关于我们</h5>     <ul class=\"list-unstyled\">      <li>       <a href=\"[removed];\">        联系我们</a>      </li>      <li>       <a href=\"[removed];\">        团队招聘      </a>      </li>      <li>       <a href=\"[removed];\">        发展历程       </a>      </li>      <li>       <a href=\"[removed];\">        需求反馈       </a>      </li>     </ul>    </div>    &lt;!-- /span3 --&gt;    <div class=\"col-md-3\" role=\"main\">     <h5>      新手入门</h5>     <ul class=\"list-unstyled\">      <li>       <a href=\"[removed];\">        注册条款</a></li>      <li>       <a href=\"[removed];\">        规则解读</a></li>      <li>       <a href=\"[removed];\">        新手引导</a></li>      <li>       <a href=\"[removed];\">        购物流程</a></li>     </ul>    </div>    &lt;!-- /span3 --&gt;    <div class=\"col-md-3\" role=\"main\">     <h5>      商家入驻</h5>     <ul class=\"list-unstyled\">      <li>       <a href=\"[removed];\">        商家规则</a></li>      <li>后台使用</li>      <li>API接口</li>     </ul>    </div>    &lt;!-- /span3 --&gt;    <div class=\"col-md-3\" role=\"main\">     <h5>      购物保障</h5>     <ul class=\"list-unstyled\">      <li>       <a href=\"#\">        七天无理由退换货</a></li>      <li>       <a href=\"#\">        相关证书</a></li>      <li>       <a href=\"#\">        质检证明</a></li>      <li>       <a href=\"#\">        经营性网站备案</a></li>     </ul>    </div>    &lt;!-- /span3 --&gt;\";s:2:\"en\";s:1958:\"<div class=\"col-md-3\" role=\"main\">     <h4>      About Free Admin Template     </h4>\r\n     <ul class=\"list-unstyled\">\r\n      <li>       <a href=\"[removed];\">        EGrappler.com       </a>      </li>\r\n      <li>       <a href=\"[removed];\">        Web Development Resources       </a>      </li>\r\n      <li>       <a href=\"[removed];\">        Responsive HTML5 Portfolio Templates       </a>      </li>\r\n      <li>       <a href=\"[removed];\">        Free Resources and Scripts       </a>      </li>\r\n     </ul>\r\n    </div>\r\n    &lt;!-- /span3 --&gt;    <div class=\"col-md-3\" role=\"main\">     <h4>      Support     </h4>\r\n     <ul class=\"list-unstyled\">\r\n      <li>       <a href=\"[removed];\">        Frequently Asked Questions       </a>      </li>\r\n      <li>       <a href=\"[removed];\">        Ask a Question       </a>      </li>\r\n      <li>       <a href=\"[removed];\">        Video Tutorial       </a>      </li>\r\n      <li>       <a href=\"[removed];\">        Feedback       </a>      </li>\r\n     </ul>\r\n    </div>\r\n    &lt;!-- /span3 --&gt;    <div class=\"col-md-3\" role=\"main\">     <h4>      Something Legal     </h4>\r\n     <ul class=\"list-unstyled\">\r\n      <li>       <a href=\"[removed];\">        Read License       </a>      </li>\r\n      <li>       <a href=\"[removed];\">        Terms of Use       </a>      </li>\r\n      <li>       <a href=\"[removed];\">        Privacy Policy       </a>      </li>\r\n     </ul>\r\n    </div>\r\n    &lt;!-- /span3 --&gt;    <div class=\"col-md-3\" role=\"main\">     <h4>      Open Source jQuery Plugins     </h4>\r\n     <ul class=\"list-unstyled\">\r\n      <li>       <a href=\"#\">        Open Source jQuery Plugins       </a>      </li>\r\n      <li>       <a href=\"#\">        HTML5 Responsive Tempaltes       </a>      </li>\r\n      <li>       <a href=\"#\">        Free Contact Form Plugin       </a>      </li>\r\n      <li>       <a href=\"#\">        Flat UI PSD       </a>      </li>\r\n     </ul>\r\n    </div>\r\n    &lt;!-- /span3 --&gt;\";}','0'), ('45','网站顶部html','custom_html','a:3:{s:5:\"zh-CN\";s:544:\"<div class=\"jumbotron margin-bootom-0 hidden-xs\"> <div class=\"container\">  <div class=\"media\">    <div class=\"media-body\">     <h5>关于蚂蚁开源</h5>最初我只是想学习 php CodeIgniter框架，然后做了一些模型，再后来写成了一个用户登陆注册的小小项目，然后每天写点，大约一年多了吧，代码累积起来就成了今天你看到的这个样子，其实你并不用称赞我为大神，我只是喜欢胡乱瞎捣鼓罢了，好了我们来说说它有什么。<br></div>   </div>   </div></div>\";s:2:\"en\";s:543:\"<div class=\"jumbotron margin-bootom-0 hidden-xs\"> <div class=\"container\">  <div class=\"media\">    <div class=\"media-body\">     <h5>About Openant</h5>At first I just wanted to learn php CodeIgniter framework, and then do some model, and then later wrote a small item registered user login, and then write something every day, some more than a year now, the code is built up to become today you see this way, you do not actually use me great praise God, I just like random blind fiddle fills us better say what.<br></div>   </div>   </div></div>\";s:6:\"status\";s:1:\"1\";}','0'), ('49','登陆注册页','slideshow','a:5:{s:4:\"name\";s:15:\"登陆注册页\";s:5:\"width\";s:3:\"380\";s:6:\"height\";s:3:\"450\";s:6:\"status\";s:1:\"1\";s:9:\"banner_id\";s:2:\"12\";}','0'), ('46','首页右热销商品','product','a:5:{s:4:\"name\";s:12:\"热销商品\";s:11:\"category_id\";s:0:\"\";s:6:\"number\";s:1:\"4\";s:5:\"order\";s:5:\"sales\";s:6:\"status\";s:1:\"1\";}','0'), ('47','发布公告','Will_move_text','a:6:{s:7:\"content\";a:2:{i:1;s:74:\"基于CodeIgniter全新开发;测试帐号:demo@demo.com;密码:demo123456\";i:2;s:86:\"CodeIgniter based on newly developed;Test account: demo@demo.com; Password: demo123456\";}s:7:\"bgcolor\";s:7:\"#5bc0de\";s:5:\"color\";s:4:\"#FFF\";s:6:\"height\";s:2:\"35\";s:9:\"font_size\";s:2:\"22\";s:6:\"status\";s:1:\"1\";}','0'), ('50','官网首页简介','custom_html','a:3:{s:5:\"zh-CN\";s:529:\"<div class=\"jumbotron margin-bootom-0 bg-success\"> <div class=\"container\">  <div class=\"media\">      <h5>什么是蚂蚁开源？</h5>其实说实话，最初我只是想学习 php CodeIgniter框架，然后做了一些模型，再后来写成了一个用户登陆注册的小小项目，然后每天写点，大约一年多了吧，代码累积起来就成了今天你看到的这个样子，其实你并不用称赞我为大神，我只是喜欢胡乱瞎捣鼓罢了，好了我们来说说它有什么。</div>   </div></div>\";s:2:\"en\";s:560:\"<div class=\"jumbotron margin-bootom-0 bg-success\"> <div class=\"container\">  <div class=\"media\">     <h5>What is the ant open source?</h5>In fact, to be honest, at first I just wanted to learn php & nbsp; CodeIgniter framework, and then do some model, and then later wrote a small item a user login for registration, and then to write every day, about a year now, the code accumulation it has become today you can see what it looks like, in fact, you do not praise me with a great God, I just like random blind fiddle fills us better say what.</div></div></div>\";s:6:\"status\";s:1:\"1\";}','0'), ('52','官网首页案例','custom_html','a:3:{s:5:\"zh-CN\";s:619:\"<h2 class=\"text-center\">合作案例</h2>\r\n\r\n\r\n<hr>\r\n\r\n\r\n<div class=\"row\">  \r\n <div class=\"col-xs-6 col-md-4 padding-left\">    <a class=\"thumbnail\">      <img src=\"image//catalog/banner-home/20160829030808Mbo13x0dnC.jpg\" alt=\"...\">    </a>  </div>\r\n\r\n\r\n    <div class=\"col-xs-6 col-md-4 padding-left\">    <a class=\"thumbnail\">      <img src=\"image//catalog/banner-home/20160829030808Mbo13x0dnC.jpg\" alt=\"...\">    </a>  </div>\r\n\r\n\r\n    <div class=\"col-xs-6 col-md-4 padding-left\">    <a class=\"thumbnail\">      <img src=\"image//catalog/banner-home/20160829030808Mbo13x0dnC.jpg\" alt=\"...\">    </a>  </div>\r\n\r\n\r\n  </div>\r\n\";s:2:\"en\";s:619:\"<h2 class=\"text-center\">合作案例</h2>\r\n\r\n\r\n<hr>\r\n\r\n\r\n<div class=\"row\">  \r\n <div class=\"col-xs-6 col-md-4 padding-left\">    <a class=\"thumbnail\">      <img src=\"image//catalog/banner-home/20160829030808Mbo13x0dnC.jpg\" alt=\"...\">    </a>  </div>\r\n\r\n\r\n    <div class=\"col-xs-6 col-md-4 padding-left\">    <a class=\"thumbnail\">      <img src=\"image//catalog/banner-home/20160829030808Mbo13x0dnC.jpg\" alt=\"...\">    </a>  </div>\r\n\r\n\r\n    <div class=\"col-xs-6 col-md-4 padding-left\">    <a class=\"thumbnail\">      <img src=\"image//catalog/banner-home/20160829030808Mbo13x0dnC.jpg\" alt=\"...\">    </a>  </div>\r\n\r\n\r\n  </div>\r\n\";s:6:\"status\";s:1:\"1\";}','0'), ('58','首页热门帖子','bbs','a:4:{s:9:\"view_name\";s:12:\"活跃话题\";s:4:\"type\";s:6:\"active\";s:5:\"limit\";s:2:\"10\";s:6:\"status\";s:1:\"1\";}','0'), ('59','首页精华帖','bbs','a:4:{s:9:\"view_name\";s:12:\"精华话题\";s:4:\"type\";s:9:\"very_good\";s:5:\"limit\";s:2:\"10\";s:6:\"status\";s:1:\"1\";}','0');
INSERT INTO `my_tracks` VALUES ('1','53','1','1','2016-07-23 03:28:00'), ('2','76','1','1','2016-09-17 01:29:46'), ('3','74','1','2','2016-09-13 11:59:10'), ('4','54','1','1','2016-08-31 22:01:01'), ('5','75','1','15','2016-09-13 09:50:09'), ('6','73','1','1','2016-09-15 21:06:49'), ('7','72','1','1','2016-09-13 08:55:03'), ('8','57','1','1','2016-09-13 09:52:52'), ('9','52','1','2','2016-09-03 11:57:45'), ('10','58','1','1','2016-08-17 09:14:39'), ('11','75','13','15','2016-08-06 12:02:58'), ('12','76','13','1','2016-08-06 12:03:06'), ('13','76','28','1','2016-08-26 14:32:14');
INSERT INTO `openant` VALUES ('d4c6bb685a3d5c748fca27072ba6ebe424dc0d0a','127.0.0.1','1473948575','__ci_last_regenerate|i:1473948575;language_id|s:1:\"1\";language_code|s:5:\"zh-CN\";language_name|s:7:\"chinese\";currency_id|s:1:\"1\";token|s:32:\"41d38fb2dc68d348f72b154e9a7cd837\";'), ('959f00966c80bd89741e85f99adee5e4dbd5aa1e','127.0.0.1','1473948248','__ci_last_regenerate|i:1473948248;language_id|s:1:\"1\";language_code|s:5:\"zh-CN\";language_name|s:7:\"chinese\";currency_id|s:1:\"1\";token|s:32:\"41d38fb2dc68d348f72b154e9a7cd837\";'), ('fb37aa59a273166241f6a688f4ff7f3fdfff337e','127.0.0.1','1473947478','__ci_last_regenerate|i:1473947478;language_id|s:1:\"1\";language_code|s:5:\"zh-CN\";language_name|s:7:\"chinese\";currency_id|s:1:\"1\";token|s:32:\"41d38fb2dc68d348f72b154e9a7cd837\";'), ('359fe4513952993e609ad95037bcb87a7230749b','127.0.0.1','1473946999','__ci_last_regenerate|i:1473946999;language_id|s:1:\"1\";language_code|s:5:\"zh-CN\";language_name|s:7:\"chinese\";currency_id|s:1:\"1\";token|s:32:\"41d38fb2dc68d348f72b154e9a7cd837\";'), ('869a0abf62d6505a34eaeec9ab9bfa9797a737c4','127.0.0.1','1473946626','__ci_last_regenerate|i:1473946626;token|s:32:\"4e6689d6d69399a1db23a82bfe457637\";language_id|s:1:\"1\";language_code|s:5:\"zh-CN\";language_name|s:7:\"chinese\";currency_id|s:1:\"1\";user_id|s:1:\"1\";'), ('1d3c3c8ae803e3096b226722b1c7666370d12090','127.0.0.1','1473946136','__ci_last_regenerate|i:1473946136;token|s:32:\"4e6689d6d69399a1db23a82bfe457637\";language_id|s:1:\"1\";language_code|s:5:\"zh-CN\";language_name|s:7:\"chinese\";currency_id|s:1:\"1\";user_id|s:1:\"1\";'), ('44bae8bf21071f21889f938a67ed98936fccf0f5','127.0.0.1','1473945528','__ci_last_regenerate|i:1473945525;token|s:32:\"ba808b458b9d97c3a768bbbf6067d459\";language_id|s:1:\"1\";language_code|s:5:\"zh-CN\";language_name|s:7:\"chinese\";currency_id|s:1:\"1\";'), ('c22d3991491f8e3ff37f988c8337e1ef0b5d8c05','127.0.0.1','1473945525','__ci_last_regenerate|i:1473945525;token|s:32:\"ba808b458b9d97c3a768bbbf6067d459\";language_id|s:1:\"1\";language_code|s:5:\"zh-CN\";language_name|s:7:\"chinese\";currency_id|s:1:\"1\";fali|s:44:\"尝试登陆次数过多，30分钟后重试\";__ci_vars|a:1:{s:4:\"fali\";s:3:\"old\";}'), ('5742714f5d6bed287d7e2440a5f7a155414bbc9e','127.0.0.1','1473945020','__ci_last_regenerate|i:1473945019;token|s:32:\"8233bfd3a67f6e19acafc6f0553e9378\";language_id|s:1:\"1\";language_code|s:5:\"zh-CN\";language_name|s:7:\"chinese\";currency_id|s:1:\"1\";'), ('b40742c5aa3eeaca5cfeefc27053981460d93564','127.0.0.1','1473945019','__ci_last_regenerate|i:1473945016;token|s:32:\"80b613ddfe35eba61008c325e592c96c\";language_id|s:1:\"1\";language_code|s:5:\"zh-CN\";language_name|s:7:\"chinese\";currency_id|s:1:\"1\";'), ('9b8b4338f07ed2ea2a91aab80c0dd7359bdcaa3c','127.0.0.1','1473944647','__ci_last_regenerate|i:1473944646;'), ('b35616ceb7ad7e2805ecc3ed85957b59d9a588c0','127.0.0.1','1473945819','__ci_last_regenerate|i:1473945819;token|s:32:\"4e6689d6d69399a1db23a82bfe457637\";language_id|s:1:\"1\";language_code|s:5:\"zh-CN\";language_name|s:7:\"chinese\";currency_id|s:1:\"1\";user_id|s:1:\"1\";'), ('6f38070a15c6e9e6d5ec192855e4bd89c776d4c5','127.0.0.1','1473944449','__ci_last_regenerate|i:1473944448;'), ('7b5b0b676ff6e1d000e05a2dd0a8ab6bed40fc52','127.0.0.1','1473944645','__ci_last_regenerate|i:1473944645;'), ('becaec50b48ff69d2ec8df81aa5158ae4527455f','127.0.0.1','1473944445','__ci_last_regenerate|i:1473944445;'), ('2006fdd51e2ef8609182919360ed313e6d3820cd','127.0.0.1','1473944448','__ci_last_regenerate|i:1473944447;'), ('96ea6c4fa27264cf7d4f593fa55f6ed74e325093','127.0.0.1','1473944444','__ci_last_regenerate|i:1473944444;'), ('df1be536f893e5f8bf2e7788679c0fe3688c306b','127.0.0.1','1473944422','__ci_last_regenerate|i:1473944421;'), ('1118bc04d900505e9ffbd1c6c328bf5c860d1554','127.0.0.1','1473944768','__ci_last_regenerate|i:1473944768;token|s:32:\"4e6689d6d69399a1db23a82bfe457637\";language_id|s:1:\"1\";language_code|s:5:\"zh-CN\";language_name|s:7:\"chinese\";currency_id|s:1:\"1\";user_id|s:1:\"1\";'), ('e84ebb758b4971d507edc5f17ec275828f5b88cc','127.0.0.1','1473944416','__ci_last_regenerate|i:1473944416;'), ('9db441c08a88aa53cf26971f4b08fdab669dc061','127.0.0.1','1473944417','__ci_last_regenerate|i:1473944417;'), ('9f9e7720d5cbfd14374d8d77eae54d58efe0073e','127.0.0.1','1473944420','__ci_last_regenerate|i:1473944420;'), ('339983604f0c33ab77807fb66f9b491cac1822ee','127.0.0.1','1473944263','__ci_last_regenerate|i:1473944262;'), ('17345a635dcc39d1d7e5b18a9b41238dac1f6dae','127.0.0.1','1473944378','__ci_last_regenerate|i:1473944377;'), ('2d3f0ba6ee54ef8ce190146aa91da3cfe1ffc341','127.0.0.1','1473944379','__ci_last_regenerate|i:1473944378;'), ('2227564666fed2a657b58fecac496e5039d3e30b','127.0.0.1','1473944195','__ci_last_regenerate|i:1473944194;'), ('29b80b2df6af2a87b9b2d02288b7cb4ab667bf63','127.0.0.1','1473944196','__ci_last_regenerate|i:1473944195;'), ('dedd47373040fbc3d8e9ed48e05cd4653b9ea1c9','127.0.0.1','1473944261','__ci_last_regenerate|i:1473944261;'), ('bc6b8cf71edb2e58773c12c5a830d2f854fe1670','127.0.0.1','1473944178','__ci_last_regenerate|i:1473944177;'), ('04c3b797f57ef4f46c31dee8357ea5f8a32f5335','127.0.0.1','1473944179','__ci_last_regenerate|i:1473944178;'), ('10561b3a1820c4bca868b668bb3fdcf892b737e6','127.0.0.1','1473944089','__ci_last_regenerate|i:1473944089;'), ('a2fcfc4737726f3f2e4ef5dec2fc4f1cd19a7089','127.0.0.1','1473944091','__ci_last_regenerate|i:1473944090;'), ('e60b529e516125b46b8d1919fb425844fcdd1e17','127.0.0.1','1473944074','__ci_last_regenerate|i:1473944073;'), ('0b9b6ab1403e717d47067aa363716f9187032fb4','127.0.0.1','1473944075','__ci_last_regenerate|i:1473944074;'), ('ba64b44985b154881af0f4fdb16136b2d361130d','127.0.0.1','1473944033','__ci_last_regenerate|i:1473944032;'), ('2c2c5b1a0afb7e798888033def26a43c2628e954','127.0.0.1','1473944034','__ci_last_regenerate|i:1473944033;'), ('7be0f1f891d505be7b309dc7e7c3d1f8127320e6','127.0.0.1','1473943687','__ci_last_regenerate|i:1473943687;language_id|s:1:\"1\";language_code|s:5:\"zh-CN\";language_name|s:7:\"chinese\";currency_id|s:1:\"1\";token|s:32:\"e5108c6598e3b85c2697851b362b130b\";fali|s:30:\"登陆超时请重新登陆！\";__ci_vars|a:1:{s:4:\"fali\";s:3:\"new\";}'), ('1ff546ba2f776f0ab2d9d00bb315423d1e022a1d','127.0.0.1','1473943667','__ci_last_regenerate|i:1473943666;language_id|s:1:\"1\";language_code|s:5:\"zh-CN\";language_name|s:7:\"chinese\";currency_id|s:1:\"1\";token|s:32:\"1c847f4b523209b87bff5ef7eb09dcc7\";fali|s:30:\"登陆超时请重新登陆！\";__ci_vars|a:1:{s:4:\"fali\";s:3:\"new\";}'), ('dfaa7aec7c169b3fb036e9d048b3c29f6f2a3b0f','127.0.0.1','1473943636','__ci_last_regenerate|i:1473943635;language_id|s:1:\"1\";language_code|s:5:\"zh-CN\";language_name|s:7:\"chinese\";currency_id|s:1:\"1\";'), ('0f2c95cd92a0bbfac6846a2bb52570a709207c3c','127.0.0.1','1473943568','__ci_last_regenerate|i:1473943567;language_id|s:1:\"1\";language_code|s:5:\"zh-CN\";language_name|s:7:\"chinese\";currency_id|s:1:\"1\";'), ('c07d5d2dfdfc58fe3e03b6df07ee0527ec2bc644','127.0.0.1','1473943490','__ci_last_regenerate|i:1473943489;language_id|s:1:\"1\";language_code|s:5:\"zh-CN\";language_name|s:7:\"chinese\";currency_id|s:1:\"1\";'), ('ee2673affd46c3498eefce74e6f4a995a008e9e5','127.0.0.1','1473943566','__ci_last_regenerate|i:1473943566;language_id|s:1:\"1\";language_code|s:5:\"zh-CN\";language_name|s:7:\"chinese\";currency_id|s:1:\"1\";'), ('e5bdc53de090412b36b34f6c8ba2a40c669415bb','127.0.0.1','1473877108','__ci_last_regenerate|i:1473877098;token|s:32:\"3a5a6f9d84fbd1c016a32392fd37e771\";language_id|s:1:\"1\";language_code|s:5:\"zh-CN\";language_name|s:7:\"chinese\";currency_id|s:1:\"1\";'), ('a9ce152a05f163f682d37fae5135b0808945c5aa','127.0.0.1','1473875566','__ci_last_regenerate|i:1473875566;token|s:32:\"3e9a5f28306e3992f9b7827f3ad471eb\";language_id|s:1:\"1\";language_code|s:5:\"zh-CN\";language_name|s:7:\"chinese\";'), ('5e5fa21b3175c3ee268fa935db608aaaa1fd326a','127.0.0.1','1473875566','__ci_last_regenerate|i:1473875566;token|s:32:\"01f4b012e2c610c5413afc76bfce221c\";language_id|s:1:\"1\";language_code|s:5:\"zh-CN\";language_name|s:7:\"chinese\";'), ('a28f92b2f6b58c575a739d824adc6d7ca84ce3c4','127.0.0.1','1473875265','__ci_last_regenerate|i:1473875265;token|s:32:\"fd9394d9c5ef76008f3e8b83f9d479f4\";language_id|s:1:\"1\";language_code|s:5:\"zh-CN\";language_name|s:7:\"chinese\";'), ('ae44096c0c81ac8150f59c582773fe326b730704','127.0.0.1','1473875265','__ci_last_regenerate|i:1473875265;token|s:32:\"faa848dd046a57cbb320a74b1f9123bb\";language_id|s:1:\"1\";language_code|s:5:\"zh-CN\";language_name|s:7:\"chinese\";'), ('bb797f7308daed74d2b1945f37aabbf47ea825ec','127.0.0.1','1473875263','__ci_last_regenerate|i:1473875263;token|s:32:\"196f338446de6b86240a2f87f14ac515\";language_id|s:1:\"1\";language_code|s:5:\"zh-CN\";language_name|s:7:\"chinese\";'), ('908e594b8c4ea630d6f97917ce0fdeef2e545fa7','127.0.0.1','1473874819','__ci_last_regenerate|i:1473874819;token|s:32:\"a5963f8b5cc1b391afe10cd31f8809a9\";language_id|s:1:\"1\";language_code|s:5:\"zh-CN\";language_name|s:7:\"chinese\";'), ('0cd2a4c1034fbeaad1ebc9bd201fbc5bf961cbfa','127.0.0.1','1473874821','__ci_last_regenerate|i:1473874821;token|s:32:\"f1409f5f0dd0d804ec6837d88c404e88\";language_id|s:1:\"1\";language_code|s:5:\"zh-CN\";language_name|s:7:\"chinese\";'), ('62348f5dbf7c97526cee0463ec65fcc3f9643423','127.0.0.1','1473874822','__ci_last_regenerate|i:1473874822;token|s:32:\"ce47d140710813f8ecfcb04f1aa21548\";language_id|s:1:\"1\";language_code|s:5:\"zh-CN\";language_name|s:7:\"chinese\";'), ('246d1f0eb0ff0835644dad912b74a4072fc1dc0a','127.0.0.1','1473875259','__ci_last_regenerate|i:1473875259;token|s:32:\"153f90798a329d5dcff78bcf0eef0f98\";language_id|s:1:\"1\";language_code|s:5:\"zh-CN\";language_name|s:7:\"chinese\";'), ('23f36da7e681a17ecdfd5d38ef74c4b2826e7bf0','127.0.0.1','1473875260','__ci_last_regenerate|i:1473875260;token|s:32:\"2f5a051c4fdf5cfa9716020edee03834\";language_id|s:1:\"1\";language_code|s:5:\"zh-CN\";language_name|s:7:\"chinese\";'), ('25f5769dbbd1d1e5061f303c64b1ccd035fe1c3b','127.0.0.1','1473875262','__ci_last_regenerate|i:1473875262;token|s:32:\"323a008968415959917b2295a60b9e8a\";language_id|s:1:\"1\";language_code|s:5:\"zh-CN\";language_name|s:7:\"chinese\";'), ('b92d334a125a7c25ebda7fc731e77810b1f72443','127.0.0.1','1473874755','__ci_last_regenerate|i:1473874755;token|s:32:\"20d35d0db33e9180208cfb65fd431cc6\";language_id|s:1:\"1\";language_code|s:5:\"zh-CN\";language_name|s:7:\"chinese\";'), ('3f70a46578669fb86191d5a21153a439b0cd1fec','127.0.0.1','1473874758','__ci_last_regenerate|i:1473874758;token|s:32:\"3d00f38b4f45b1ca1c9ce8bae9a793fd\";language_id|s:1:\"1\";language_code|s:5:\"zh-CN\";language_name|s:7:\"chinese\";'), ('8b1779fa9b27dd03bb1427065bf6eaf80c103d7d','127.0.0.1','1473874758','__ci_last_regenerate|i:1473874758;token|s:32:\"d5eb374e87309ef0e775da3bea57467c\";language_id|s:1:\"1\";language_code|s:5:\"zh-CN\";language_name|s:7:\"chinese\";'), ('e8f6d80eb67fb715559bc4582dc2c26df81b2720','127.0.0.1','1473874817','__ci_last_regenerate|i:1473874817;token|s:32:\"bbc2b70e7512de15d1366e5a7fe4d66c\";language_id|s:1:\"1\";language_code|s:5:\"zh-CN\";language_name|s:7:\"chinese\";'), ('fc48905f0b7137325b10645c27db2e032486861e','127.0.0.1','1473874817','__ci_last_regenerate|i:1473874817;token|s:32:\"7961250d6310c8d0745396bbf7188d98\";language_id|s:1:\"1\";language_code|s:5:\"zh-CN\";language_name|s:7:\"chinese\";'), ('7d02fbd963d3340d76697dbfcae903bac9099624','127.0.0.1','1473874819','__ci_last_regenerate|i:1473874819;token|s:32:\"d0aa1f812a8ab24ad571f44b454cb178\";language_id|s:1:\"1\";language_code|s:5:\"zh-CN\";language_name|s:7:\"chinese\";'), ('8bcebea029266df59b6f84f1b9e2afea5f425265','127.0.0.1','1473874676','__ci_last_regenerate|i:1473874675;token|s:32:\"3a0a73360fb9e56ea7f9aad6f2453b56\";language_id|s:1:\"1\";language_code|s:5:\"zh-CN\";language_name|s:7:\"chinese\";currency_id|s:1:\"1\";'), ('3669501b71e1f1fe384694682b89dd5672f411ce','127.0.0.1','1473874678','__ci_last_regenerate|i:1473874677;token|s:32:\"c6438c8938c706319ec45a598d8501a8\";language_id|s:1:\"1\";language_code|s:5:\"zh-CN\";language_name|s:7:\"chinese\";currency_id|s:1:\"1\";'), ('d9b01f0f17a235d90ca9d9d44998cecda9dcbfc6','127.0.0.1','1473874679','__ci_last_regenerate|i:1473874678;token|s:32:\"7fd58a87ef3842d6d79cb585ece22b79\";language_id|s:1:\"1\";language_code|s:5:\"zh-CN\";language_name|s:7:\"chinese\";currency_id|s:1:\"1\";'), ('828cbad220ae3f5285d22ac229a3f4e4bd0f4487','127.0.0.1','1473874681','__ci_last_regenerate|i:1473874680;token|s:32:\"8b04b8a618d895974a9e635784b075e4\";language_id|s:1:\"1\";language_code|s:5:\"zh-CN\";language_name|s:7:\"chinese\";currency_id|s:1:\"1\";'), ('f2ce51b9b2db8f2c743dca2778e6c6e8188902db','127.0.0.1','1473874682','__ci_last_regenerate|i:1473874682;token|s:32:\"22fbc10ab0b17389e11363e0625809d4\";language_id|s:1:\"1\";language_code|s:5:\"zh-CN\";language_name|s:7:\"chinese\";currency_id|s:1:\"1\";'), ('649630364725fca2524855ef55c6f34c07caf42c','127.0.0.1','1473874754','__ci_last_regenerate|i:1473874754;token|s:32:\"23648194afc380c0b8ca9ce115371909\";language_id|s:1:\"1\";language_code|s:5:\"zh-CN\";language_name|s:7:\"chinese\";'), ('9794a0a0735a2e79e72010fc214cd25e9925ee30','127.0.0.1','1473874463','__ci_last_regenerate|i:1473874463;token|s:32:\"b8ab011a724bf8e89e616cf439b0e402\";language_id|s:1:\"1\";language_code|s:5:\"zh-CN\";language_name|s:7:\"chinese\";'), ('cdd5c1a29d623a45b0c2f36aabf908e6100332da','127.0.0.1','1473874465','__ci_last_regenerate|i:1473874465;token|s:32:\"07abae8f74c055142060148696cc9d84\";language_id|s:1:\"1\";language_code|s:5:\"zh-CN\";language_name|s:7:\"chinese\";'), ('be57aa91019a4b16047de2e521e4106704a0e4a5','127.0.0.1','1473874465','__ci_last_regenerate|i:1473874465;token|s:32:\"0169ae33098ab6276fe82311a067dcbe\";language_id|s:1:\"1\";language_code|s:5:\"zh-CN\";language_name|s:7:\"chinese\";'), ('1a1a73e6101c9271b59ba1048732c19c819c2133','127.0.0.1','1473874607','__ci_last_regenerate|i:1473874469;token|s:32:\"aa86257cd8f55ec3aee1d97a2b74bac1\";language_id|s:1:\"1\";language_code|s:5:\"zh-CN\";language_name|s:7:\"chinese\";currency_id|s:1:\"1\";'), ('108c385e90d9b8cfaf4dbb71bf2ff668f6aca008','127.0.0.1','1473874674','__ci_last_regenerate|i:1473874673;token|s:32:\"107ce7e607d4d6e3f9d384f97a195240\";language_id|s:1:\"1\";language_code|s:5:\"zh-CN\";language_name|s:7:\"chinese\";currency_id|s:1:\"1\";'), ('0807ee3080b9cbce71c74b6e89ded177bd30c49a','127.0.0.1','1473873940','__ci_last_regenerate|i:1473873939;token|s:32:\"3fb991e8640fe6da7c3b9d6ae597dc3d\";language_id|s:1:\"1\";language_code|s:5:\"zh-CN\";language_name|s:7:\"chinese\";currency_id|s:1:\"1\";'), ('0c53a4d1eba7c80b7951bf2b9b9770d7ca972407','127.0.0.1','1473873993','__ci_last_regenerate|i:1473873992;token|s:32:\"02a8f352156a64a0636eccf832ef0c62\";language_id|s:1:\"1\";language_code|s:5:\"zh-CN\";language_name|s:7:\"chinese\";currency_id|s:1:\"1\";'), ('3a017fc043a5a66a7fc87c8344aebfcea12a1591','127.0.0.1','1473873994','__ci_last_regenerate|i:1473873993;token|s:32:\"c6bdf637deaa5e1fd5e15eea0a22e109\";language_id|s:1:\"1\";language_code|s:5:\"zh-CN\";language_name|s:7:\"chinese\";currency_id|s:1:\"1\";'), ('31b9500ed9b8d2822364de66f512a55a35d858c1','127.0.0.1','1473874316','__ci_last_regenerate|i:1473874316;token|s:32:\"4606132c261b3a6143bd21119c5e2d4c\";language_id|s:1:\"1\";language_code|s:5:\"zh-CN\";language_name|s:7:\"chinese\";'), ('441dd69f7bbfdc63023b8f1beb37d4bda2f28864','127.0.0.1','1473874316','__ci_last_regenerate|i:1473874316;token|s:32:\"b96b8edb78ee45023dde8914df24d0e1\";language_id|s:1:\"1\";language_code|s:5:\"zh-CN\";language_name|s:7:\"chinese\";'), ('9397e64d47c6bd54c330d06e71966a60c455872a','127.0.0.1','1473874463','__ci_last_regenerate|i:1473874463;token|s:32:\"1d9d3e5dc77bf5dfd6c3198891b5aeb7\";language_id|s:1:\"1\";language_code|s:5:\"zh-CN\";language_name|s:7:\"chinese\";'), ('3908dbbba148f592b6c61305b2b2e1c45e056720','127.0.0.1','1473873733','__ci_last_regenerate|i:1473873733;token|s:32:\"4c2edcc2db6422c8e0310436380cfdf3\";language_id|s:1:\"1\";language_code|s:5:\"zh-CN\";language_name|s:7:\"chinese\";'), ('845ff9a62c0b5c9d69e84d6303567c27b4f13747','127.0.0.1','1473873736','__ci_last_regenerate|i:1473873736;token|s:32:\"5ed337e41e8055717e9378b648cfd90b\";language_id|s:1:\"1\";language_code|s:5:\"zh-CN\";language_name|s:7:\"chinese\";'), ('f6eaca64862e4dbe89f70802075616491f8f3882','127.0.0.1','1473873737','__ci_last_regenerate|i:1473873737;token|s:32:\"18c1cf68fbbf7ab828f23ba550f951ee\";language_id|s:1:\"1\";language_code|s:5:\"zh-CN\";language_name|s:7:\"chinese\";'), ('0b1c0068dff71781fcc1a38d965c468b334d3812','127.0.0.1','1473874469','__ci_last_regenerate|i:1473874469;token|s:32:\"aa86257cd8f55ec3aee1d97a2b74bac1\";language_id|s:1:\"1\";language_code|s:5:\"zh-CN\";language_name|s:7:\"chinese\";currency_id|s:1:\"1\";'), ('7fb5bb06a91b864ccac959785037bce5446637f7','127.0.0.1','1473873939','__ci_last_regenerate|i:1473873938;token|s:32:\"ccd30473c978ff3f1c1d2ba9451c29cb\";language_id|s:1:\"1\";language_code|s:5:\"zh-CN\";language_name|s:7:\"chinese\";currency_id|s:1:\"1\";'), ('014675e68cd3b5359fbae902e22433c2292aa496','127.0.0.1','1473873473','__ci_last_regenerate|i:1473873473;token|s:32:\"586af089ff1b741c01883f3d3983df85\";language_id|s:1:\"1\";language_code|s:5:\"zh-CN\";language_name|s:7:\"chinese\";'), ('be8065d9f9f7c335bc23ccdd91151608945a9e4c','127.0.0.1','1473873475','__ci_last_regenerate|i:1473873475;token|s:32:\"f387637ccd22054fed25db69302d080b\";language_id|s:1:\"1\";language_code|s:5:\"zh-CN\";language_name|s:7:\"chinese\";'), ('ccd2fd9fcbe8c93c691a4f116324a8757af0525e','127.0.0.1','1473873694','__ci_last_regenerate|i:1473873694;token|s:32:\"d5be9fc61e69ef25af225464615b2f9e\";language_id|s:1:\"1\";language_code|s:5:\"zh-CN\";language_name|s:7:\"chinese\";'), ('fbffc1e97ee4b09b31b9907ca862fffec8b51641','127.0.0.1','1473873701','__ci_last_regenerate|i:1473873701;token|s:32:\"8e44e41fe13b7a2e5c67cc501443ce80\";language_id|s:1:\"1\";language_code|s:5:\"zh-CN\";language_name|s:7:\"chinese\";'), ('bcf5b1916098f534331e486f04f267965b39bcea','127.0.0.1','1473873701','__ci_last_regenerate|i:1473873701;token|s:32:\"f302646ba646651defb24e69b3c3b8e0\";language_id|s:1:\"1\";language_code|s:5:\"zh-CN\";language_name|s:7:\"chinese\";'), ('7169676cf8b2a306d67df3728bc42efde3f02f19','127.0.0.1','1473873732','__ci_last_regenerate|i:1473873732;token|s:32:\"53959f5e740416a79f0f799afbe29da6\";language_id|s:1:\"1\";language_code|s:5:\"zh-CN\";language_name|s:7:\"chinese\";'), ('8dc9e97342974abdc89be68357f9c7a37b17d8ce','127.0.0.1','1473873330','__ci_last_regenerate|i:1473873330;token|s:32:\"ec83cf7b04540c0cb82146d81dac4141\";language_id|s:1:\"1\";language_code|s:5:\"zh-CN\";language_name|s:7:\"chinese\";'), ('ef3126c26c8c62e7b2a54a33e985f2a09e062f04','127.0.0.1','1473873405','__ci_last_regenerate|i:1473873405;token|s:32:\"6778c5b9bc4cc0444ee547097f198e63\";language_id|s:1:\"1\";language_code|s:5:\"zh-CN\";language_name|s:7:\"chinese\";'), ('42d45ca3c26671435257d8a5d89712b4c88a2d91','127.0.0.1','1473873436','__ci_last_regenerate|i:1473873436;token|s:32:\"7408adde8bee8f713ab20171b88c7504\";language_id|s:1:\"1\";language_code|s:5:\"zh-CN\";language_name|s:7:\"chinese\";'), ('5ee99d8fb785897ab66030731c22e4c688f8a042','127.0.0.1','1473873438','__ci_last_regenerate|i:1473873438;token|s:32:\"306d6f97ebd87463254ad4d5a63e4cb0\";language_id|s:1:\"1\";language_code|s:5:\"zh-CN\";language_name|s:7:\"chinese\";'), ('f0dbaa578ec5a7755130ff0c54985a434c80e5eb','127.0.0.1','1473873441','__ci_last_regenerate|i:1473873441;token|s:32:\"633667bd3ab6379b1f24fdf23c04b794\";language_id|s:1:\"1\";language_code|s:5:\"zh-CN\";language_name|s:7:\"chinese\";'), ('f93ae2edefc2f256fb60a7286190a82a5c815552','127.0.0.1','1473873470','__ci_last_regenerate|i:1473873470;token|s:32:\"da5981a0d7b2a7b642984995d724f2c4\";language_id|s:1:\"1\";language_code|s:5:\"zh-CN\";language_name|s:7:\"chinese\";'), ('00698daf453529e6446ebeab8808fadd535659c0','127.0.0.1','1473872851','__ci_last_regenerate|i:1473872851;token|s:32:\"dcb6ea6a35e20b7c1995e70ffea4bc17\";language_id|s:1:\"1\";language_code|s:5:\"zh-CN\";language_name|s:7:\"chinese\";'), ('ba2e44a523723216eee26e5044c11dea334be831','127.0.0.1','1473872853','__ci_last_regenerate|i:1473872851;token|s:32:\"6634a77d9e697acf0ec15810b08ad2b6\";language_id|s:1:\"1\";language_code|s:5:\"zh-CN\";language_name|s:7:\"chinese\";currency_id|s:1:\"1\";'), ('8c77e74433ce057f647ae81dad35802006010e83','127.0.0.1','1473873173','__ci_last_regenerate|i:1473873173;token|s:32:\"c2c7e4f83f2d97b0dfcadef10e6f63fe\";language_id|s:1:\"1\";language_code|s:5:\"zh-CN\";language_name|s:7:\"chinese\";'), ('57c8367b324a635d8761f1af2bcdef0ce89a62b1','127.0.0.1','1473873882','__ci_last_regenerate|i:1473873882;token|s:32:\"aa86257cd8f55ec3aee1d97a2b74bac1\";language_id|s:1:\"1\";language_code|s:5:\"zh-CN\";language_name|s:7:\"chinese\";currency_id|s:1:\"1\";'), ('867f7f7ccedaf9df8a3065d1968af617bfd03964','127.0.0.1','1473873327','__ci_last_regenerate|i:1473873327;token|s:32:\"24277d81667b7717755a4728e6cdc4da\";language_id|s:1:\"1\";language_code|s:5:\"zh-CN\";language_name|s:7:\"chinese\";'), ('5b42f45497e01ab18194ed26b71e1ce643f457b0','127.0.0.1','1473872821','__ci_last_regenerate|i:1473872819;token|s:32:\"45187f7de9b2de9ebffaa83e2f06cb9a\";language_id|s:1:\"1\";language_code|s:5:\"zh-CN\";language_name|s:7:\"chinese\";currency_id|s:1:\"1\";');
INSERT INTO `openant` VALUES ('3514b84313a2f0b1d322563d0373ca06237272e3','127.0.0.1','1473872824','__ci_last_regenerate|i:1473872823;token|s:32:\"881eed65f13bb4960def0f39a9a85f05\";language_id|s:1:\"1\";language_code|s:5:\"zh-CN\";language_name|s:7:\"chinese\";currency_id|s:1:\"1\";'), ('718ae06b90c4696a7868435d65578f15f4f2688b','127.0.0.1','1473872834','__ci_last_regenerate|i:1473872833;token|s:32:\"e3f2bdf54897ad43c7acfb6664e79d2f\";language_id|s:1:\"1\";language_code|s:5:\"zh-CN\";language_name|s:7:\"chinese\";'), ('e449be0a1793952ae58032258467a39c87121821','127.0.0.1','1473872836','__ci_last_regenerate|i:1473872835;token|s:32:\"1b07e28c41374e7a2f481f08eafbda70\";language_id|s:1:\"1\";language_code|s:5:\"zh-CN\";language_name|s:7:\"chinese\";currency_id|s:1:\"1\";'), ('7a14883bb98b49ec09d0c0fa80e0a791c1ee2dce','127.0.0.1','1473872846','__ci_last_regenerate|i:1473872846;token|s:32:\"21dcaa6a64722c9939aa193649e5e199\";language_id|s:1:\"1\";language_code|s:5:\"zh-CN\";language_name|s:7:\"chinese\";'), ('d71eb93a4b9769baa92c632538527903ca9d14a3','127.0.0.1','1473872848','__ci_last_regenerate|i:1473872846;token|s:32:\"93054cf3102f62e91ed7f3405c233223\";language_id|s:1:\"1\";language_code|s:5:\"zh-CN\";language_name|s:7:\"chinese\";currency_id|s:1:\"1\";'), ('a597cdecf023dc00f1fc2c705140fd4168c1b33c','127.0.0.1','1473871805','__ci_last_regenerate|i:1473871804;token|s:32:\"bd535f886c988d2e8cd1900f7918e24b\";language_id|s:1:\"1\";language_code|s:5:\"zh-CN\";language_name|s:7:\"chinese\";currency_id|s:1:\"1\";'), ('3bb78ae6aaf3eaa1356687a6cf9743651bc23159','127.0.0.1','1473871839','__ci_last_regenerate|i:1473871838;token|s:32:\"64dd2e24d734fdd54078c2cae7ebe59a\";language_id|s:1:\"1\";language_code|s:5:\"zh-CN\";language_name|s:7:\"chinese\";currency_id|s:1:\"1\";'), ('e6c495712d3279599fd36009cc24b3cd8c3b2d95','127.0.0.1','1473871842','__ci_last_regenerate|i:1473871840;token|s:32:\"32145b0a2dd9a6f0ef7be4d2dd510fa9\";language_id|s:1:\"1\";language_code|s:5:\"zh-CN\";language_name|s:7:\"chinese\";currency_id|s:1:\"1\";'), ('f31bf9363778fdb3f2c35dbd3fb3fa9374ef6fb2','127.0.0.1','1473872763','__ci_last_regenerate|i:1473872763;token|s:32:\"aa86257cd8f55ec3aee1d97a2b74bac1\";language_id|s:1:\"1\";language_code|s:5:\"zh-CN\";language_name|s:7:\"chinese\";currency_id|s:1:\"1\";'), ('989c8d7cac161b565dd04b18e1b20ac4db0b9143','127.0.0.1','1473873318','__ci_last_regenerate|i:1473873318;token|s:32:\"aa86257cd8f55ec3aee1d97a2b74bac1\";language_id|s:1:\"1\";language_code|s:5:\"zh-CN\";language_name|s:7:\"chinese\";currency_id|s:1:\"1\";'), ('1d280f48df76c26073e56fd82d87ab43950d422b','127.0.0.1','1473872064','__ci_last_regenerate|i:1473872064;token|s:32:\"aa86257cd8f55ec3aee1d97a2b74bac1\";language_id|s:1:\"1\";language_code|s:5:\"zh-CN\";language_name|s:7:\"chinese\";currency_id|s:1:\"1\";'), ('c26ba797e9f2d75cf7f45f2b6e843be547234b44','127.0.0.1','1473871738','__ci_last_regenerate|i:1473871737;token|s:32:\"74eeb0e98f02de26d769bd4805bc1019\";language_id|s:1:\"1\";language_code|s:5:\"zh-CN\";language_name|s:7:\"chinese\";currency_id|s:1:\"1\";'), ('9ea5adf1b4905f744050791426367de7fb5ca0a9','127.0.0.1','1473871741','__ci_last_regenerate|i:1473871739;token|s:32:\"0da16eade14008f517267973f5243109\";language_id|s:1:\"1\";language_code|s:5:\"zh-CN\";language_name|s:7:\"chinese\";currency_id|s:1:\"1\";'), ('d127e5d4f6c30630479d1bc2a9be7d836e99f126','127.0.0.1','1473871777','__ci_last_regenerate|i:1473871777;token|s:32:\"f720bd3bc511d806d79a00a9ad70a652\";language_id|s:1:\"1\";language_code|s:5:\"zh-CN\";language_name|s:7:\"chinese\";currency_id|s:1:\"1\";'), ('f59dcf5a121a919282c94b7660bc69dfe90eb92d','127.0.0.1','1473871803','__ci_last_regenerate|i:1473871801;token|s:32:\"841c20c1ef70d3d32e13ca7c106254ea\";language_id|s:1:\"1\";language_code|s:5:\"zh-CN\";language_name|s:7:\"chinese\";currency_id|s:1:\"1\";'), ('6b8c05cc13c5fe842483a87339f7d1a7149e9de7','127.0.0.1','1473871165','__ci_last_regenerate|i:1473871163;token|s:32:\"7a1694b00cf380d9ee01c3d7680b94b3\";language_id|s:1:\"1\";language_code|s:5:\"zh-CN\";language_name|s:7:\"chinese\";currency_id|s:1:\"1\";'), ('557967b6d34cb81cea11942800a023a50f75ec62','127.0.0.1','1473871272','__ci_last_regenerate|i:1473871271;token|s:32:\"87156952ea2758b81f1c22ad533feb16\";language_id|s:1:\"1\";language_code|s:5:\"zh-CN\";language_name|s:7:\"chinese\";currency_id|s:1:\"1\";'), ('ebeb0e32f32fc6324abc4631bd67099ac8ac4eda','127.0.0.1','1473871275','__ci_last_regenerate|i:1473871273;token|s:32:\"c9ff56a26c76679ef0b392bfe366c687\";language_id|s:1:\"1\";language_code|s:5:\"zh-CN\";language_name|s:7:\"chinese\";currency_id|s:1:\"1\";'), ('a774abc64d7e3e00de1ba0941a84c27e386ef2cc','127.0.0.1','1473871332','__ci_last_regenerate|i:1473871331;token|s:32:\"c5fd0c0b4c3967cdb71119c61de1dbc7\";language_id|s:1:\"1\";language_code|s:5:\"zh-CN\";language_name|s:7:\"chinese\";currency_id|s:1:\"1\";'), ('5044a9a882eb30e7227b9f7576b3e2e9f9bab9cc','127.0.0.1','1473871334','__ci_last_regenerate|i:1473871333;token|s:32:\"94a5386745aabea79536b5212f858502\";language_id|s:1:\"1\";language_code|s:5:\"zh-CN\";language_name|s:7:\"chinese\";currency_id|s:1:\"1\";'), ('1e1ab8f7a3aff7a856b51758f8105a2405e73ae0','127.0.0.1','1473870795','__ci_last_regenerate|i:1473870794;token|s:32:\"4ee77bb68cc6c84f6684f795e4977895\";language_id|s:1:\"1\";language_code|s:5:\"zh-CN\";language_name|s:7:\"chinese\";currency_id|s:1:\"1\";'), ('0f2faa52ed679aea924ff7791fd8812c049e66f4','127.0.0.1','1473870797','__ci_last_regenerate|i:1473870796;token|s:32:\"eb98c0caaa11a9b350801a949c7586ef\";language_id|s:1:\"1\";language_code|s:5:\"zh-CN\";language_name|s:7:\"chinese\";currency_id|s:1:\"1\";'), ('99f885816cdff98f4f02e61d871e940f14caac07','127.0.0.1','1473871110','__ci_last_regenerate|i:1473871108;token|s:32:\"86d9432c144f6601a5aa3657d9ec5d41\";language_id|s:1:\"1\";language_code|s:5:\"zh-CN\";language_name|s:7:\"chinese\";currency_id|s:1:\"1\";'), ('1261020ea1a8e7fa4ce26ad76dc17ffd07dc0d32','127.0.0.1','1473871112','__ci_last_regenerate|i:1473871111;token|s:32:\"75cce6a38380acf6e355da860cbbc466\";language_id|s:1:\"1\";language_code|s:5:\"zh-CN\";language_name|s:7:\"chinese\";currency_id|s:1:\"1\";'), ('6e8cd7ec39bedb28f2f4b443315a91b7a4c0bb4c','127.0.0.1','1473871508','__ci_last_regenerate|i:1473871508;token|s:32:\"aa86257cd8f55ec3aee1d97a2b74bac1\";language_id|s:1:\"1\";language_code|s:5:\"zh-CN\";language_name|s:7:\"chinese\";currency_id|s:1:\"1\";'), ('5409e951f8e0cae187a9051baa5f8d3974fa0436','127.0.0.1','1473871162','__ci_last_regenerate|i:1473871161;token|s:32:\"a26b2ba9392899673be7b980efb3747b\";language_id|s:1:\"1\";language_code|s:5:\"zh-CN\";language_name|s:7:\"chinese\";currency_id|s:1:\"1\";'), ('b6594ccf7d6a9e2b0ef24e9b401ce8229054f998','127.0.0.1','1473870455','__ci_last_regenerate|i:1473870454;token|s:32:\"8d94589f8aa5f0ca4ee0e7f642cd6ea5\";language_id|s:1:\"1\";language_code|s:5:\"zh-CN\";language_name|s:7:\"chinese\";currency_id|s:1:\"1\";'), ('550c9242e73449880d2d08222280b0a8d40cd9d2','127.0.0.1','1473870457','__ci_last_regenerate|i:1473870456;token|s:32:\"808540cb8f14c9bc6bf80b636e57ead1\";language_id|s:1:\"1\";language_code|s:5:\"zh-CN\";language_name|s:7:\"chinese\";currency_id|s:1:\"1\";'), ('0e5fb88f84ec085d14a94693a924c3db65ea4f66','127.0.0.1','1473870667','__ci_last_regenerate|i:1473870666;token|s:32:\"911f658a0bd6c9276c0c051df885a343\";language_id|s:1:\"1\";language_code|s:5:\"zh-CN\";language_name|s:7:\"chinese\";currency_id|s:1:\"1\";'), ('1f6d900f7df8e859461a9de6dc6b15618d401015','127.0.0.1','1473870672','__ci_last_regenerate|i:1473870671;token|s:32:\"0bf98c397aeee1585bb5dd5c9f38e80b\";language_id|s:1:\"1\";language_code|s:5:\"zh-CN\";language_name|s:7:\"chinese\";currency_id|s:1:\"1\";'), ('fa1289300aace9970b22914e5b7505cd099877fb','127.0.0.1','1473871113','__ci_last_regenerate|i:1473871113;token|s:32:\"aa86257cd8f55ec3aee1d97a2b74bac1\";language_id|s:1:\"1\";language_code|s:5:\"zh-CN\";language_name|s:7:\"chinese\";currency_id|s:1:\"1\";'), ('26542a4957d54e854b7ccf7ccb55240434bd713a','127.0.0.1','1473870248','__ci_last_regenerate|i:1473870247;token|s:32:\"fa8e7b928d68a2579e1b22a64f4fc76f\";language_id|s:1:\"1\";language_code|s:5:\"zh-CN\";language_name|s:7:\"chinese\";currency_id|s:1:\"1\";'), ('882f737a5388b2987064ad7727420597c3128024','127.0.0.1','1473870414','__ci_last_regenerate|i:1473870413;token|s:32:\"2d83b300c15e18266b58e1de91bbbdd7\";language_id|s:1:\"1\";language_code|s:5:\"zh-CN\";language_name|s:7:\"chinese\";currency_id|s:1:\"1\";'), ('faa6a6054483168fde90dbbb356bc9e9be0984b5','127.0.0.1','1473870416','__ci_last_regenerate|i:1473870415;token|s:32:\"a00ab5b76db2bc3510200925694d835b\";language_id|s:1:\"1\";language_code|s:5:\"zh-CN\";language_name|s:7:\"chinese\";currency_id|s:1:\"1\";'), ('4f996a7565b06ccf77cd635b2d3ba26b61634813','127.0.0.1','1473870449','__ci_last_regenerate|i:1473870448;token|s:32:\"5d36cc01614fced6d9e7d10a98918b26\";language_id|s:1:\"1\";language_code|s:5:\"zh-CN\";language_name|s:7:\"chinese\";currency_id|s:1:\"1\";'), ('67d15eed28e265c75ba34723a17b8acd7f26b48b','127.0.0.1','1473870451','__ci_last_regenerate|i:1473870450;token|s:32:\"a5147bbafb63a37a4154d59efd7e2106\";language_id|s:1:\"1\";language_code|s:5:\"zh-CN\";language_name|s:7:\"chinese\";currency_id|s:1:\"1\";'), ('36b1dfbcc4266b4d6cf81f4d3f3a227af6b2292a','127.0.0.1','1473870022','__ci_last_regenerate|i:1473870019;token|s:32:\"43276c24bf4cd757f78e68f87474b839\";language_id|s:1:\"1\";language_code|s:5:\"zh-CN\";language_name|s:7:\"chinese\";currency_id|s:1:\"1\";'), ('f94464292046d6cc68d271faf820d5e65f840624','127.0.0.1','1473870024','__ci_last_regenerate|i:1473870023;token|s:32:\"da7c6529427ec3681b25992406a7c5bb\";language_id|s:1:\"1\";language_code|s:5:\"zh-CN\";language_name|s:7:\"chinese\";currency_id|s:1:\"1\";'), ('25b5bf8caafcda32bd21903b32f7a2352dfb0d1f','127.0.0.1','1473870084','__ci_last_regenerate|i:1473870083;token|s:32:\"358f28d68acc561a3c905702c1a332eb\";language_id|s:1:\"1\";language_code|s:5:\"zh-CN\";language_name|s:7:\"chinese\";currency_id|s:1:\"1\";'), ('7784a371241a4e5da18054d8872b10ea5c92893e','127.0.0.1','1473870086','__ci_last_regenerate|i:1473870085;token|s:32:\"95accca477c759d47b5fe2ec004af7a1\";language_id|s:1:\"1\";language_code|s:5:\"zh-CN\";language_name|s:7:\"chinese\";currency_id|s:1:\"1\";'), ('a4a6e98cf2ca282b2db8304f98fdd1f6bd544207','127.0.0.1','1473870246','__ci_last_regenerate|i:1473870245;token|s:32:\"ab0fc5dc374623a184c557e1441c4d10\";language_id|s:1:\"1\";language_code|s:5:\"zh-CN\";language_name|s:7:\"chinese\";currency_id|s:1:\"1\";'), ('359e47ceb8bda5a5b7e7014d54fa2600b2b32019','127.0.0.1','1473869886','__ci_last_regenerate|i:1473869885;token|s:32:\"a8e9a9b96ce5a369b1aa65bfd8616c63\";language_id|s:1:\"1\";language_code|s:5:\"zh-CN\";language_name|s:7:\"chinese\";currency_id|s:1:\"1\";'), ('c75f6daf150887878e56a051d3cf166a98065d45','127.0.0.1','1473870781','__ci_last_regenerate|i:1473870781;token|s:32:\"aa86257cd8f55ec3aee1d97a2b74bac1\";language_id|s:1:\"1\";language_code|s:5:\"zh-CN\";language_name|s:7:\"chinese\";currency_id|s:1:\"1\";'), ('f16128a9255c024de482ba9d14b814d23328c324','127.0.0.1','1473869619','__ci_last_regenerate|i:1473869619;token|s:32:\"aa86257cd8f55ec3aee1d97a2b74bac1\";language_id|s:1:\"1\";language_code|s:5:\"zh-CN\";language_name|s:7:\"chinese\";currency_id|s:1:\"1\";'), ('c7092f21437874099e16dd8dc8e6d7b2b5c55ef0','127.0.0.1','1473869311','__ci_last_regenerate|i:1473869311;token|s:32:\"aa86257cd8f55ec3aee1d97a2b74bac1\";language_id|s:1:\"1\";language_code|s:5:\"zh-CN\";language_name|s:7:\"chinese\";currency_id|s:1:\"1\";'), ('ad189353ab97b7c6461796a3e0540a2ed1b26378','127.0.0.1','1473868794','__ci_last_regenerate|i:1473868794;token|s:32:\"aa86257cd8f55ec3aee1d97a2b74bac1\";language_id|s:1:\"1\";language_code|s:5:\"zh-CN\";language_name|s:7:\"chinese\";currency_id|s:1:\"1\";'), ('61c310308bb4ce8c822e6c7cf70bf5725c7d6e47','127.0.0.1','1473868436','__ci_last_regenerate|i:1473868436;token|s:32:\"aa86257cd8f55ec3aee1d97a2b74bac1\";language_id|s:1:\"1\";language_code|s:5:\"zh-CN\";language_name|s:7:\"chinese\";currency_id|s:1:\"1\";'), ('f99061564bfd9625958cf019894b6f6d958a49c7','127.0.0.1','1473868091','__ci_last_regenerate|i:1473868091;token|s:32:\"e91adea9a6fe5afa529d136c2f008cbe\";language_id|s:1:\"1\";language_code|s:5:\"zh-CN\";language_name|s:7:\"chinese\";'), ('cbc6bb5e3fbb7d4478a383e1143dbb3a1346c031','127.0.0.1','1473868092','__ci_last_regenerate|i:1473868091;token|s:32:\"5a1f4cbcbb798496f2d8a50fa3ad3d09\";language_id|s:1:\"1\";language_code|s:5:\"zh-CN\";language_name|s:7:\"chinese\";currency_id|s:1:\"1\";'), ('ae34c929dfe33015b5803211bca7013d3f21c744','127.0.0.1','1473867694','__ci_last_regenerate|i:1473867693;token|s:32:\"683ba5abdee36e66ec4fdf9e3b72dd0e\";language_id|s:1:\"1\";language_code|s:5:\"zh-CN\";language_name|s:7:\"chinese\";currency_id|s:1:\"1\";'), ('7c2787fa14ee742d87248fdaf9bb0d5d170fd6f5','127.0.0.1','1473867511','__ci_last_regenerate|i:1473867510;token|s:32:\"cba68b8bf2071f8e9d44b801fd6522e5\";language_id|s:1:\"1\";language_code|s:5:\"zh-CN\";language_name|s:7:\"chinese\";currency_id|s:1:\"1\";'), ('16d73d08b5c5ddf820a063a299efe2f3276a42f1','127.0.0.1','1473867693','__ci_last_regenerate|i:1473867693;token|s:32:\"736ed2338387433c04db4bfab3f98925\";language_id|s:1:\"1\";language_code|s:5:\"zh-CN\";language_name|s:7:\"chinese\";'), ('042f8a2939a65412c2f7b483e7f5a2b280fb2dbe','127.0.0.1','1473867510','__ci_last_regenerate|i:1473867510;token|s:32:\"8c4a9742909edb4a558f4d56163565be\";language_id|s:1:\"1\";language_code|s:5:\"zh-CN\";language_name|s:7:\"chinese\";'), ('0059aba02e9ab424c85fa6ed1397da7e73250848','127.0.0.1','1473867415','__ci_last_regenerate|i:1473867415;token|s:32:\"9c55b10056f7198956ff3f6e4fe151fe\";language_id|s:1:\"1\";language_code|s:5:\"zh-CN\";language_name|s:7:\"chinese\";'), ('130e966aa5dd7bd53477622a11f81b1a61651e74','127.0.0.1','1473867416','__ci_last_regenerate|i:1473867415;token|s:32:\"0c7d5cf9332c15f47efec6682e5b0219\";language_id|s:1:\"1\";language_code|s:5:\"zh-CN\";language_name|s:7:\"chinese\";currency_id|s:1:\"1\";'), ('4c58b7894a54538c4296f24fa07d9fa9784f5de6','127.0.0.1','1473867306','__ci_last_regenerate|i:1473867305;token|s:32:\"bf4d1200443a445d8d50126ffe80ccaa\";language_id|s:1:\"1\";language_code|s:5:\"zh-CN\";language_name|s:7:\"chinese\";currency_id|s:1:\"1\";'), ('ecfbfafbf4d624a844d79a5f92b9ed2ab03893d0','127.0.0.1','1473867305','__ci_last_regenerate|i:1473867305;token|s:32:\"984b7cea6bc5ba14a07945e312b8fda2\";language_id|s:1:\"1\";language_code|s:5:\"zh-CN\";language_name|s:7:\"chinese\";'), ('45d8f9e0d65670ce5f12cc7d636581362fbb7986','127.0.0.1','1473867287','__ci_last_regenerate|i:1473867286;token|s:32:\"faec3c8cd17fc9455a26315dacfcae8c\";language_id|s:1:\"1\";language_code|s:5:\"zh-CN\";language_name|s:7:\"chinese\";currency_id|s:1:\"1\";'), ('c27103eb6df382bddcca24d3e7eeabd0b14c637b','127.0.0.1','1473867284','__ci_last_regenerate|i:1473867283;token|s:32:\"68c456f5caf9a42cda056a2e627d9e6f\";language_id|s:1:\"1\";language_code|s:5:\"zh-CN\";language_name|s:7:\"chinese\";currency_id|s:1:\"1\";'), ('935c15e3cb37a3f644eae62dc80a5045b2149ebb','127.0.0.1','1473867286','__ci_last_regenerate|i:1473867286;token|s:32:\"b139ec2f30eea8a076b4bad4b2ad71a0\";language_id|s:1:\"1\";language_code|s:5:\"zh-CN\";language_name|s:7:\"chinese\";'), ('4fc6482faebd2aeaaefd6c67bc15948ec1906369','127.0.0.1','1473867282','__ci_last_regenerate|i:1473867282;token|s:32:\"4ab6cbf6d07f411ed71f97f883647de7\";language_id|s:1:\"1\";language_code|s:5:\"zh-CN\";language_name|s:7:\"chinese\";'), ('4ba85bd99a9ae84ce13ee539defa7393ac11c142','127.0.0.1','1473867234','__ci_last_regenerate|i:1473867234;token|s:32:\"cc03843ff716d779da8920e43e11e4bb\";language_id|s:1:\"1\";language_code|s:5:\"zh-CN\";language_name|s:7:\"chinese\";currency_id|s:1:\"1\";'), ('79bfb64a903fd1d15aa8a2a9f8b1de71de237a00','127.0.0.1','1473867233','__ci_last_regenerate|i:1473867233;token|s:32:\"161f2b2a032d881098f59949e5bb9528\";language_id|s:1:\"1\";language_code|s:5:\"zh-CN\";language_name|s:7:\"chinese\";'), ('509b17d1b0e011ef2bc8b84b39f9412a4b52cd23','127.0.0.1','1473866880','__ci_last_regenerate|i:1473866879;token|s:32:\"71df1d7d0277927d164c8defc62949e6\";language_id|s:1:\"1\";language_code|s:5:\"zh-CN\";language_name|s:7:\"chinese\";currency_id|s:1:\"1\";'), ('1a22c7070d08b66e39088ec94e8c2a5efdfb0d2e','127.0.0.1','1473866877','__ci_last_regenerate|i:1473866876;token|s:32:\"dfc7ac8debf0e8e1c5a165a9412c04dd\";language_id|s:1:\"1\";language_code|s:5:\"zh-CN\";language_name|s:7:\"chinese\";currency_id|s:1:\"1\";'), ('969da557d5cbefd900a5fefc822d1ff7e8225f9b','127.0.0.1','1473866878','__ci_last_regenerate|i:1473866878;token|s:32:\"199870c1c853ec0c194d0f65c92f78d6\";language_id|s:1:\"1\";language_code|s:5:\"zh-CN\";language_name|s:7:\"chinese\";'), ('711847676f449be0675eec8783d39d8893fd032e','127.0.0.1','1473866876','__ci_last_regenerate|i:1473866876;token|s:32:\"efca82279051095078949418a3b1e264\";language_id|s:1:\"1\";language_code|s:5:\"zh-CN\";language_name|s:7:\"chinese\";'), ('2f7f08cfaacfc4f5ea2df8132f59daf4235520df','127.0.0.1','1473866870','__ci_last_regenerate|i:1473866869;token|s:32:\"6b78da4e84f56a730df1fc5520ad7d23\";language_id|s:1:\"1\";language_code|s:5:\"zh-CN\";language_name|s:7:\"chinese\";currency_id|s:1:\"1\";'), ('e5108960faaceac6ced0449242f2a70e9274c36e','127.0.0.1','1473866869','__ci_last_regenerate|i:1473866869;token|s:32:\"13569925126cb8d73bc8f33462902d8f\";language_id|s:1:\"1\";language_code|s:5:\"zh-CN\";language_name|s:7:\"chinese\";'), ('5d27c9c9e5d7f5f40232651a19ad6ba353be1b12','127.0.0.1','1473866868','__ci_last_regenerate|i:1473866868;token|s:32:\"1fc61392391f6c0ec60e9d7fe3e45b95\";language_id|s:1:\"1\";language_code|s:5:\"zh-CN\";language_name|s:7:\"chinese\";currency_id|s:1:\"1\";'), ('061faef4a0e62e482ceeab1d901ffbb71ec67aef','127.0.0.1','1473866867','__ci_last_regenerate|i:1473866866;token|s:32:\"4a4948543e79caa311f8188294e500af\";language_id|s:1:\"1\";language_code|s:5:\"zh-CN\";language_name|s:7:\"chinese\";currency_id|s:1:\"1\";'), ('529d2a5c0d1e23a8aa9d1fe84a1d3cbe3d3d6374','127.0.0.1','1473866867','__ci_last_regenerate|i:1473866867;token|s:32:\"2752e55c3896445603e4d95cf74ee3c9\";language_id|s:1:\"1\";language_code|s:5:\"zh-CN\";language_name|s:7:\"chinese\";'), ('a8b5be9822493a81679babb7eafb05325fa0212a','127.0.0.1','1473866866','__ci_last_regenerate|i:1473866866;token|s:32:\"d11f59347a2ef00e7fda28ada46fd189\";language_id|s:1:\"1\";language_code|s:5:\"zh-CN\";language_name|s:7:\"chinese\";'), ('43866c9957ac46d9c1acf759e25061fb56e7118d','127.0.0.1','1473866861','__ci_last_regenerate|i:1473866861;token|s:32:\"73b11bd2e85d5b1f0273ce6c7dc16a36\";language_id|s:1:\"1\";language_code|s:5:\"zh-CN\";language_name|s:7:\"chinese\";currency_id|s:1:\"1\";'), ('a142ecac699c0314d16fef078bd1ab2d6e877f2b','127.0.0.1','1473866865','__ci_last_regenerate|i:1473866865;token|s:32:\"30cd893e47c1a6bcbcf4f3587b49a6e6\";language_id|s:1:\"1\";language_code|s:5:\"zh-CN\";language_name|s:7:\"chinese\";'), ('8a59e49304a0d4a184f4f09e617fa139798fb6f4','127.0.0.1','1473866866','__ci_last_regenerate|i:1473866865;token|s:32:\"20c190826c4ba46d6096ed754cfd606e\";language_id|s:1:\"1\";language_code|s:5:\"zh-CN\";language_name|s:7:\"chinese\";currency_id|s:1:\"1\";'), ('db8da0fba446bf4b308e45a24ee4a63c4b5e984f','127.0.0.1','1473866858','__ci_last_regenerate|i:1473866858;token|s:32:\"7ebcb6ac60d97e150625e1ea24e069e4\";language_id|s:1:\"1\";language_code|s:5:\"zh-CN\";language_name|s:7:\"chinese\";'), ('5dfcf2769f1ad970460d0f645837b8b7d4aff3c8','127.0.0.1','1473866859','__ci_last_regenerate|i:1473866859;token|s:32:\"645fe9c828fb509fa4ec0d35b483f061\";language_id|s:1:\"1\";language_code|s:5:\"zh-CN\";language_name|s:7:\"chinese\";currency_id|s:1:\"1\";'), ('7798e48472e7962458fe2a0c1daf8bb1de69f48e','127.0.0.1','1473866860','__ci_last_regenerate|i:1473866860;token|s:32:\"7bd1e26f7840070c68cec047bf0e2b4c\";language_id|s:1:\"1\";language_code|s:5:\"zh-CN\";language_name|s:7:\"chinese\";'), ('4f7b626440592cdc83e84dfa8b49f0fb63159bba','127.0.0.1','1473866809','__ci_last_regenerate|i:1473866809;token|s:32:\"65cfef1ef82db2102bd140c86739ad07\";language_id|s:1:\"1\";language_code|s:5:\"zh-CN\";language_name|s:7:\"chinese\";'), ('17d6f8dfb33e0baf7c096ae5091b53808681256e','127.0.0.1','1473866829','__ci_last_regenerate|i:1473866829;token|s:32:\"ae478e5a169f58228481242d90f7c7c1\";language_id|s:1:\"1\";language_code|s:5:\"zh-CN\";language_name|s:7:\"chinese\";'), ('8f8ef862c10d0ed38d7cf8f72d752ae6c9488ffc','127.0.0.1','1473866831','__ci_last_regenerate|i:1473866831;token|s:32:\"abf5b07f1d82975daa5f3627c15545c3\";language_id|s:1:\"1\";language_code|s:5:\"zh-CN\";language_name|s:7:\"chinese\";'), ('462800317b34c4fc7347309c8c258861d38dbb4a','127.0.0.1','1473866700','__ci_last_regenerate|i:1473866700;token|s:32:\"9993aad181e9493b1b45b20146f63d50\";language_id|s:1:\"1\";language_code|s:5:\"zh-CN\";language_name|s:7:\"chinese\";'), ('7a7b18b2b726fba80bdf2317339cc1e8e07d1895','127.0.0.1','1473866701','__ci_last_regenerate|i:1473866700;token|s:32:\"a781b4ded40f70402863dd36ee5a203b\";language_id|s:1:\"1\";language_code|s:5:\"zh-CN\";language_name|s:7:\"chinese\";currency_id|s:1:\"1\";'), ('b7de259a52c93da6a7678d28dc79f76f87607263','127.0.0.1','1473866807','__ci_last_regenerate|i:1473866807;token|s:32:\"d5db55faad2c15f1a28ed85cc542e089\";language_id|s:1:\"1\";language_code|s:5:\"zh-CN\";language_name|s:7:\"chinese\";'), ('69980f175faaa220e438e52080ad39f6e2aac463','127.0.0.1','1473866538','__ci_last_regenerate|i:1473866537;token|s:32:\"f35564b91601365974177290be2c15ea\";language_id|s:1:\"1\";language_code|s:5:\"zh-CN\";language_name|s:7:\"chinese\";currency_id|s:1:\"1\";'), ('160654f6deb0337c4b19935fb954a9a76cb620c1','127.0.0.1','1473866619','__ci_last_regenerate|i:1473866618;token|s:32:\"9538f7af525936bf476fce71300db5a7\";language_id|s:1:\"1\";language_code|s:5:\"zh-CN\";language_name|s:7:\"chinese\";'), ('71e3881016886a5825da2a43d38ab20d9a2214f9','127.0.0.1','1473866620','__ci_last_regenerate|i:1473866619;token|s:32:\"93913dcfd41795e77709eb5c3e1e8e46\";language_id|s:1:\"1\";language_code|s:5:\"zh-CN\";language_name|s:7:\"chinese\";currency_id|s:1:\"1\";'), ('78af964cd320a7fc9a116f369f321785ecbb1fa5','127.0.0.1','1473866493','__ci_last_regenerate|i:1473866493;token|s:32:\"f724dbc6292122c05928afc032f029d3\";language_id|s:1:\"1\";language_code|s:5:\"zh-CN\";language_name|s:7:\"chinese\";'), ('774aeb03749c5b3437ce9573ed96c7734b218364','127.0.0.1','1473866494','__ci_last_regenerate|i:1473866493;token|s:32:\"08200da4b359f8c1b665337ed8c1bdd2\";language_id|s:1:\"1\";language_code|s:5:\"zh-CN\";language_name|s:7:\"chinese\";currency_id|s:1:\"1\";'), ('aa46a300fbda13976f49ae8c2fc307166aeb90ef','127.0.0.1','1473866537','__ci_last_regenerate|i:1473866537;token|s:32:\"a16c90db39e52368c7d62e0cb15ea5bc\";language_id|s:1:\"1\";language_code|s:5:\"zh-CN\";language_name|s:7:\"chinese\";'), ('41c17da6f6686311c372d1db0bb33daaa47379d9','127.0.0.1','1473866350','__ci_last_regenerate|i:1473866173;token|s:32:\"cb3a7233c172f72ae2d3edabaaade3f6\";language_id|s:1:\"1\";language_code|s:5:\"zh-CN\";language_name|s:7:\"chinese\";currency_id|s:1:\"1\";'), ('a33de874cc46ab524db250f5545087435b1726f7','127.0.0.1','1473866490','__ci_last_regenerate|i:1473866490;token|s:32:\"7779578b966b87dc990bca30c8464d2f\";language_id|s:1:\"1\";language_code|s:5:\"zh-CN\";language_name|s:7:\"chinese\";'), ('1101bfaf8b270c45263665117d34abc072588429','127.0.0.1','1473866491','__ci_last_regenerate|i:1473866490;token|s:32:\"072864d7a9824c30f47f6959128309d9\";language_id|s:1:\"1\";language_code|s:5:\"zh-CN\";language_name|s:7:\"chinese\";currency_id|s:1:\"1\";'), ('010a4727336b7958dea83d7cf3ae4271c931b343','127.0.0.1','1473866142','__ci_last_regenerate|i:1473866142;token|s:32:\"8f65e0d0f3424931ab7b2ac63b3d96f5\";language_id|s:1:\"1\";language_code|s:5:\"zh-CN\";language_name|s:7:\"chinese\";'), ('7c58acb2c231d40f5911c88c2d8817210048a1eb','127.0.0.1','1473866143','__ci_last_regenerate|i:1473866143;token|s:32:\"2ef0a160b964ea15d99045b7612a2ff3\";language_id|s:1:\"1\";language_code|s:5:\"zh-CN\";language_name|s:7:\"chinese\";'), ('05fcf3c721591a507e2934ca2e368af75473fccd','127.0.0.1','1473866144','__ci_last_regenerate|i:1473866144;token|s:32:\"bf473d3d8dc0a766a1a27bd98e480d04\";language_id|s:1:\"1\";language_code|s:5:\"zh-CN\";language_name|s:7:\"chinese\";'), ('672ee049ba7e95087bde433781aaec19e7813fdf','127.0.0.1','1473866119','__ci_last_regenerate|i:1473866119;token|s:32:\"931d8d55e66d89c1b4d7b914659bb0b1\";language_id|s:1:\"1\";language_code|s:5:\"zh-CN\";language_name|s:7:\"chinese\";'), ('4ee53201e07d58a184543c5c8a646ed57f5a180d','127.0.0.1','1473866121','__ci_last_regenerate|i:1473866121;token|s:32:\"c58b845cac5fb5793cf3985b1196a450\";language_id|s:1:\"1\";language_code|s:5:\"zh-CN\";language_name|s:7:\"chinese\";'), ('8455f4a21da503d8421d21a324ab3b8fc5382855','127.0.0.1','1473866141','__ci_last_regenerate|i:1473866141;token|s:32:\"8e025aa612dd0814f65feb5826977985\";language_id|s:1:\"1\";language_code|s:5:\"zh-CN\";language_name|s:7:\"chinese\";');
INSERT INTO `openant` VALUES ('d41c7739143dea3c315146d0554f74bacde55436','127.0.0.1','1473866099','__ci_last_regenerate|i:1473866099;token|s:32:\"64f97b1400d5c024505274f2e0fb60ce\";language_id|s:1:\"1\";language_code|s:5:\"zh-CN\";language_name|s:7:\"chinese\";'), ('4e99847b897da71a470a6039dbdd0923f70a5e1f','127.0.0.1','1473866116','__ci_last_regenerate|i:1473866116;token|s:32:\"07448870ef62553538f278b870bb0632\";language_id|s:1:\"1\";language_code|s:5:\"zh-CN\";language_name|s:7:\"chinese\";'), ('e2563f17ca65eced5f528327f7bde021b7e82f69','127.0.0.1','1473866118','__ci_last_regenerate|i:1473866118;token|s:32:\"c328f242f6942077b6399bc8d4ab2d52\";language_id|s:1:\"1\";language_code|s:5:\"zh-CN\";language_name|s:7:\"chinese\";'), ('ab5352bb5cc92e80cc1bd163640d2812dbd742d4','127.0.0.1','1473866046','__ci_last_regenerate|i:1473866046;token|s:32:\"4d59c170cecfe53b1c74175fc6bb47a5\";language_id|s:1:\"1\";language_code|s:5:\"zh-CN\";language_name|s:7:\"chinese\";'), ('a8ecef27214e5dffab4352e7ace1655e824d13eb','127.0.0.1','1473866095','__ci_last_regenerate|i:1473866095;token|s:32:\"f8534aab9c4a57b12566d9030d1ad5f0\";language_id|s:1:\"1\";language_code|s:5:\"zh-CN\";language_name|s:7:\"chinese\";'), ('1bc83ead6d708c20c75eb71c3eab5c7fdee2054f','127.0.0.1','1473866097','__ci_last_regenerate|i:1473866097;token|s:32:\"f69823e5743e6d1ae9d386e342f18f20\";language_id|s:1:\"1\";language_code|s:5:\"zh-CN\";language_name|s:7:\"chinese\";'), ('3fca2d4500135f1299fc9de41c22198307ef0f1f','127.0.0.1','1473866098','__ci_last_regenerate|i:1473866098;token|s:32:\"3ca5863367a8201228bf6a71075397b9\";language_id|s:1:\"1\";language_code|s:5:\"zh-CN\";language_name|s:7:\"chinese\";'), ('8b148ea3bb022ce6247f5eba6c1db3280558a53f','127.0.0.1','1473866045','__ci_last_regenerate|i:1473866045;token|s:32:\"2e67d945abc480d95b565e63a366c9fe\";language_id|s:1:\"1\";language_code|s:5:\"zh-CN\";language_name|s:7:\"chinese\";'), ('886051dc4b7f6f1dc4b6f696843795336b639b21','127.0.0.1','1473866042','__ci_last_regenerate|i:1473866042;token|s:32:\"2b5b5a3177a1177826ec83e7d087f492\";language_id|s:1:\"1\";language_code|s:5:\"zh-CN\";language_name|s:7:\"chinese\";'), ('4177542a64e4e3a55f01d30d90b720507ba130ff','127.0.0.1','1473866043','__ci_last_regenerate|i:1473866043;token|s:32:\"274ce2ab7747a639bea4c75ce4da205e\";language_id|s:1:\"1\";language_code|s:5:\"zh-CN\";language_name|s:7:\"chinese\";'), ('f114f0efe2b1fbca0db2e02d104827886f1a2663','127.0.0.1','1473866029','__ci_last_regenerate|i:1473866029;token|s:32:\"a2a99210227467a98d4f75cbc690a56c\";language_id|s:1:\"1\";language_code|s:5:\"zh-CN\";language_name|s:7:\"chinese\";'), ('6868e2c57b35b025df93030325fa54969bf4266c','127.0.0.1','1473866028','__ci_last_regenerate|i:1473866028;token|s:32:\"4f2c432c86bd6f916dae07aaf86a715f\";language_id|s:1:\"1\";language_code|s:5:\"zh-CN\";language_name|s:7:\"chinese\";'), ('f2a81896dda170f085f5e29fbc68706651e4c8d9','127.0.0.1','1473866027','__ci_last_regenerate|i:1473866027;token|s:32:\"bba2bfe02c64424dcf6c1539dc79f05f\";language_id|s:1:\"1\";language_code|s:5:\"zh-CN\";language_name|s:7:\"chinese\";'), ('b9bb5fb329aa64589e8e3f492461f7574c529746','127.0.0.1','1473866019','__ci_last_regenerate|i:1473866019;token|s:32:\"32f7bc25d5a66947db0e9fea6164d650\";language_id|s:1:\"1\";language_code|s:5:\"zh-CN\";language_name|s:7:\"chinese\";'), ('4430af86b2aae04a56a2f2258408aeb57f215e7f','127.0.0.1','1473866017','__ci_last_regenerate|i:1473866017;token|s:32:\"d7386f1c76bfcb31a5d3ec7bea9bf382\";language_id|s:1:\"1\";language_code|s:5:\"zh-CN\";language_name|s:7:\"chinese\";'), ('0e9ecbbf9411b70d236d2d99dd82743c3b7ad4b6','127.0.0.1','1473866016','__ci_last_regenerate|i:1473866016;token|s:32:\"4058a2df1996137876dd6497983c33fe\";language_id|s:1:\"1\";language_code|s:5:\"zh-CN\";language_name|s:7:\"chinese\";'), ('633580cfed9c1b8d247d0648b6b7736e669d01c2','127.0.0.1','1473865933','__ci_last_regenerate|i:1473865933;token|s:32:\"f38f0804bb9d35a9af80499989d95196\";language_id|s:1:\"1\";language_code|s:5:\"zh-CN\";language_name|s:7:\"chinese\";'), ('f5236cf7724e98da2b38737bdd9eb8249b0ed2cb','127.0.0.1','1473865863','__ci_last_regenerate|i:1473865863;token|s:32:\"7281bc9d0eeaba9f4872ffb1b0a1adf5\";language_id|s:1:\"1\";language_code|s:5:\"zh-CN\";language_name|s:7:\"chinese\";'), ('90977444ce71dc53acbbe7abc118a533b5070b51','127.0.0.1','1473865862','__ci_last_regenerate|i:1473865862;token|s:32:\"687bebca09553513ba0d2cd30386772c\";language_id|s:1:\"1\";language_code|s:5:\"zh-CN\";language_name|s:7:\"chinese\";'), ('255b9e4267097c16e4336cdccac9dde93b10a7d9','127.0.0.1','1473865860','__ci_last_regenerate|i:1473865860;token|s:32:\"c363342abac53580c11438c22829abb6\";language_id|s:1:\"1\";language_code|s:5:\"zh-CN\";language_name|s:7:\"chinese\";'), ('8dee6e1e15c7b8433ebe0f4a1fec9a0f75b2431b','127.0.0.1','1473865790','__ci_last_regenerate|i:1473865790;token|s:32:\"47a799acfca94b7642d044a777e683a3\";language_id|s:1:\"1\";language_code|s:5:\"zh-CN\";language_name|s:7:\"chinese\";'), ('891413fd5b26f2a18a16ec4a7914f0515358c1d1','127.0.0.1','1473865789','__ci_last_regenerate|i:1473865789;token|s:32:\"525496cc4bf3bc50b939f5ee5c8c5872\";language_id|s:1:\"1\";language_code|s:5:\"zh-CN\";language_name|s:7:\"chinese\";'), ('ad5de5abe7ffa72ef1bb864f3c867ca582789f08','127.0.0.1','1473865787','__ci_last_regenerate|i:1473865787;token|s:32:\"7b994ecd83b4f1f9a8dd78ce03d5f026\";language_id|s:1:\"1\";language_code|s:5:\"zh-CN\";language_name|s:7:\"chinese\";'), ('a5b77f1eda3ca6013a29bf3a7571cf64a11cb135','127.0.0.1','1473865786','__ci_last_regenerate|i:1473865786;token|s:32:\"fbc4954f4d8b8b03468d41bf63fa2bc0\";language_id|s:1:\"1\";language_code|s:5:\"zh-CN\";language_name|s:7:\"chinese\";'), ('691f7285a4929bc47a3851b65b4394116a1d7dce','127.0.0.1','1473866173','__ci_last_regenerate|i:1473866173;token|s:32:\"cb3a7233c172f72ae2d3edabaaade3f6\";language_id|s:1:\"1\";language_code|s:5:\"zh-CN\";language_name|s:7:\"chinese\";currency_id|s:1:\"1\";'), ('e4ead894df957c02cbfce82c80dde979003873ce','127.0.0.1','1473865688','__ci_last_regenerate|i:1473865688;token|s:32:\"a202f80ab367580263d04510860b4b8f\";language_id|s:1:\"1\";language_code|s:5:\"zh-CN\";language_name|s:7:\"chinese\";'), ('a693f0939eb81859a2af278a598a60b9e85e16f1','127.0.0.1','1473865683','__ci_last_regenerate|i:1473865683;token|s:32:\"3fd74cd62f0abba479bbbf8d891b199c\";language_id|s:1:\"1\";language_code|s:5:\"zh-CN\";language_name|s:7:\"chinese\";'), ('515713082c7fcd4611fe9db47bc2737f3086340e','127.0.0.1','1473865494','__ci_last_regenerate|i:1473865493;token|s:32:\"2f4566ad10303b19e0b92e0c4944a8f2\";language_id|s:1:\"1\";language_code|s:5:\"zh-CN\";language_name|s:7:\"chinese\";'), ('b6bbaa56ef828985dc11b02ac2d79e70a23ac27a','127.0.0.1','1473865365','__ci_last_regenerate|i:1473865362;token|s:32:\"4ab156e75f3a5f11960ac085520a811c\";language_id|s:1:\"1\";language_code|s:5:\"zh-CN\";language_name|s:7:\"chinese\";currency_id|s:1:\"1\";'), ('54f575c0eb3a3c87669d933fa25074a103cbeea3','127.0.0.1','1473865699','__ci_last_regenerate|i:1473865699;token|s:32:\"cb3a7233c172f72ae2d3edabaaade3f6\";language_id|s:1:\"1\";language_code|s:5:\"zh-CN\";language_name|s:7:\"chinese\";currency_id|s:1:\"1\";'), ('adc86b5fc3d8e68dfbb0bc7c49b7cccc2df50e56','127.0.0.1','1473779327','__ci_last_regenerate|i:1473779327;token|s:32:\"cf156c5bd71d905f011e909dc00d9e02\";language_id|s:1:\"1\";language_code|s:5:\"zh-CN\";language_name|s:7:\"chinese\";currency_id|s:1:\"1\";'), ('c0484c87a290c1e747493bf61c29b152e2eb2c06','127.0.0.1','1473779327','__ci_last_regenerate|i:1473779327;token|s:32:\"cf156c5bd71d905f011e909dc00d9e02\";language_id|s:1:\"1\";language_code|s:5:\"zh-CN\";language_name|s:7:\"chinese\";currency_id|s:1:\"1\";'), ('762984a539faaf696dd7929f2d16803d080ae1f0','127.0.0.1','1473778924','__ci_last_regenerate|i:1473778924;token|s:32:\"cf156c5bd71d905f011e909dc00d9e02\";language_id|s:1:\"1\";language_code|s:5:\"zh-CN\";language_name|s:7:\"chinese\";currency_id|s:1:\"1\";'), ('69743975a049c021c0de25728803db6cbf8235c3','127.0.0.1','1473775223','__ci_last_regenerate|i:1473775106;token|s:32:\"1284595ffa2f63cb6539f54bac3bd6eb\";language_id|s:1:\"1\";language_code|s:5:\"zh-CN\";language_name|s:7:\"chinese\";currency_id|s:1:\"1\";'), ('cd8511790f0adcae18e387afe932eedfe7c9d0ce','127.0.0.1','1473775106','__ci_last_regenerate|i:1473775106;token|s:32:\"1284595ffa2f63cb6539f54bac3bd6eb\";language_id|s:1:\"1\";language_code|s:5:\"zh-CN\";language_name|s:7:\"chinese\";currency_id|s:1:\"1\";'), ('ef0aa157a7c3727d0d5867c2648a93736ac2a344','127.0.0.1','1473772256','__ci_last_regenerate|i:1473772256;token|s:32:\"1284595ffa2f63cb6539f54bac3bd6eb\";language_id|s:1:\"1\";language_code|s:5:\"zh-CN\";language_name|s:7:\"chinese\";currency_id|s:1:\"1\";'), ('598236345e9888dc71946c268c9f1cf2bac15d88','127.0.0.1','1473772674','__ci_last_regenerate|i:1473772674;token|s:32:\"1284595ffa2f63cb6539f54bac3bd6eb\";language_id|s:1:\"1\";language_code|s:5:\"zh-CN\";language_name|s:7:\"chinese\";currency_id|s:1:\"1\";'), ('eca4dbe71a4801dd8b113014b4ec506a1a18ec7a','127.0.0.1','1473773030','__ci_last_regenerate|i:1473773030;token|s:32:\"1284595ffa2f63cb6539f54bac3bd6eb\";language_id|s:1:\"1\";language_code|s:5:\"zh-CN\";language_name|s:7:\"chinese\";currency_id|s:1:\"1\";'), ('cc19b5943de7a124ce9e78aec346876ae2067b76','127.0.0.1','1473773382','__ci_last_regenerate|i:1473773382;token|s:32:\"1284595ffa2f63cb6539f54bac3bd6eb\";language_id|s:1:\"1\";language_code|s:5:\"zh-CN\";language_name|s:7:\"chinese\";currency_id|s:1:\"1\";'), ('f40db235fd1124ebf55c01e78e8e5f2417e37e6d','127.0.0.1','1473773731','__ci_last_regenerate|i:1473773731;token|s:32:\"1284595ffa2f63cb6539f54bac3bd6eb\";language_id|s:1:\"1\";language_code|s:5:\"zh-CN\";language_name|s:7:\"chinese\";currency_id|s:1:\"1\";'), ('d4fe9ffca4a68b1e573370391ac1e286cf27aaf9','127.0.0.1','1473774065','__ci_last_regenerate|i:1473774065;token|s:32:\"1284595ffa2f63cb6539f54bac3bd6eb\";language_id|s:1:\"1\";language_code|s:5:\"zh-CN\";language_name|s:7:\"chinese\";currency_id|s:1:\"1\";'), ('30b2c40edfeadd82fe3903e31d5c1c7d6158c58b','127.0.0.1','1473948963','__ci_last_regenerate|i:1473948963;language_id|s:1:\"1\";language_code|s:5:\"zh-CN\";language_name|s:7:\"chinese\";currency_id|s:1:\"1\";token|s:32:\"41d38fb2dc68d348f72b154e9a7cd837\";user_id|s:1:\"1\";'), ('52f76a2c222f3dd079197341dd06ca0aa7c6bb13','127.0.0.1','1473949286','__ci_last_regenerate|i:1473949286;language_id|s:1:\"1\";language_code|s:5:\"zh-CN\";language_name|s:7:\"chinese\";currency_id|s:1:\"1\";token|s:32:\"41d38fb2dc68d348f72b154e9a7cd837\";user_id|s:1:\"1\";'), ('926679e8e96350844779417a7d96c99ea03a34ca','127.0.0.1','1473949730','__ci_last_regenerate|i:1473949730;language_id|s:1:\"1\";language_code|s:5:\"zh-CN\";language_name|s:7:\"chinese\";currency_id|s:1:\"1\";token|s:32:\"41d38fb2dc68d348f72b154e9a7cd837\";user_id|s:1:\"1\";'), ('497c6649380a3c0b7d2b4cce1349bcf5bf2e8007','127.0.0.1','1473949739','__ci_last_regenerate|i:1473949730;language_id|s:1:\"1\";language_code|s:5:\"zh-CN\";language_name|s:7:\"chinese\";currency_id|s:1:\"1\";token|s:32:\"41d38fb2dc68d348f72b154e9a7cd837\";user_id|s:1:\"1\";'), ('c18228679d12860a344354877684c5ddea19a09c','127.0.0.1','1473972204','__ci_last_regenerate|i:1473972145;token|s:32:\"b0c14dffd5a4b660b6981a8ade9090a3\";language_id|s:1:\"1\";language_code|s:5:\"zh-CN\";language_name|s:7:\"chinese\";currency_id|s:1:\"1\";'), ('446f503f97d62fec4dc4e1f0d067f3438c81b25b','127.0.0.1','1474035906','__ci_last_regenerate|i:1474035906;token|s:32:\"4a07280e54caed81189a4e275de323fb\";language_id|s:1:\"1\";language_code|s:5:\"zh-CN\";language_name|s:7:\"chinese\";currency_id|s:1:\"1\";'), ('e3ecd600e96ba2b9c1746c2c83e7438d0fb53e2c','127.0.0.1','1474035924','__ci_last_regenerate|i:1474035906;token|s:32:\"4a07280e54caed81189a4e275de323fb\";language_id|s:1:\"1\";language_code|s:5:\"zh-CN\";language_name|s:7:\"chinese\";currency_id|s:1:\"1\";'), ('a9df9912ef483432ce37f97896968fc91202e7ce','127.0.0.1','1474036067','__ci_last_regenerate|i:1474035942;token|s:32:\"9a48e196b21b6292913b21db69113be9\";language_id|s:1:\"1\";language_code|s:5:\"zh-CN\";language_name|s:7:\"chinese\";'), ('0466d87fadee52c8c5b09ea6505bff7c44c4d8a8','127.0.0.1','1474036301','__ci_last_regenerate|i:1474036138;token|s:32:\"59598165a39108ea730c09dffb83cc9d\";language_id|s:1:\"1\";language_code|s:5:\"zh-CN\";language_name|s:7:\"chinese\";currency_id|s:1:\"1\";'), ('2dbfcfba802049dc96823bb5bc1db8e99af956d0','127.0.0.1','1474036499','__ci_last_regenerate|i:1474036499;token|s:32:\"cac998ed9f4870e13295939a0e6264d3\";'), ('6de5d0a35b08f16377ff6ff5f33faba78469f965','127.0.0.1','1474036495','__ci_last_regenerate|i:1474036495;language_id|s:1:\"1\";language_code|s:5:\"zh-CN\";language_name|s:7:\"chinese\";currency_id|s:1:\"1\";token|s:32:\"24e176f11f329fca6d31a33c734a201a\";'), ('d007a6faea38f437c4f010ad6c7e3f57656b715f','127.0.0.1','1474036500','__ci_last_regenerate|i:1474036499;token|s:32:\"cac998ed9f4870e13295939a0e6264d3\";language_id|s:1:\"1\";language_code|s:5:\"zh-CN\";language_name|s:7:\"chinese\";currency_id|s:1:\"1\";'), ('3ed9fd8af0784244171b022cd6d7f197c516fc74','127.0.0.1','1474037065','__ci_last_regenerate|i:1474036874;language_id|s:1:\"1\";language_code|s:5:\"zh-CN\";language_name|s:7:\"chinese\";currency_id|s:1:\"1\";token|s:32:\"bffa6a39cb5153ad0b9b5606321a3d82\";'), ('e7e6e6fd1973fe32e3871567e99cc7563c638ce3','127.0.0.1','1474037108','__ci_last_regenerate|i:1474037074;language_id|s:1:\"1\";language_code|s:5:\"zh-CN\";language_name|s:7:\"chinese\";currency_id|s:1:\"1\";token|s:32:\"469cda4208f3d039d98d33c3fe9ec618\";'), ('b0efb4a0c37b080964fb37e967ff6ba99851afb7','127.0.0.1','1474037542','__ci_last_regenerate|i:1474037541;language_id|s:1:\"1\";language_code|s:5:\"zh-CN\";language_name|s:7:\"chinese\";currency_id|s:1:\"1\";token|s:32:\"7c7417368ac6cdcb2a75d344bd6f2f62\";'), ('5b41eee1af7e47426b88b8cbf562c12b53143c18','127.0.0.1','1474037754','__ci_last_regenerate|i:1474037751;language_id|s:1:\"1\";language_code|s:5:\"zh-CN\";language_name|s:7:\"chinese\";currency_id|s:1:\"1\";token|s:32:\"b1d285f22f53aefa851413d7d51fcdba\";'), ('02dfce6668f675382e58c8a54740a65d156d0ef5','127.0.0.1','1474040971','__ci_last_regenerate|i:1474040971;language_id|s:1:\"1\";language_code|s:5:\"zh-CN\";language_name|s:7:\"chinese\";currency_id|s:1:\"1\";token|s:32:\"e9cec134943c6c02a82b58300ea90319\";'), ('50ff99a0a65d07fa913ce04e8d5fb48278794785','127.0.0.1','1474042372','__ci_last_regenerate|i:1474042372;language_id|s:1:\"1\";language_code|s:5:\"zh-CN\";language_name|s:7:\"chinese\";currency_id|s:1:\"1\";token|s:32:\"e9cec134943c6c02a82b58300ea90319\";'), ('1edef48d5259fa7dde43ea5255abb36723f3be29','127.0.0.1','1474043071','__ci_last_regenerate|i:1474043071;language_id|s:1:\"1\";language_code|s:5:\"zh-CN\";language_name|s:7:\"chinese\";currency_id|s:1:\"1\";token|s:32:\"e9cec134943c6c02a82b58300ea90319\";'), ('9ce63ca4fdba7503626f4c53f4602d319c157e65','127.0.0.1','1474043430','__ci_last_regenerate|i:1474043430;language_id|s:1:\"1\";language_code|s:5:\"zh-CN\";language_name|s:7:\"chinese\";currency_id|s:1:\"1\";token|s:32:\"e9cec134943c6c02a82b58300ea90319\";user_id|s:1:\"1\";'), ('7c80da42df1db28ecadd9a377094ed8546118387','127.0.0.1','1474043912','__ci_last_regenerate|i:1474043912;language_id|s:1:\"1\";language_code|s:5:\"zh-CN\";language_name|s:7:\"chinese\";currency_id|s:1:\"1\";token|s:32:\"e9cec134943c6c02a82b58300ea90319\";user_id|s:1:\"1\";'), ('e430c6897d6b316cdcb608bfb8231a19fe47bf10','127.0.0.1','1474044216','__ci_last_regenerate|i:1474044216;language_id|s:1:\"1\";language_code|s:5:\"zh-CN\";language_name|s:7:\"chinese\";currency_id|s:1:\"1\";token|s:32:\"e9cec134943c6c02a82b58300ea90319\";user_id|s:1:\"1\";'), ('860dff5bc58525ef08a3bbc804fec1ceb38bfca4','127.0.0.1','1474044552','__ci_last_regenerate|i:1474044552;language_id|s:1:\"1\";language_code|s:5:\"zh-CN\";language_name|s:7:\"chinese\";currency_id|s:1:\"1\";token|s:32:\"e9cec134943c6c02a82b58300ea90319\";user_id|s:1:\"1\";'), ('941364e7afa7468f8b7ce5d5f1d8d5d97981a586','127.0.0.1','1474044863','__ci_last_regenerate|i:1474044863;language_id|s:1:\"1\";language_code|s:5:\"zh-CN\";language_name|s:7:\"chinese\";currency_id|s:1:\"1\";token|s:32:\"e9cec134943c6c02a82b58300ea90319\";user_id|s:1:\"1\";'), ('f7d889ee2ef19fc9fa9c690174b3eb4ca681c395','127.0.0.1','1474045280','__ci_last_regenerate|i:1474045280;language_id|s:1:\"1\";language_code|s:5:\"zh-CN\";language_name|s:7:\"chinese\";currency_id|s:1:\"1\";token|s:32:\"e9cec134943c6c02a82b58300ea90319\";user_id|s:1:\"1\";'), ('df7788b80f3974502f4ddeb85e562d5370b91271','127.0.0.1','1474046191','__ci_last_regenerate|i:1474046191;language_id|s:1:\"1\";language_code|s:5:\"zh-CN\";language_name|s:7:\"chinese\";currency_id|s:1:\"1\";token|s:32:\"e9cec134943c6c02a82b58300ea90319\";user_id|s:1:\"1\";'), ('ccf2f079a2b706b7b77809b4655337292659cfdc','127.0.0.1','1474046809','__ci_last_regenerate|i:1474046809;language_id|s:1:\"1\";language_code|s:5:\"zh-CN\";language_name|s:7:\"chinese\";currency_id|s:1:\"1\";token|s:32:\"e9cec134943c6c02a82b58300ea90319\";user_id|s:1:\"1\";'), ('9ade6f0ad7f5309ea1d5cb213b2ff387ebf765de','127.0.0.1','1474047142','__ci_last_regenerate|i:1474047142;language_id|s:1:\"1\";language_code|s:5:\"zh-CN\";language_name|s:7:\"chinese\";currency_id|s:1:\"1\";token|s:32:\"e9cec134943c6c02a82b58300ea90319\";user_id|s:1:\"1\";'), ('5e036a71cd02172c02a0d1b0c940466cc84586bb','127.0.0.1','1474047638','__ci_last_regenerate|i:1474047638;language_id|s:1:\"1\";language_code|s:5:\"zh-CN\";language_name|s:7:\"chinese\";currency_id|s:1:\"1\";token|s:32:\"e9cec134943c6c02a82b58300ea90319\";user_id|s:1:\"1\";'), ('b8d5f54c4200afb06decebf61f931482ab7dd2a0','127.0.0.1','1474047860','__ci_last_regenerate|i:1474047638;language_id|s:1:\"1\";language_code|s:5:\"zh-CN\";language_name|s:7:\"chinese\";currency_id|s:1:\"1\";token|s:32:\"e9cec134943c6c02a82b58300ea90319\";user_id|s:1:\"1\";'), ('93374aa8afa5a2186deaf557293ff3991b2c162c','127.0.0.1','1474080124','__ci_last_regenerate|i:1474080030;language_id|s:1:\"1\";language_code|s:5:\"zh-CN\";language_name|s:7:\"chinese\";currency_id|s:1:\"1\";token|s:32:\"91bc2c5902e9af4ade739b0d3ebe657b\";fali|s:44:\"尝试登陆次数过多，30分钟后重试\";__ci_vars|a:1:{s:4:\"fali\";s:3:\"old\";}'), ('22c28f8c3e3acdcb4161b3d784b10b7af73729e9','127.0.0.1','1474080037','__ci_last_regenerate|i:1474080036;language_id|s:1:\"1\";language_code|s:5:\"zh-CN\";language_name|s:7:\"chinese\";currency_id|s:1:\"1\";token|s:32:\"3cc67f0200ceaf5c0cc12cebd8124366\";'), ('bdaec00d1cea272b0922e4923ca5d367b12466bb','127.0.0.1','1474080038','__ci_last_regenerate|i:1474080037;language_id|s:1:\"1\";language_code|s:5:\"zh-CN\";language_name|s:7:\"chinese\";currency_id|s:1:\"1\";token|s:32:\"f9f5be3ccbf8e31a43c0435897d2299e\";'), ('1ca8718916d1a30ae969d6cb970804d936d59f4f','127.0.0.1','1474080068','__ci_last_regenerate|i:1474080066;language_id|s:1:\"1\";language_code|s:5:\"zh-CN\";language_name|s:7:\"chinese\";currency_id|s:1:\"1\";token|s:32:\"b70da0aeac55a04be51a0f77c714a57e\";'), ('368d09f10fb082d6c1cb6e761bce3bed31e29957','127.0.0.1','1474080069','__ci_last_regenerate|i:1474080068;language_id|s:1:\"1\";language_code|s:5:\"zh-CN\";language_name|s:7:\"chinese\";currency_id|s:1:\"1\";token|s:32:\"2ae733ea0d80f9245347f1c8c68b3581\";'), ('5fc648bc64f54f96e14e9f1934ed9849c86aab78','127.0.0.1','1474080178','__ci_last_regenerate|i:1474080178;language_id|s:1:\"1\";language_code|s:5:\"zh-CN\";language_name|s:7:\"chinese\";currency_id|s:1:\"1\";token|s:32:\"bb4c849de3e169e30a9d1726f0fa1397\";fali|s:44:\"尝试登陆次数过多，30分钟后重试\";__ci_vars|a:1:{s:4:\"fali\";s:3:\"new\";}'), ('be64817588f708d185f639acb37d9d66ded9dfcb','127.0.0.1','1474080180','__ci_last_regenerate|i:1474080179;language_id|s:1:\"1\";language_code|s:5:\"zh-CN\";language_name|s:7:\"chinese\";currency_id|s:1:\"1\";token|s:32:\"ff259dabbb079a69ea1a94aada853438\";'), ('0a118fee637323b8f1e9f6bc285c0868675ce26e','127.0.0.1','1474080212','__ci_last_regenerate|i:1474080212;language_id|s:1:\"1\";language_code|s:5:\"zh-CN\";language_name|s:7:\"chinese\";currency_id|s:1:\"1\";token|s:32:\"cb34fb6b51034d92debae10883453319\";fali|s:44:\"尝试登陆次数过多，30分钟后重试\";__ci_vars|a:1:{s:4:\"fali\";s:3:\"new\";}'), ('4731df1e7a2f5561072169ba455972b4d382dccc','127.0.0.1','1474080214','__ci_last_regenerate|i:1474080212;language_id|s:1:\"1\";language_code|s:5:\"zh-CN\";language_name|s:7:\"chinese\";currency_id|s:1:\"1\";token|s:32:\"bf080c09d5d8c83b0ef4e8c17a13f160\";'), ('02ef00e89da2c99d93bcca7da5af48571c0f8038','127.0.0.1','1474080215','__ci_last_regenerate|i:1474080215;language_id|s:1:\"1\";language_code|s:5:\"zh-CN\";language_name|s:7:\"chinese\";currency_id|s:1:\"1\";token|s:32:\"088c66c2129558c32e3efee8f2a8b590\";fali|s:44:\"尝试登陆次数过多，30分钟后重试\";__ci_vars|a:1:{s:4:\"fali\";s:3:\"new\";}'), ('2a5380a0f07287ccc1ee2d68b2a08609c51917ca','127.0.0.1','1474080216','__ci_last_regenerate|i:1474080215;language_id|s:1:\"1\";language_code|s:5:\"zh-CN\";language_name|s:7:\"chinese\";currency_id|s:1:\"1\";token|s:32:\"db50ba75da05d2bb9705cbf4848734d4\";'), ('0365b574315a12496d719c647fced9c622e7131f','127.0.0.1','1474080227','__ci_last_regenerate|i:1474080226;language_id|s:1:\"1\";language_code|s:5:\"zh-CN\";language_name|s:7:\"chinese\";currency_id|s:1:\"1\";token|s:32:\"7d2cdbbb48a46bde338d9c1763fc1a02\";user_id|s:1:\"1\";success|s:15:\"登陆成功！\";__ci_vars|a:1:{s:7:\"success\";s:3:\"new\";}'), ('cde5f899b0680ac0d9f63fd00df0cf1d5286622c','127.0.0.1','1474080227','__ci_last_regenerate|i:1474080227;language_id|s:1:\"1\";language_code|s:5:\"zh-CN\";language_name|s:7:\"chinese\";currency_id|s:1:\"1\";token|s:32:\"24e1180b0253b21bde31776220c00c92\";fali|s:44:\"尝试登陆次数过多，30分钟后重试\";__ci_vars|a:1:{s:4:\"fali\";s:3:\"new\";}'), ('db5454033d63b7e4254380975b0d22dd32e3cbe2','127.0.0.1','1474080228','__ci_last_regenerate|i:1474080227;language_id|s:1:\"1\";language_code|s:5:\"zh-CN\";language_name|s:7:\"chinese\";currency_id|s:1:\"1\";token|s:32:\"e5a56b8818eef0fcef2f51a34f1efb71\";'), ('9c58f10817c7023e3e561fc2a86bf8b526253bcf','127.0.0.1','1474080366','__ci_last_regenerate|i:1474080366;language_id|s:1:\"1\";language_code|s:5:\"zh-CN\";language_name|s:7:\"chinese\";currency_id|s:1:\"1\";token|s:32:\"9da45dfdfd9ce0464da580a6bbd73ff1\";success|s:15:\"登陆成功！\";__ci_vars|a:1:{s:7:\"success\";s:3:\"new\";}'), ('0f647bee89f83bc7f6e3dfdafaa77350a28e256c','127.0.0.1','1474080368','__ci_last_regenerate|i:1474080367;language_id|s:1:\"1\";language_code|s:5:\"zh-CN\";language_name|s:7:\"chinese\";currency_id|s:1:\"1\";token|s:32:\"7e94fa02a7a1a5b6fc9884ee2677b4c3\";'), ('32f901307783aad112ee830f355ae96d4b007839','127.0.0.1','1474080415','__ci_last_regenerate|i:1474080415;language_id|s:1:\"1\";language_code|s:5:\"zh-CN\";language_name|s:7:\"chinese\";currency_id|s:1:\"1\";token|s:32:\"c25cccd3c87e6065a0fd020764b222cf\";success|s:15:\"登陆成功！\";__ci_vars|a:1:{s:7:\"success\";s:3:\"new\";}'), ('6a3eb1fe2025505923496a8374fe2fce426d1106','127.0.0.1','1474080417','__ci_last_regenerate|i:1474080416;language_id|s:1:\"1\";language_code|s:5:\"zh-CN\";language_name|s:7:\"chinese\";currency_id|s:1:\"1\";token|s:32:\"6b09d951ddf2d72d2303b0eebf074238\";'), ('6bf4e0553a9312eb3bf191657746bc97c330998f','127.0.0.1','1474080418','__ci_last_regenerate|i:1474080418;language_id|s:1:\"1\";language_code|s:5:\"zh-CN\";language_name|s:7:\"chinese\";currency_id|s:1:\"1\";token|s:32:\"33580243f67d7d766ed709e1b38eef2a\";success|s:15:\"登陆成功！\";__ci_vars|a:1:{s:7:\"success\";s:3:\"new\";}'), ('9ff768bef2af4b125ac9bc2dcc66976b3b067777','127.0.0.1','1474080420','__ci_last_regenerate|i:1474080419;language_id|s:1:\"1\";language_code|s:5:\"zh-CN\";language_name|s:7:\"chinese\";currency_id|s:1:\"1\";token|s:32:\"b083d8b1da4ae94df468cfc047d95f12\";'), ('58d2b0f38f3f764c88c9b6a5031375cf271b8d52','127.0.0.1','1474080471','__ci_last_regenerate|i:1474080469;language_id|s:1:\"1\";language_code|s:5:\"zh-CN\";language_name|s:7:\"chinese\";currency_id|s:1:\"1\";token|s:32:\"3e185e5637ae3ef19b99cb56a71b00af\";'), ('92f5ee531b3973ec2dbf58bf4f9517df875a2db6','127.0.0.1','1474080472','__ci_last_regenerate|i:1474080471;language_id|s:1:\"1\";language_code|s:5:\"zh-CN\";language_name|s:7:\"chinese\";currency_id|s:1:\"1\";token|s:32:\"bed87aba38dcf5c238f255ac4fb32b21\";'), ('84813d9d22c7d6bf7749127efd8c0ebd51b8179d','127.0.0.1','1474080491','__ci_last_regenerate|i:1474080490;language_id|s:1:\"1\";language_code|s:5:\"zh-CN\";language_name|s:7:\"chinese\";currency_id|s:1:\"1\";token|s:32:\"e9943489b97787d361901e644961fa43\";success|s:15:\"登陆成功！\";__ci_vars|a:1:{s:7:\"success\";s:3:\"new\";}'), ('d1dc07d645b8048a91dc4eddd2062dffce9db80a','127.0.0.1','1474080492','__ci_last_regenerate|i:1474080491;language_id|s:1:\"1\";language_code|s:5:\"zh-CN\";language_name|s:7:\"chinese\";currency_id|s:1:\"1\";token|s:32:\"bc46d85d1e1a7c08edbb96256f563fd9\";'), ('523e729ccadf23ad43455fc56ca6e6ad7d9171e2','127.0.0.1','1474080499','__ci_last_regenerate|i:1474080498;language_id|s:1:\"1\";language_code|s:5:\"zh-CN\";language_name|s:7:\"chinese\";currency_id|s:1:\"1\";token|s:32:\"ed81fc685acd90b0ff8046d8e1c04141\";'), ('97d7a1d831260d0201e22e7e5b90f55cc4deee8e','127.0.0.1','1474080503','__ci_last_regenerate|i:1474080502;language_id|s:1:\"1\";language_code|s:5:\"zh-CN\";language_name|s:7:\"chinese\";currency_id|s:1:\"1\";token|s:32:\"f4cc066dc2a74c598a8f9d206e3f1d49\";'), ('d1befc6d0669892fecaecf15abafb6c0647e194d','127.0.0.1','1474080505','__ci_last_regenerate|i:1474080504;language_id|s:1:\"1\";language_code|s:5:\"zh-CN\";language_name|s:7:\"chinese\";currency_id|s:1:\"1\";token|s:32:\"e56f72133fbf8f956927726eae5721cb\";'), ('48a5b7340bb339736e71bb529ed77ae0bfb0e008','127.0.0.1','1474080674','__ci_last_regenerate|i:1474080527;language_id|s:1:\"1\";language_code|s:5:\"zh-CN\";language_name|s:7:\"chinese\";currency_id|s:1:\"1\";token|s:32:\"603c33fc5e699c42c9cf6447f67b1bcd\";user_id|s:1:\"1\";'), ('378be2dd99fd49798f7358c241d1d6019dd87713','127.0.0.1','1474081171','__ci_last_regenerate|i:1474081162;language_id|s:1:\"1\";language_code|s:5:\"zh-CN\";language_name|s:7:\"chinese\";currency_id|s:1:\"1\";token|s:32:\"603c33fc5e699c42c9cf6447f67b1bcd\";user_id|s:1:\"1\";');
INSERT INTO `option` VALUES ('1','7','1'), ('2','7','0'), ('3','7','0'), ('4','7','0'), ('5','7','0'), ('6','6','0'), ('7','6','0'), ('8','6','0'), ('9','6','0'), ('10','6','0'), ('11','8','0'), ('12','8','0'), ('13','9','0'), ('14','6','20');
INSERT INTO `option_description` VALUES ('1','1','红色'), ('1','2','red'), ('3','1','白色'), ('3','2','with'), ('4','1','黄色'), ('4','2','yellow'), ('5','1','紫色'), ('5','2','紫color'), ('2','1','蓝色'), ('2','2','blue'), ('6','1','S码'), ('6','2','size-S'), ('7','1','M码'), ('7','2','size-M'), ('8','2','size-L'), ('8','1','L码'), ('9','1','XL码'), ('9','2','size-XL'), ('10','1','XXL码'), ('10','2','size-XXL'), ('11','2','测试文字1'), ('11','1','测试文字1'), ('12','1','测试文字2'), ('12','2','测试文字2'), ('13','1','测试31'), ('13','2','测试31'), ('14','1','XXXL'), ('14','2','XXXL');
INSERT INTO `option_group` VALUES ('7','image','image','1'), ('6','text','select','4'), ('8','text','select','0'), ('9','text','select','0');
INSERT INTO `option_group_description` VALUES ('6','2','size'), ('7','1','颜色'), ('6','1','尺码'), ('7','2','color'), ('8','1','大小'), ('9','1','测试3'), ('8','2','size'), ('9','2','测试3');
INSERT INTO `order` VALUES ('11','0','','15','2','0','123456','1211','calderdai@gmail.com','','智敏','代','klpppp','楚雄彝族自治州','650223','中国','44','江苏','700','','','','智敏','代','klpppp','楚雄彝族自治州','650223','中国','44','江苏','700','','','','','23655.0000','1','0','0.0000','0','','1','1','RMB','1.00000000','127.0.0.1','','Mozilla/5.0 (Windows NT 6.1; WOW64) AppleWebKit/537.36 (KHTML, like Gecko) Chrome/51.0.2704.63 Safari/537.36','sc','2016-06-28 17:53:36','2016-09-17 11:20:33'), ('12','0','','1','1','0','123456','1211','calderdai@gmail.com','','智敏','代','klpppp','楚雄彝族自治州','650223','中国','44','江苏','700','','','','智敏','代','klpppp','楚雄彝族自治州','650223','中国','44','江苏','700','','','','','354.6000','1','0','0.0000','0','','1','1','RMB','1.00000000','127.0.0.1','','Mozilla/5.0 (Windows NT 6.1; WOW64) AppleWebKit/537.36 (KHTML, like Gecko) Chrome/51.0.2704.63 Safari/537.36','sc','2016-06-28 17:53:36','2016-09-17 11:20:37'), ('13','0','','2','2','0','123456','1211','calderdai@gmail.com','','智敏','代','klpppp','楚雄彝族自治州','650223','中国','44','江苏','700','','','','智敏','代','klpppp','楚雄彝族自治州','650223','中国','44','江苏','700','','','','','24.0000','1','0','0.0000','0','','1','1','RMB','1.00000000','127.0.0.1','','Mozilla/5.0 (Windows NT 6.1; WOW64) AppleWebKit/537.36 (KHTML, like Gecko) Chrome/51.0.2704.63 Safari/537.36','sc','2016-06-28 17:53:36','2016-09-17 11:20:39'), ('14','0','','1','1','0','123456','1211','calderdai@gmail.com','','智敏','代','klpppp','楚雄彝族自治州','650223','中国','44','江苏','700','','','','智敏','代','klpppp','楚雄彝族自治州','650223','中国','44','江苏','700','','','','大号的','354.6000','1','0','0.0000','0','','1','1','RMB','1.00000000','127.0.0.1','','Mozilla/5.0 (Windows NT 6.1; WOW64) AppleWebKit/537.36 (KHTML, like Gecko) Chrome/51.0.2704.63 Safari/537.36','sc','2016-06-28 17:55:16','2016-09-17 11:20:42'), ('18','0','','2','1','0','123456','1211','calderdai@gmail.com','','123456','1211','禄丰县中村乡小石桥村','楚雄彝族自治州','650223','中国','44','Anhui','684','','','','123456','1211','禄丰县中村乡小石桥村','楚雄彝族自治州','650223','中国','44','Anhui','684','','','','12569999要最小码数的','12.0000','1','0','0.0000','0','','1','1','RMB','1.00000000','127.0.0.1','','Mozilla/5.0 (Windows NT 6.1; WOW64) AppleWebKit/537.36 (KHTML, like Gecko) Chrome/51.0.2704.106 Safari/537.36','sc','2016-07-08 02:43:01','2016-09-17 11:20:45'), ('17','0','','1','1','0','123456','1211','calderdai@gmail.com','','123456','1211','禄丰县中村乡小石桥村','楚雄彝族自治州','650223','中国','44','Anhui','684','','','','123456','1211','禄丰县中村乡小石桥村','楚雄彝族自治州','650223','中国','44','Anhui','684','','','','','17.0000','1','0','0.0000','0','','1','1','RMB','1.00000000','127.0.0.1','','Mozilla/5.0 (Windows NT 6.1; WOW64) AppleWebKit/537.36 (KHTML, like Gecko) Chrome/51.0.2704.106 Safari/537.36','sc','2016-07-06 16:07:48','2016-09-17 11:20:47'), ('90','0','','1','28','2','','','demo@demo.com','','114','ddsss','sssddddd','sseedsscdg','1234567','阿富汗','1','Badakhshan','1','','','','114','ddsss','sssddddd','sseedsscdg','1234567','阿富汗','1','Badakhshan','1','','','','','70.7000','18','0','0.0000','0','','1','1','RMB','1.00000000','127.0.0.1','','Mozilla/5.0 (Windows NT 6.1; WOW64) AppleWebKit/537.36 (KHTML, like Gecko) Chrome/52.0.2743.116 Safari/537.36','sc','2016-08-26 14:56:23','2016-09-17 11:20:50'), ('89','0','','1','1','0','123456','1211','calderdai@gmail.com','13265491659','智敏','代','klpppp','楚雄彝族自治州','650223','中国','44','江苏','700','{country}\r\n{zone}\r\n{city}\r\n{address}\r\n{postcode}\r\n{firstname}\r\n{lastname}','','','智敏','代','klpppp','楚雄彝族自治州','650223','中国','44','江苏','700','{country}\r\n{zone}\r\n{city}\r\n{address}\r\n{postcode}\r\n{firstname}\r\n{lastname}','','','','38.0000','1','0','0.0000','0','','1','1','RMB','1.00000000','127.0.0.1','','Mozilla/5.0 (Windows NT 6.1; WOW64) AppleWebKit/537.36 (KHTML, like Gecko) Chrome/52.0.2743.116 Safari/537.36','sc','2016-08-26 14:26:32','2016-09-17 11:20:53'), ('34','0','','1','1','0','123456','1211','calderdai@gmail.com','13265491659','智敏','代','klpppp','楚雄彝族自治州','650223','中国','44','江苏','700','{country}\r\n{zone}\r\n{city}\r\n{address}\r\n{postcode}\r\n{firstname}\r\n{lastname}','','','智敏','代','klpppp','楚雄彝族自治州','650223','中国','44','江苏','700','{country}\r\n{zone}\r\n{city}\r\n{address}\r\n{postcode}\r\n{firstname}\r\n{lastname}','','','','211.0000','18','0','0.0000','0','','1','1','RMB','1.00000000','127.0.0.1','','Mozilla/5.0 (Windows NT 6.1; WOW64) AppleWebKit/537.36 (KHTML, like Gecko) Chrome/52.0.2743.116 Safari/537.36','sc','2016-08-17 11:02:04','2016-09-17 11:20:56'), ('101','0','','1','1','0','123456','1211','calderdai@gmail.com','13265491659','智敏','代','klpppp','楚雄彝族自治州','650223','中国','44','江苏','700','{country}\r\n{zone}\r\n{city}\r\n{address}\r\n{postcode}\r\n{firstname}\r\n{lastname}','','','智敏','代','klpppp','楚雄彝族自治州','650223','中国','44','江苏','700','{country}\r\n{zone}\r\n{city}\r\n{address}\r\n{postcode}\r\n{firstname}\r\n{lastname}','','','','12.0000','1','0','0.0000','0','','1','1','RMB','1.00000000','61.166.34.118','','Mozilla/5.0 (Windows NT 6.1; WOW64) AppleWebKit/537.36 (KHTML, like Gecko) Chrome/52.0.2743.116 Safari/537.36','sc','2016-08-30 22:53:10','2016-09-17 11:20:59'), ('102','0','','1','1','0','123456','1211','calderdai@gmail.com','13265491659','智敏','代','klpppp','楚雄彝族自治州','650223','中国','44','江苏','700','{country}\r\n{zone}\r\n{city}\r\n{address}\r\n{postcode}\r\n{firstname}\r\n{lastname}','','','uijjj','ooplk','90iiiujj','kljjh','123456789','Austria','14','Kärnten','200','','','','','12.0000','1','0','0.0000','0','','1','1','RMB','1.00000000','127.0.0.1','','Mozilla/5.0 (Windows NT 6.1; WOW64) AppleWebKit/537.36 (KHTML, like Gecko) Chrome/52.0.2743.116 Safari/537.36','sc','2016-09-01 11:19:02','2016-09-17 11:21:01'), ('103','0','','2','1','0','123456','1211','calderdai@gmail.com','13265491659','智敏','代','klpppp','楚雄彝族自治州','650223','中国','44','江苏','700','{country}\r\n{zone}\r\n{city}\r\n{address}\r\n{postcode}\r\n{firstname}\r\n{lastname}','','','uijjj','ooplk','90iiiujj','kljjh','123456789','Austria','14','Kärnten','200','','','','','12.0000','1','0','0.0000','0','','1','1','RMB','1.00000000','127.0.0.1','','Mozilla/5.0 (Windows NT 6.1; WOW64) AppleWebKit/537.36 (KHTML, like Gecko) Chrome/52.0.2743.116 Safari/537.36','sc','2016-09-01 11:19:02','2016-09-17 11:21:04'), ('104','0','','1','1','0','123456','1211','calderdai@gmail.com','13265491659','智敏','代','klpppp','楚雄彝族自治州','650223','中国','44','江苏','700','{country}\r\n{zone}\r\n{city}\r\n{address}\r\n{postcode}\r\n{firstname}\r\n{lastname}','','','智敏','代','klpppp','楚雄彝族自治州','650223','中国','44','江苏','700','{country}\r\n{zone}\r\n{city}\r\n{address}\r\n{postcode}\r\n{firstname}\r\n{lastname}','','','','38.0000','1','0','0.0000','0','','1','1','RMB','1.00000000','127.0.0.1','','Mozilla/5.0 (Windows NT 6.1; WOW64) AppleWebKit/537.36 (KHTML, like Gecko) Chrome/52.0.2743.116 Safari/537.36','sc','2016-09-02 15:02:51','2016-09-17 11:21:06'), ('105','0','','2','1','0','123456','1211','calderdai@gmail.com','13265491659','智敏','代','klpppp','楚雄彝族自治州','650223','中国','44','江苏','700','{country}\r\n{zone}\r\n{city}\r\n{address}\r\n{postcode}\r\n{firstname}\r\n{lastname}','','','智敏','代','klpppp','楚雄彝族自治州','650223','中国','44','江苏','700','{country}\r\n{zone}\r\n{city}\r\n{address}\r\n{postcode}\r\n{firstname}\r\n{lastname}','','','','19.2000','1','0','0.0000','0','','1','1','RMB','1.00000000','127.0.0.1','','Mozilla/5.0 (Windows NT 6.1; WOW64) AppleWebKit/537.36 (KHTML, like Gecko) Chrome/52.0.2743.116 Safari/537.36','sc','2016-09-02 15:02:51','2016-09-17 11:21:09'), ('106','0','','1','1','0','123456','1211','calderdai@gmail.com','13265491659','智敏','代','klpppp','楚雄彝族自治州','650223','中国','44','江苏','700','{country}\r\n{zone}\r\n{city}\r\n{address}\r\n{postcode}\r\n{firstname}\r\n{lastname}','','','智敏','代','klpppp','楚雄彝族自治州','650223','中国','44','江苏','700','{country}\r\n{zone}\r\n{city}\r\n{address}\r\n{postcode}\r\n{firstname}\r\n{lastname}','','','','38.0000','1','0','0.0000','0','','1','1','RMB','1.00000000','127.0.0.1','','Mozilla/5.0 (Windows NT 6.1; WOW64) AppleWebKit/537.36 (KHTML, like Gecko) Chrome/52.0.2743.116 Safari/537.36','sc','2016-09-03 15:59:29','2016-09-17 11:21:11'), ('107','0','','1','1','2','123456','1211','calderdai@gmail.com','13265491659','智敏','代','klpppp','楚雄彝族自治州','650223','中国','44','江苏','700','{country}\r\n{zone}\r\n{city}\r\n{address}\r\n{postcode}\r\n{firstname}\r\n{lastname}','','','智敏','代','klpppp','楚雄彝族自治州','650223','中国','44','江苏','700','{country}\r\n{zone}\r\n{city}\r\n{address}\r\n{postcode}\r\n{firstname}\r\n{lastname}','','','','101.0000','1','0','0.0000','0','','1','1','RMB','1.00000000','127.0.0.1','','Mozilla/5.0 (Windows NT 6.1; WOW64) AppleWebKit/537.36 (KHTML, like Gecko) Chrome/53.0.2785.89 Safari/537.36','sc','2016-09-08 15:00:31','2016-09-17 11:21:14'), ('108','0','','1','1','2','123456','1211','calderdai@gmail.com','13265491659','智敏','代','klpppp','楚雄彝族自治州','650223','中国','44','江苏','700','{country}\r\n{zone}\r\n{city}\r\n{address}\r\n{postcode}\r\n{firstname}\r\n{lastname}','','','智敏','代','klpppp','楚雄彝族自治州','650223','中国','44','江苏','700','{country}\r\n{zone}\r\n{city}\r\n{address}\r\n{postcode}\r\n{firstname}\r\n{lastname}','','','','125.0000','18','0','0.0000','0','','1','1','RMB','1.00000000','127.0.0.1','','Mozilla/5.0 (Windows NT 6.1; WOW64) AppleWebKit/537.36 (KHTML, like Gecko) Chrome/53.0.2785.89 Safari/537.36','sc','2016-09-09 09:56:16','2016-09-17 11:21:17'), ('109','0','','1','1','2','123456','1211','calderdai@gmail.com','13265491659','智敏','代','klpppp','楚雄彝族自治州','650223','中国','44','江苏','700','{country}\r\n{zone}\r\n{city}\r\n{address}\r\n{postcode}\r\n{firstname}\r\n{lastname}','','','智敏','代','klpppp','楚雄彝族自治州','650223','中国','44','江苏','700','{country}\r\n{zone}\r\n{city}\r\n{address}\r\n{postcode}\r\n{firstname}\r\n{lastname}','','','','101.0000','18','0','0.0000','0','','1','1','RMB','1.00000000','127.0.0.1','','Mozilla/5.0 (Windows NT 6.1; WOW64) AppleWebKit/537.36 (KHTML, like Gecko) Chrome/53.0.2785.89 Safari/537.36','sc','2016-09-09 11:00:51','2016-09-17 11:21:20'), ('110','0','','1','1','2','123456','1211','calderdai@gmail.com','13265491659','智敏','代','klpppp','楚雄彝族自治州','650223','中国','44','江苏','700','{country}\r\n{zone}\r\n{city}\r\n{address}\r\n{postcode}\r\n{firstname}\r\n{lastname}','','','智敏','代','klpppp','楚雄彝族自治州','650223','中国','44','江苏','700','{country}\r\n{zone}\r\n{city}\r\n{address}\r\n{postcode}\r\n{firstname}\r\n{lastname}','','','','101.0000','18','0','0.0000','0','','1','1','RMB','1.00000000','127.0.0.1','','Mozilla/5.0 (Windows NT 6.1; WOW64) AppleWebKit/537.36 (KHTML, like Gecko) Chrome/53.0.2785.89 Safari/537.36','sc','2016-09-09 17:42:48','2016-09-17 11:21:22'), ('111','0','','1','1','2','123456','1211','calderdai@gmail.com','13265491659','智敏','代','klpppp','楚雄彝族自治州','650223','中国','44','江苏','700','{country}\r\n{zone}\r\n{city}\r\n{address}\r\n{postcode}\r\n{firstname}\r\n{lastname}','','','智敏','代','klpppp','楚雄彝族自治州','650223','中国','44','江苏','700','{country}\r\n{zone}\r\n{city}\r\n{address}\r\n{postcode}\r\n{firstname}\r\n{lastname}','','','','117.0000','18','0','0.0000','0','','1','1','RMB','1.00000000','127.0.0.1','','Mozilla/5.0 (Windows NT 6.1; WOW64) AppleWebKit/537.36 (KHTML, like Gecko) Chrome/53.0.2785.89 Safari/537.36','sc','2016-09-10 10:15:35','2016-09-17 11:21:25'), ('112','0','','1','1','2','123456','1211','calderdai@gmail.com','13265491659','智敏','代','klpppp','楚雄彝族自治州','650223','中国','44','江苏','700','{country}\r\n{zone}\r\n{city}\r\n{address}\r\n{postcode}\r\n{firstname}\r\n{lastname}','','','智敏','代','klpppp','楚雄彝族自治州','650223','中国','44','江苏','700','{country}\r\n{zone}\r\n{city}\r\n{address}\r\n{postcode}\r\n{firstname}\r\n{lastname}','','','','338.0000','18','0','0.0000','0','','1','1','RMB','1.00000000','127.0.0.1','','Mozilla/5.0 (Windows NT 6.1; WOW64) AppleWebKit/537.36 (KHTML, like Gecko) Chrome/53.0.2785.89 Safari/537.36','sc','2016-09-10 16:08:47','2016-09-17 11:21:28'), ('113','0','','1','1','2','123456','1211','calderdai@gmail.com','13265491659','智敏','代','klpppp','楚雄彝族自治州','650223','中国','44','江苏','700','{country}\r\n{zone}\r\n{city}\r\n{address}\r\n{postcode}\r\n{firstname}\r\n{lastname}','','','智敏','代','klpppp','楚雄彝族自治州','650223','中国','44','江苏','700','{country}\r\n{zone}\r\n{city}\r\n{address}\r\n{postcode}\r\n{firstname}\r\n{lastname}','','','','101.0000','18','0','0.0000','0','','1','1','RMB','1.00000000','127.0.0.1','','Mozilla/5.0 (Windows NT 6.1; WOW64) AppleWebKit/537.36 (KHTML, like Gecko) Chrome/53.0.2785.89 Safari/537.36','sc','2016-09-12 08:57:53','2016-09-17 11:21:30'), ('114','0','','1','1','2','123456','1211','calderdai@gmail.com','13265491659','智敏','代','klpppp','楚雄彝族自治州','650223','中国','44','江苏','700','{country}\r\n{zone}\r\n{city}\r\n{address}\r\n{postcode}\r\n{firstname}\r\n{lastname}','','','智敏','代','klpppp','楚雄彝族自治州','650223','中国','44','江苏','700','{country}\r\n{zone}\r\n{city}\r\n{address}\r\n{postcode}\r\n{firstname}\r\n{lastname}','','','','125.0000','18','0','0.0000','0','','1','1','RMB','1.00000000','127.0.0.1','','Mozilla/5.0 (Windows NT 6.1; WOW64) AppleWebKit/537.36 (KHTML, like Gecko) Chrome/53.0.2785.89 Safari/537.36','sc','2016-09-12 17:36:35','2016-09-17 11:21:33'), ('115','0','','1','1','2','123456','1211','calderdai@gmail.com','13265491659','智敏','代','klpppp','楚雄彝族自治州','650223','中国','44','江苏','700','{country}\r\n{zone}\r\n{city}\r\n{address}\r\n{postcode}\r\n{firstname}\r\n{lastname}','','','智敏','代','klpppp','楚雄彝族自治州','650223','中国','44','江苏','700','{country}\r\n{zone}\r\n{city}\r\n{address}\r\n{postcode}\r\n{firstname}\r\n{lastname}','','','','12.0000','18','0','0.0000','0','','1','1','RMB','1.00000000','127.0.0.1','','Mozilla/5.0 (Windows NT 6.1; WOW64) AppleWebKit/537.36 (KHTML, like Gecko) Chrome/53.0.2785.89 Safari/537.36','sc','2016-09-13 08:55:28','2016-09-17 11:21:35'), ('116','0','','15','1','2','123456','1211','calderdai@gmail.com','13265491659','智敏','代','klpppp','楚雄彝族自治州','650223','中国','44','江苏','700','{country}\r\n{zone}\r\n{city}\r\n{address}\r\n{postcode}\r\n{firstname}\r\n{lastname}','','','智敏','代','klpppp','楚雄彝族自治州','650223','中国','44','江苏','700','{country}\r\n{zone}\r\n{city}\r\n{address}\r\n{postcode}\r\n{firstname}\r\n{lastname}','','','','23655.0000','18','0','0.0000','0','','1','1','RMB','1.00000000','127.0.0.1','','Mozilla/5.0 (Windows NT 6.1; WOW64) AppleWebKit/537.36 (KHTML, like Gecko) Chrome/53.0.2785.89 Safari/537.36','sc','2016-09-13 08:55:28','2016-09-17 11:21:38'), ('117','0','','1','1','2','123456','1211','calderdai@gmail.com','13265491659','智敏','代','klpppp','楚雄彝族自治州','650223','中国','44','江苏','700','{country}\r\n{zone}\r\n{city}\r\n{address}\r\n{postcode}\r\n{firstname}\r\n{lastname}','','','智敏','代','klpppp','楚雄彝族自治州','650223','中国','44','江苏','700','{country}\r\n{zone}\r\n{city}\r\n{address}\r\n{postcode}\r\n{firstname}\r\n{lastname}','','','','13.0000','18','0','0.0000','0','','1','1','RMB','1.00000000','127.0.0.1','','Mozilla/5.0 (Windows NT 6.1; WOW64) AppleWebKit/537.36 (KHTML, like Gecko) Chrome/53.0.2785.89 Safari/537.36','sc','2016-09-13 12:00:14','2016-09-17 11:21:41'), ('118','0','','2','1','2','123456','1211','calderdai@gmail.com','13265491659','智敏','代','klpppp','楚雄彝族自治州','650223','中国','44','江苏','700','{country}\r\n{zone}\r\n{city}\r\n{address}\r\n{postcode}\r\n{firstname}\r\n{lastname}','','','智敏','代','klpppp','楚雄彝族自治州','650223','中国','44','江苏','700','{country}\r\n{zone}\r\n{city}\r\n{address}\r\n{postcode}\r\n{firstname}\r\n{lastname}','','','','12.0000','18','0','0.0000','0','','1','1','RMB','1.00000000','127.0.0.1','','Mozilla/5.0 (Windows NT 6.1; WOW64) AppleWebKit/537.36 (KHTML, like Gecko) Chrome/53.0.2785.89 Safari/537.36','sc','2016-09-13 12:00:14','2016-09-17 11:21:43');
INSERT INTO `order_callout` VALUES ('3','18','general','admin','小号的');
INSERT INTO `order_history` VALUES ('1','1','1','0','','2016-02-29 14:08:51');
INSERT INTO `order_product` VALUES ('22','11','d09bf41544a3365a46c9077ebb5e35c3','15','75','1533321256875456','/users/2016/02/02/1/320x320zhutu/20160527050525RKY9XcglJy.jpg','1','0','23655.0000','23655.0000','0.0000','0','0','','0.000'), ('23','12','b82085dc411ef8fbd4edabd2afe4f700','1','72','【环球网综合报道】据香港《东方日报》5月9日报道，美国西点军校学员毕业时，有模仿经典历史肖像拍照的传统，而今年1','/users/2016/02/02/1/320x320zhutu/20160527050525RKY9XcglJy.jpg','6','6.1.11.13','12.0000','72.0000','1.0000','尺码:S码  颜色:红色  大小:测试文字1  测试3:测试31','0','','0.000'), ('24','12','a684eceee76fc522773286a895bc8436','1','54','女装连衣裙001','/users/2016/02/02/1/320x320zhutu/20160527050525RKY9XcglJy.jpg','1','0','200.0000','200.0000','0.0000','0','0','','0.000'), ('44','18','cc2a070341da27e7a00c5766b4f3f5cb','2','74','1111111111111111111','/users/2016/03/18/9/320zhutu/20160527050519yFPcdTAjK2.jpg','1','6.1.11.13','12.0000','12.0000','1.0000','尺码:S码  颜色:红色  大小:测试文字1  测试3:测试31','0','','0.000'), ('27','13','cc2a070341da27e7a00c5766b4f3f5cb','2','74','1111111111111111111','/users/2016/02/02/1/320x320zhutu/20160527050525RKY9XcglJy.jpg','2','6.1.11.13','12.0000','24.0000','1.0000','尺码:S码  颜色:红色  大小:测试文字1  测试3:测试31','0','','0.000'), ('36','14','b82085dc411ef8fbd4edabd2afe4f700','1','72','【环球网综合报道】据香港《东方日报》5月9日报道，美国西点军校学员毕业时，有模仿经典历史肖像拍照的传统，而今年1','/users/2016/02/02/1/320x320zhutu/20160527050525RKY9XcglJy.jpg','6','6.1.11.13','12.0000','72.0000','1.0000','尺码:S码  颜色:红色  大小:测试文字1  测试3:测试31','0','','0.000'), ('40','14','b82085dc411ef8fbd4edabd2afe4f700','1','72','【环球网综合报道】据香港《东方日报》5月9日报道，美国西点军校学员毕业时，有模仿经典历史肖像拍照的传统，而今年1','/users/2016/02/02/1/320x320zhutu/20160527050525RKY9XcglJy.jpg','6','6.1.11.13','12.0000','72.0000','1.0000','尺码:S码  颜色:红色  大小:测试文字1  测试3:测试31','0','','0.000'), ('43','17','2838023a778dfaecdc212708f721b788','1','51','云南特产香脆梨、特别水多的梨云南特产香脆梨、特别水多的梨云南特产香脆梨、特别水多的梨','/users/2016/02/02/1/320x320zhutu/20160527050525RKY9XcglJy.jpg','1','0','17.0000','17.0000','0.0000','0','0','','0.000'), ('274','89','07feffc4ce56166803f43011d59b9e4c','1','76','精选纯正 雪花啤酒整箱勇闯天涯500mlx24听装灌装啤酒批发整箱','/users/2016/02/02/1/320x320/20160806110826JmaR0NjUI6.jpg','1','6.2','25.0000','25.0000','0.0000','尺码:S码  颜色:蓝色','112','special','100.000'), ('273','89','45c765233c8f57cc36dd2ec03dfcb73a','1','76','精选纯正 雪花啤酒整箱勇闯天涯500mlx24听装灌装啤酒批发整箱','/users/2016/02/02/1/320x320/20160806110826JmaR0NjUI6.jpg','1','6.1','1.0000','1.0000','0.0000','尺码:S码  颜色:红色','11','special','100.000'), ('78','34','a684eceee76fc522773286a895bc8436','1','54','王老吉正宗凉茶植物饮料310ml*24罐怕上火认准正宗王老吉批发包邮','/users/2016/02/02/1/320x320/20160806110855F72klga4uM.jpg','1','0','200.0000','200.0000','0.0000','0','0','','0.000'), ('79','34','65a33029a3618d7490d32dc3cc5212ad','1','73','可口可乐公司 小瓶可乐迷你装碳酸饮料300ml*24瓶 江浙沪皖包邮','/users/2016/02/02/1/320x320/20160806110857N8WwgGMe1Y.jpg','1','6.1.11.13','11.0000','11.0000','1.0000','尺码:S码  颜色:红色  大小:测试文字1  测试3:测试31','0','','0.000'), ('275','89','8031b30ab0be28f413517c105ae152e3','1','76','精选纯正 雪花啤酒整箱勇闯天涯500mlx24听装灌装啤酒批发整箱','/users/2016/02/02/1/320x320/20160806110826JmaR0NjUI6.jpg','1','6.3','12.0000','12.0000','0.0000','尺码:S码  颜色:白色','11','special','100.000'), ('276','90','45c765233c8f57cc36dd2ec03dfcb73a','1','76','精选纯正 雪花啤酒整箱勇闯天涯500mlx24听装灌装啤酒批发整箱','/users/2016/02/02/1/320x320/20160806110826JmaR0NjUI6.jpg','1','6.1','70.7000','70.7000','0.0000','尺码:S码  颜色:红色','11','discount','7.000'), ('287','101','8031b30ab0be28f413517c105ae152e3','1','76','精选纯正 雪花啤酒整箱勇闯天涯500mlx24听装灌装啤酒批发整箱','/users/2016/02/02/1/320x320/20160806110826JmaR0NjUI6.jpg','1','6.3','12.0000','12.0000','0.0000','尺码:S码  颜色:白色','11','special','100.000'), ('288','102','f20887a9ff7a3e1607939db841ad50a8','1','72','崂山啤酒 五厂 崂山沙子口泉水酿造 500ml*12/箱 部分地区2箱包邮','/users/2016/02/02/1/320x320/20160806110858gjrXPHpJ6f.jpg','1','6.1.12.13','12.0000','12.0000','1.0000','尺码:S码  颜色:红色  大小:测试文字2  测试3:测试31','11','','0.000'), ('289','103','cc2a070341da27e7a00c5766b4f3f5cb','2','74','良品铺子手剥松子 开口东北手拨红松子原味坚果特产零食炒货袋装','/users/2016/03/18/9/320x320/20160806110811gmLI7frPKv.jpg','1','6.1.11.13','12.0000','12.0000','1.0000','尺码:S码  颜色:红色  大小:测试文字1  测试3:测试31','11','','0.000'), ('290','104','45c765233c8f57cc36dd2ec03dfcb73a','1','76','精选纯正 雪花啤酒整箱勇闯天涯500mlx24听装灌装啤酒批发整箱','/users/2016/02/02/1/320x320/20160806110826JmaR0NjUI6.jpg','1','6.1','1.0000','1.0000','0.0000','尺码:S码  颜色:红色','11','special','100.000'), ('291','104','07feffc4ce56166803f43011d59b9e4c','1','76','精选纯正 雪花啤酒整箱勇闯天涯500mlx24听装灌装啤酒批发整箱','/users/2016/02/02/1/320x320/20160806110826JmaR0NjUI6.jpg','1','6.2','25.0000','25.0000','0.0000','尺码:S码  颜色:蓝色','112','special','100.000'), ('292','104','8031b30ab0be28f413517c105ae152e3','1','76','精选纯正 雪花啤酒整箱勇闯天涯500mlx24听装灌装啤酒批发整箱','/users/2016/02/02/1/320x320/20160806110826JmaR0NjUI6.jpg','1','6.3','12.0000','12.0000','0.0000','尺码:S码  颜色:白色','11','special','100.000'), ('293','105','9a1158154dfa42caddbd0694a4e9bdc8','2','52','蓝月亮洗衣液套装 薰衣草机洗白兰手洗专用4瓶3袋装亮白官方正品','/users/2016/03/18/9/320x320/20160806110807EAzZHNho95.jpg','1','0','19.2000','19.2000','0.0000','0','0','','0.000'), ('294','106','8031b30ab0be28f413517c105ae152e3','1','76','精选纯正 雪花啤酒整箱勇闯天涯500mlx24听装灌装啤酒批发整箱','/users/2016/02/02/1/320x320/20160806110826JmaR0NjUI6.jpg','1','6.3','12.0000','12.0000','0.0000','尺码:S码  颜色:白色','11','special','100.000'), ('295','106','07feffc4ce56166803f43011d59b9e4c','1','76','精选纯正 雪花啤酒整箱勇闯天涯500mlx24听装灌装啤酒批发整箱','/users/2016/02/02/1/320x320/20160806110826JmaR0NjUI6.jpg','1','6.2','25.0000','25.0000','0.0000','尺码:S码  颜色:蓝色','112','special','100.000'), ('296','106','45c765233c8f57cc36dd2ec03dfcb73a','1','76','精选纯正 雪花啤酒整箱勇闯天涯500mlx24听装灌装啤酒批发整箱','/users/2016/02/02/1/320x320/20160806110826JmaR0NjUI6.jpg','1','6.1','1.0000','1.0000','0.0000','尺码:S码  颜色:红色','11','special','100.000'), ('297','107','45c765233c8f57cc36dd2ec03dfcb73a','1','76','精选纯正 雪花啤酒整箱勇闯天涯500mlx24听装灌装啤酒批发整箱','/users/2016/02/02/1/320x320/20160806110826JmaR0NjUI6.jpg','1','6.1','101.0000','101.0000','0.0000','尺码:S码  颜色:红色','11','','0.000'), ('298','108','45c765233c8f57cc36dd2ec03dfcb73a','1','76','精选纯正 雪花啤酒整箱勇闯天涯500mlx24听装灌装啤酒批发整箱','/users/2016/02/02/1/320x320/20160806110826JmaR0NjUI6.jpg','1','6.2','125.0000','125.0000','0.0000','尺码:S码  颜色:蓝色','112','','0.000'), ('299','109','45c765233c8f57cc36dd2ec03dfcb73a','1','76','精选纯正 雪花啤酒整箱勇闯天涯500mlx24听装灌装啤酒批发整箱','/users/2016/02/02/1/320x320/20160806110826JmaR0NjUI6.jpg','1','6.1','101.0000','101.0000','0.0000','尺码:S码  颜色:红色','11','','0.000'), ('300','110','45c765233c8f57cc36dd2ec03dfcb73a','1','76','精选纯正 雪花啤酒整箱勇闯天涯500mlx24听装灌装啤酒批发整箱','/users/2016/02/02/1/320x320/20160806110826JmaR0NjUI6.jpg','1','6.1','101.0000','101.0000','0.0000','尺码:S码  颜色:红色','11','','0.000'), ('301','111','346024c144745ceca0ccb0675cf760f4','1','57','HOLY SERPENT/蛇圣 H5手机耳机入耳式耳塞重低音线控通用电脑耳机','/users/2016/02/02/1/320x320/201608061108530Ig2abcZLr.jpg','1','6.1.11.13','12.0000','12.0000','1.0000','尺码:S码  颜色:红色  大小:测试文字1  测试3:测试31','11','','0.000'), ('302','111','a3f8805ba46ab2c3b2a08898911844fc','1','57','HOLY SERPENT/蛇圣 H5手机耳机入耳式耳塞重低音线控通用电脑耳机','/users/2016/02/02/1/320x320/201608061108530Ig2abcZLr.jpg','1','7.1.11.13','13.0000','13.0000','1.0000','尺码:M码  颜色:红色  大小:测试文字1  测试3:测试31','12','','0.000'), ('303','111','eac265bddb398adef2f0f92d785a31f4','1','57','HOLY SERPENT/蛇圣 H5手机耳机入耳式耳塞重低音线控通用电脑耳机','/users/2016/02/02/1/320x320/201608061108530Ig2abcZLr.jpg','2','8.1.11.13','46.0000','92.0000','1.0000','尺码:L码  颜色:红色  大小:测试文字1  测试3:测试31','45','','0.000'), ('304','112','45c765233c8f57cc36dd2ec03dfcb73a','1','76','精选纯正 雪花啤酒整箱勇闯天涯500mlx24听装灌装啤酒批发整箱','/users/2016/02/02/1/320x320/20160806110826JmaR0NjUI6.jpg','1','6.1','101.0000','101.0000','0.0000','尺码:S码  颜色:红色','11','','0.000'), ('305','112','07feffc4ce56166803f43011d59b9e4c','1','76','精选纯正 雪花啤酒整箱勇闯天涯500mlx24听装灌装啤酒批发整箱','/users/2016/02/02/1/320x320/20160806110826JmaR0NjUI6.jpg','1','6.2','125.0000','125.0000','0.0000','尺码:S码  颜色:蓝色','112','','0.000'), ('306','112','8031b30ab0be28f413517c105ae152e3','1','76','精选纯正 雪花啤酒整箱勇闯天涯500mlx24听装灌装啤酒批发整箱','/users/2016/02/02/1/320x320/20160806110826JmaR0NjUI6.jpg','1','6.3','112.0000','112.0000','0.0000','尺码:S码  颜色:白色','11','','0.000'), ('307','113','45c765233c8f57cc36dd2ec03dfcb73a','1','76','精选纯正 雪花啤酒整箱勇闯天涯500mlx24听装灌装啤酒批发整箱','/users/2016/02/02/1/320x320/20160806110826JmaR0NjUI6.jpg','1','6.1','101.0000','101.0000','0.0000','尺码:S码  颜色:红色','11','','0.000'), ('308','114','07feffc4ce56166803f43011d59b9e4c','1','76','精选纯正 雪花啤酒整箱勇闯天涯500mlx24听装灌装啤酒批发整箱','/users/2016/02/02/1/320x320/20160806110826JmaR0NjUI6.jpg','1','6.2','125.0000','125.0000','0.0000','尺码:S码  颜色:蓝色','112','','0.000'), ('309','115','f20887a9ff7a3e1607939db841ad50a8','1','72','崂山啤酒 五厂 崂山沙子口泉水酿造 500ml*12/箱 部分地区2箱包邮','/users/2016/02/02/1/320x320/20160806110858gjrXPHpJ6f.jpg','1','6.1.12.13','12.0000','12.0000','1.0000','尺码:S码  颜色:红色  大小:测试文字2  测试3:测试31','11','','0.000'), ('310','116','d09bf41544a3365a46c9077ebb5e35c3','15','75','美国进口28mm车厘子2斤装大果新鲜爽甜樱桃直发新鲜水果顺丰包邮','/users/2016/05/16/13/320x320/20160806120810YLma4vxqTt.jpg','1','0','23655.0000','23655.0000','0.0000','0','0','','0.000'), ('311','117','a3f8805ba46ab2c3b2a08898911844fc','1','57','HOLY SERPENT/蛇圣 H5手机耳机入耳式耳塞重低音线控通用电脑耳机','/users/2016/02/02/1/320x320/201608061108530Ig2abcZLr.jpg','1','7.1.11.13','13.0000','13.0000','1.0000','尺码:M码  颜色:红色  大小:测试文字1  测试3:测试31','12','','0.000'), ('312','118','cc2a070341da27e7a00c5766b4f3f5cb','2','74','良品铺子手剥松子 开口东北手拨红松子原味坚果特产零食炒货袋装','/users/2016/03/18/9/320x320/20160806110811gmLI7frPKv.jpg','1','6.1.11.13','12.0000','12.0000','1.0000','尺码:S码  颜色:红色  大小:测试文字1  测试3:测试31','11','','0.000');
INSERT INTO `order_status` VALUES ('3','0'), ('7','0'), ('5','0'), ('8','0'), ('9','0'), ('10','0'), ('11','0'), ('12','0'), ('13','0'), ('1','0'), ('16','0'), ('15','0'), ('14','0'), ('18','0');
INSERT INTO `order_status_description` VALUES ('7','2','7758555'), ('3','1','Shipped'), ('7','1','Canceled'), ('5','1','Complete'), ('8','1','Denied'), ('9','1','Canceled Reversal'), ('10','1','Failed'), ('11','1','Refunded'), ('12','1','Reversed'), ('13','1','Chargeback'), ('1','1','待发货'), ('16','1','Voided'), ('15','1','Processed'), ('14','1','Expired'), ('1','2','padding'), ('18','1','待付款'), ('18','2','待付款');
INSERT INTO `order_total` VALUES ('1','1','sub_total','Sub-Total','101.0000','1'), ('2','1','shipping','Flat Shipping Rate','5.0000','3'), ('3','1','total','Total','106.0000','9');
INSERT INTO `product` VALUES ('54','5','6','10','/users/2016/02/02/1/320x320/20160806110855F72klga4uM.jpg','0','1','200.0000','77','78','0','45.00000000','1','89.00000000','99.00000000','21.00000000','1','0','0','1','1','1','0.0000','1','10','22','0','2016-08-06 11:37:16','2016-02-04 15:04:46','2016-08-05 11:32:17'), ('52','0','6','0','/users/2016/03/18/9/320x320/20160806110807EAzZHNho95.jpg','0','1','18.2000','0','0','1','0.00000000','1','0.00000000','0.00000000','0.00000000','1','0','0','1','2','10','0.0000','1','11','0','0','2016-08-06 11:55:36','2016-02-04 15:04:34','2016-07-31 17:22:42'), ('57','5','5','7','/users/2016/02/02/1/320x320/201608061108530Ig2abcZLr.jpg','0','1','200.0000','200','100','1','10.00000000','1','200.00000000','300.00000000','10.00000000','1','0','2','2','1','0','0.0000','1','0','20','0','2016-08-11 11:40:44','2016-09-17 11:22:41','2016-07-31 17:33:09'), ('58','5','0','7','/users/2016/02/02/1/320x320/20160806110815tciEeyIxhg.jpg','0','1','55.0000','11','11','0','11.00000000','1','11.00000000','11.00000000','11.00000000','1','0','11','2','1','0','0.0000','1','0','0','0','2016-08-06 11:33:18','2016-09-17 11:22:47','2016-07-31 17:33:12'), ('72','5','5','7','/users/2016/02/02/1/320x320/20160806110858gjrXPHpJ6f.jpg','0','1','11256.0000','111','1222','1','112.00000000','1','11.00000000','11.00000000','11.00000000','1','0','112','11','1','0','0.0000','1','0','11','0','2016-08-16 09:32:04','2016-09-17 11:22:51','2016-09-16 11:23:04'), ('73','5','5','7','/users/2016/02/02/1/320x320/20160806110857N8WwgGMe1Y.jpg','0','1','125.0000','122','112','3','11111.00000000','1','11.00000000','11.00000000','11.00000000','2','1','11','11','1','0','0.0000','1','0','1211','0','2016-08-06 11:43:44','2016-09-17 11:22:54','2016-09-14 11:23:10'), ('74','0','0','0','/users/2016/03/18/9/320x320/20160806110811gmLI7frPKv.jpg','0','1','200.0000','0','0','1','0.00000000','1','0.00000000','0.00000000','0.00000000','1','0','0','0','2','0','0.0000','1','0','0','0','2016-08-06 11:57:30','2016-09-17 11:22:56','2016-09-07 11:23:14'), ('75','0','0','0','/users/2016/05/16/13/320x320/20160806120810YLma4vxqTt.jpg','0','1','23654.0000','0','0','1','0.00000000','1','0.00000000','0.00000000','0.00000000','1','0','0','0','15','0','0.0000','1','0','0','0','2016-08-06 12:02:27','2016-09-17 11:22:59','2016-09-05 11:23:17'), ('76','5','0','12','/users/2016/02/02/1/320x320/20160806110826JmaR0NjUI6.jpg','0','1','125.0000','111','1111','0','11.00000000','1','11.00000000','11.00000000','11.00000000','1','0','111','1','1','0','0.0000','1','0','11','0','2016-08-20 11:43:17','2016-09-17 11:23:01','2016-09-20 11:23:21');
INSERT INTO `product_aftermarket` VALUES ('57','1'), ('57','3'), ('57','5'), ('59','1'), ('59','3'), ('60','1'), ('60','3'), ('61','1'), ('61','3'), ('62','1'), ('62','3'), ('63','1'), ('63','3'), ('64','1'), ('64','3'), ('65','1'), ('65','3'), ('66','1'), ('66','3'), ('67','1'), ('67','3'), ('69','1'), ('69','3'), ('70','1'), ('70','3'), ('71','1'), ('71','3'), ('72','1'), ('72','3'), ('73','1'), ('73','3');
INSERT INTO `product_attribute` VALUES ('73','2','10','22',''), ('73','2','9','22',''), ('73','2','12','','/users/2016/02/02/1/20160408100424yaJ5iVps2O.jpg'), ('73','2','11','','/users/2016/02/02/1/20160408100406IirUjCtWB0.jpg'), ('73','1','6','测试单选3',''), ('73','1','8','测试多选2',''), ('73','1','7','',''), ('73','1','2','列表1',''), ('73','1','9','11',''), ('73','1','10','11',''), ('73','1','12','','/users/2016/02/02/1/900x250/20160806110816HQqTXpNyhY.jpg'), ('57','2','12','','12'), ('72','2','11','','/users/2016/02/02/1/20160408100432nOKASgq7JD.jpg'), ('72','2','10','11',''), ('72','2','9','11',''), ('75','1','6','测试单选3',''), ('75','1','8','',''), ('75','1','7','',''), ('75','1','2','列表1',''), ('75','1','10','10',''), ('75','1','9','9',''), ('74','1','6','测试单选3',''), ('74','1','7','',''), ('74','1','8','',''), ('74','1','10','10',''), ('74','1','2','列表1',''), ('57','2','11','','11'), ('57','2','10','10',''), ('57','2','9','9',''), ('57','2','2','列表1',''), ('57','1','11','','/users/2016/02/02/1/320x320/201608061108530Ig2abcZLr.jpg'), ('72','2','2','列表1',''), ('72','1','12','','/users/2016/02/02/1/320x320/20160806110815tciEeyIxhg.jpg'), ('73','1','11','','/users/2016/02/02/1/description/20160806110826LOdKA7x2Hg.jpg'), ('52','1','2','列表1',''), ('52','1','7','',''), ('52','1','9','9',''), ('52','1','10','10',''), ('52','1','12','','/users/2016/03/18/9/900x250/20160806110843cPx6IDphRs.jpg'), ('52','1','11','','/users/2016/03/18/9/320x320/20160806110807EAzZHNho95.jpg'), ('74','1','9','9',''), ('74','1','12','','/users/2016/03/18/9/320x320/20160806110807EAzZHNho95.jpg'), ('74','1','11','','/users/2016/03/18/9/320x320/20160806110811gmLI7frPKv.jpg'), ('75','1','12','','/users/2016/05/16/13/900x250/20160806120824BZA7Dpaz3F.jpg'), ('75','1','11','','/users/2016/05/16/13/320x320/20160806120810YLma4vxqTt.jpg'), ('57','1','12','','/users/2016/02/02/1/320x320/20160806110815tciEeyIxhg.jpg'), ('72','1','10','11',''), ('72','1','11','','/users/2016/02/02/1/320x320/20160806110858gjrXPHpJ6f.jpg'), ('72','1','2','列表1',''), ('72','1','9','11',''), ('73','2','2','列表1',''), ('73','2','7','',''), ('73','2','8','测试多选2',''), ('73','2','6','测试单选3',''), ('52','1','8','',''), ('52','1','6','测试单选3',''), ('52','2','11','','11'), ('52','2','12','','12'), ('52','2','9','9',''), ('52','2','10','10',''), ('52','2','2','列表1',''), ('52','2','7','',''), ('52','2','8','',''), ('52','2','6','测试单选3',''), ('74','2','11','','11'), ('74','2','12','','12'), ('74','2','9','9',''), ('74','2','10','10',''), ('74','2','2','列表1',''), ('74','2','7','',''), ('74','2','8','',''), ('74','2','6','测试单选3',''), ('75','2','11','','11'), ('75','2','12','','12'), ('75','2','9','9',''), ('75','2','10','10',''), ('75','2','2','列表1',''), ('75','2','7','',''), ('75','2','8','',''), ('75','2','6','测试单选3',''), ('57','1','2','列表1',''), ('57','1','9','9',''), ('57','1','10','10',''), ('72','2','12','','/users/2016/02/02/1/20160408100447aZFUqdLflg.jpg');
INSERT INTO `product_barcode` VALUES ('57','1','123456'), ('73','1','1234567890'), ('72','1','12556854'), ('74','1','1111111111111111111'), ('75','3','1533321256875456'), ('52','3',''), ('52','1',''), ('75','1','1533321256875456'), ('57','3','123456'), ('72','3','1234567890'), ('73','3','1234567890'), ('74','3','1111111111111111111');
INSERT INTO `product_description` VALUES ('52','1','蓝月亮洗衣液套装 薰衣草机洗白兰手洗专用4瓶3袋装亮白官方正品','<p><span xss=\"removed\">If your commodity weight equal to about 5 kg, <img src=\"/image/users/2016/03/18/9/description/20160806110832ZyoDRXfkTN.jpg\">you can choose this for your product distribution services, it will be your most cost-effective choice, we have done everything for you, use this payment to us, man!</span><br></p>','','','蓝月亮洗衣液套装 薰衣草机洗白兰手洗专用4瓶3袋装亮白官方正品','蓝月亮洗衣液套装 薰衣草机洗白兰手洗专用4瓶3袋装亮白官方正品'), ('52','2','6kg商品快递单','<p>如果你的商品重量约等于5公斤，你可以选择这个商品为你的配送服务<img src=\"/image/users/2016/03/18/9/description/20160806110852PXTlZmbeGn.jpg\">，它将是你最划算的选择，我们已经为你做好了一切,用这个方式付款给我们吧，伙计!<br></p>','','','',''), ('54','2','Women\'s Dresses','<p xss=\"removed\"><br></p><p class=\"12366\" xss=\"removed\"><span xss=\"removed\"><img src=\"http://lv.com/image/users/2016/02/02/1/description/201608061108538cSnTRNMpK.jpg\"><br></span></p><p xss=\"removed\"><span xss=\"removed\">If your commodity weight equal to about 5 kg, you can choose this for your product distribution services, it will be your mos cost-effective choice, we have done everything for you, use this payment to us, man!</span></p>','','','Women\'s Dresses','Women\'s Dresses'), ('76','1','精选纯正 雪花啤酒整箱勇闯天涯500mlx24听装灌装啤酒批发整箱','<p><img src=\"/image/users/2016/02/02/1/description/201608061108538cSnTRNMpK.jpg\"><br></p>','','','精选纯正 雪花啤酒整箱勇闯天涯500mlx24听装灌装啤酒批发整箱','精选纯正 雪花啤酒整箱勇闯天涯500mlx24听装灌装啤酒批发整箱'), ('73','1','可口可乐公司 小瓶可乐迷你装碳酸饮料300ml*24瓶 江浙沪皖包邮','<p>5月10日早晨，上班高峰期，广州雷阵雨局部大雨，雷雨时阵风7<img src=\"/image/users/2016/02/02/1/description/201608061108538cSnTRNMpK.jpg\">级左右。广州市区多处被水淹，雨水倒灌进地铁站，地铁一度变成地下河。<br></p>','','','可口可乐公司 小瓶可乐迷你装碳酸饮料300ml*24瓶 江浙沪皖包邮','可口可乐公司 小瓶可乐迷你装碳酸饮料300ml*24瓶 江浙沪皖包邮'), ('73','2','May 10 morning rush hour, Guangzhou thunderstorms locally heavy rain, thunderstorm gust around seven. Guangzhou city many were flooded, water intrusion into the subway station, subway once into the underground river.','<p>May 10 morning rush hour, Guangzhou thunderstorms locally <img src=\"/image/users/2016/02/02/1/description/20160806110819QLpFgwvRyB.jpg\">heavy rain, thunderstorm gust around seven. Guangzhou city many were flooded, water intrusion into the subway station, subway once into the underground river.<br></p>','','','May 10 morning rush hour, Guangzhou thunderstorms locally heavy rain, thunderstorm gust around seven. Guangzhou city many were flooded, water intrusion into the subway station, subway once into the underground river.','May 10 morning rush hour, Guangzhou thunderstorms locally heavy rain, thunderstorm gust around seven. Guangzhou city many were flooded, water intrusion into the subway station, subway once into the underground river.'), ('72','1','崂山啤酒 五厂 崂山沙子口泉水酿造 500ml*12/箱 部分地区2箱包邮','<p xss=\"removed\">【环球网综合报道】据香港《东方日报》5月9日报道，美国西点军校学员毕业时，有模仿经典历史肖像拍照的传统，而今年16名即将毕业的黑人女学员就拍了一张举起拳头的毕业照。照片惹起社会争议，有人认为此举有违国防部政策，而西点军校已经展开调查。</p><p xss=\"removed\">　　据报道，涉事的16名学员将<img src=\"/image/users/2016/02/02/1/description/201608061108538cSnTRNMpK.jpg\">于本月21日毕业，她们穿上灰色军服，举起右手拳头，站在宿舍楼梯上拍照。照片被上传网络后，有人质疑她们举起拳头是否是为支持近年因一连串美警涉对黑人滥用武力案而兴起的黑人运动“Black Lives Matter”，因此涉嫌违反国防部“执勤时不能参与政治活动”的规条。</p><p xss=\"removed\">　　在本事件惹起社会广泛讨论后，西点军校发言人前日表示学校已经介入调查，目前尚不清楚调查所需时间，以及对涉事学员可能作出的惩罚。</p><p xss=\"removed\">　　认识涉事学员的毕业生杜宾(Mary Tobin)认为，她们此举只是展示团结的方式，无意涉及黑人运动，纯粹在庆祝成功毕业，在似运动队获胜后会抛起头盔一样。</p><p xss=\"removed\">　　据了解，西点军校内7成学员是白人，8成是男性，黑人女学员为数不多。(实习编辑：朱丽娜 审核：谭利娅)</p>','','','崂山啤酒 五厂 崂山沙子口泉水酿造 500ml*12/箱 部分地区2箱包邮','崂山啤酒 五厂 崂山沙子口泉水酿造 500ml*12/箱 部分地区2箱包邮'), ('72','2','【环球网综合报道】据香港《东方日报》5月9日报道，美国西点军校学员毕业时，有模仿经典历史肖像拍照的传统，而今年1','<p xss=\"removed\">【环球网综合报道】据香港《东方日报》5月9日报道，美国西点军校学员毕业时，有模仿经典历史肖像拍照的传统，而今年16名即将毕业的黑人女学员就拍了一张举起拳头的毕业照。照片惹起社会争议，有人认为此举有违国防部政策，而西点军校已经展开调查。</p><p xss=\"removed\">　　据报道，涉事的16名学员将于本月21日毕业，她们穿上灰色军服，举起右手拳头，站在宿舍楼梯上拍照。照片被上传网络后，有人质疑她们举起拳头是否是为支持近年因一连串美警涉对黑人滥用武力案而兴起的黑人运动“Black Lives Matter”，因此涉嫌违反国防部“执勤时不能参与政治活动”的规条。</p><p xss=\"removed\">　　在本事件惹起社会广泛讨论后，西点军校发言人前日表示学校已经介入调查，目前尚不清楚调查所需时间，以及对涉事学员可能作出的惩罚。</p><p xss=\"removed\">　　认识涉事学员的毕业生杜宾(Mary Tobin)认为，她们此举只是展示团结的方式，无意<img src=\"/image/users/2016/02/02/1/description/20160806110826LOdKA7x2Hg.jpg\">涉及黑人运动，纯粹在庆祝成功毕业，在似运动队获胜后会抛起头盔一样。</p><p xss=\"removed\">　　据了解，西点军校内7成学员是白人，8成是男性，黑人女学员为数不多。(实习编辑：朱丽娜 审核：谭利娅)</p>','','','【环球网综合报道】据香港《东方日报》5月9日报道，美国西点军校学员毕业时，有模仿经典历史肖像拍照的传统，而今年1','【环球网综合报道】据香港《东方日报》5月9日报道，美国西点军校学员毕业时，有模仿经典历史肖像拍照的传统，而今年1'), ('58','2','新的占位产品','<p><img src=\"http://lv.com/image/users/2016/02/02/1/description/20160806110826LOdKA7x2Hg.jpg\"><img src=\"http://lv.com/image/users/2016/02/02/1/description/20160806110844gNhcK38zqt.jpg\"><br></p>','','','新的占位产品','新的占位产品'), ('74','1','良品铺子手剥松子 开口东北手拨红松子原味坚果特产零食炒货袋装','<p>1111111111111<img src=\"/image/users/2016/03/18/9/description/20160806110852PXTlZmbeGn.jpg\">11111<br></p>','','','良品铺子手剥松子 开口东北手拨红松子原味坚果特产零食炒货袋装','良品铺子手剥松子 开口东北手拨红松子原味坚果特产零食炒货袋装'), ('75','1','美国进口28mm车厘子2斤装大果新鲜爽甜樱桃直发新鲜水果顺丰包邮','<p><img src=\"/image/users/2016/05/16/13/description/20160806120850cNqDJE4RCT.jpg\"><br></p>','','','美国进口28mm车厘子2斤装大果新鲜爽甜樱桃直发新鲜水果顺丰包邮','美国进口28mm车厘子2斤装大果新鲜爽甜樱桃直发新鲜水果顺丰包邮'), ('57','2','pineapple','<p>这是一个测<img src=\"http://lv.com/image/users/2016/02/02/1/description/20160806110809hJcDoC5xLR.jpg\">试用的商品数据<img src=\"http://lv.com/image/users/2016/02/02/1/description/20160806110852UZG6fxvjze.jpg\"><br></p>','','','pineapple','pineapple'), ('58','1','华为 P9 徕卡双镜头， 2.5D弧面玻璃， 3D指纹信息识别','<p><img src=\"/image/users/2016/02/02/1/description/20160806110826LOdKA7x2Hg.jpg\"><img src=\"/image/users/2016/02/02/1/description/20160806110844gNhcK38zqt.jpg\"><br></p>','','','华为 P9 徕卡双镜头， 2.5D弧面玻璃， 3D指纹信息识别','华为 P9 徕卡双镜头， 2.5D弧面玻璃， 3D指纹信息识别'), ('54','1','王老吉正宗凉茶植物饮料310ml*24罐怕上火认准正宗王老吉批发包邮','<p class=\"12366\" xss=\"removed\"><span xss=\"removed\">如果你的商品重量约等于5公斤，你可以选择这个商品为你的配送服务，它将是你最划算的选择，我们已经为你做好了一切,用这个方式付款给我<img src=\"http://lv.com/image/users/2016/02/02/1/description/20160806110819QLpFgwvRyB.jpg\">们吧，伙计!</span></p>','','','王老吉正宗凉茶植物饮料310ml*24罐怕上火认准正宗王老吉批发包邮','王老吉正宗凉茶植物饮料310ml*24罐怕上火认准正宗王老吉批发包邮'), ('74','2','','<p>1111111111111111<img src=\"/image/users/2016/03/18/9/description/20160806110832ZyoDRXfkTN.jpg\">111<br></p>','','','',''), ('75','2','1533321256875456','<p><img src=\"/image/users/2016/05/16/13/description/20160806120850cNqDJE4RCT.jpg\"><br></p>','','','1533321256875456','1533321256875456'), ('57','1','HOLY SERPENT/蛇圣 H5手机耳机入耳式耳塞重低音线控通用电脑耳机','<p xss=\"removed\">这是一个测<img src=\"/image/users/2016/02/02/1/description/20160806110809hJcDoC5xLR.jpg\">试用的商品数据<img src=\"/image/users/2016/02/02/1/description/20160806110852UZG6fxvjze.jpg\"></p>','','','HOLY SERPENT/蛇圣 H5手机耳机入耳式耳塞重低音线控通用电脑耳机','HOLY SERPENT/蛇圣 H5手机耳机入耳式耳塞重低音线控通用电脑耳机'), ('76','2','测试00125','<p><img src=\"/image/users/2016/02/02/1/description/201608061108538cSnTRNMpK.jpg\"><br></p>','','','测试00125','测试00125');
INSERT INTO `product_discount` VALUES ('1581','76','2','10','7.0000','2016-08-11 15:51:07','2016-08-31 18:50:00'), ('1580','76','0','12','6.0000','2016-08-13 10:16:38','2016-08-31 10:15:00');
INSERT INTO `product_download` VALUES ('57','3','upload/2016/02/02/1/20160407053856.jpg','22说明书','33210','0','2016-05-04 10:03:19'), ('54','1','upload/2016/02/02/1/20160413061025.jpg','','2016-04-13 06:08:57','0','2016-04-13 06:10:06'), ('57','1','upload/2016/02/02/1/20160407053849.jpg','1255555','12522','0','2016-05-04 10:03:19'), ('75','1','','','','0','2016-09-17 11:24:08'), ('74','3','','','','0','2016-09-17 11:24:11'), ('75','3','','','','0','2016-09-17 11:24:13'), ('72','1','upload/2016/02/02/1/20160510104953.docx','12343333','123456','0','2016-09-17 11:24:15'), ('73','1','upload/2016/02/02/1/20160510044444.docx','12111','22232','0','2016-09-17 11:24:18'), ('73','3','upload/2016/02/02/1/20160510044448.docx','11234555','12wedfddff','0','2016-09-17 11:24:20'), ('74','1','','','','0','2016-09-17 11:24:22'), ('52','3','','','','0','2016-09-17 11:24:25'), ('52','1','','','','0','2016-09-17 11:24:27'), ('72','3','upload/2016/02/02/1/20160510105001.docx','aasa1232','cvbgjjggtyy','0','2016-09-17 11:24:29');
INSERT INTO `product_image` VALUES ('5584','52','/users/2016/03/18/9/900x250/20160806110852ESg0bq3Xad.jpg','2'), ('5575','54','/users/2016/02/02/1/900x250/20160806110830Ox6s1ItUb2.jpg','1'), ('5574','54','/users/2016/02/02/1/900x250/201608061108205grpT3meCE.jpg','0'), ('5571','58','/users/2016/02/02/1/900x250/20160806110848P2Zlw1CmXG.jpg','1'), ('5640','57','/users/2016/02/02/1/900x250/20160806110857dCTYvRBLoa.jpg','2'), ('5586','74','/users/2016/03/18/9/900x250/20160806110834CWiQezFqNK.jpg','1'), ('5580','73','/users/2016/02/02/1/900x250/20160806110810Ebzo4xDZn5.jpg','2'), ('5656','72','/users/2016/02/02/1/900x250/20160806110828hfJN7rYeiX.jpg','1'), ('5657','76','/users/2016/02/02/1/900x250/20160806110857dCTYvRBLoa.jpg','0'), ('5639','57','/users/2016/02/02/1/900x250/20160806110848P2Zlw1CmXG.jpg','1'), ('5638','57','/users/2016/02/02/1/900x250/20160806110829A4wTb0mfCZ.jpg','0'), ('5570','58','/users/2016/02/02/1/900x250/20160806110847zGICB23rQU.jpg','0'), ('5655','72','/users/2016/02/02/1/900x250/20160806110818PjE9nBFphW.jpg','0'), ('5579','73','/users/2016/02/02/1/900x250/20160806110818PjE9nBFphW.jpg','1'), ('5578','73','/users/2016/02/02/1/900x250/20160806110816HQqTXpNyhY.jpg','0'), ('5583','52','/users/2016/03/18/9/900x250/20160806110843cPx6IDphRs.jpg','1'), ('5582','52','/users/2016/03/18/9/900x250/20160806110834CWiQezFqNK.jpg','0'), ('5585','74','/users/2016/03/18/9/900x250/20160806110824I18Wqi5l3Q.jpg','0'), ('5587','75','/users/2016/05/16/13/900x250/20160806120824BZA7Dpaz3F.jpg','0'), ('5588','75','/users/2016/05/16/13/900x250/20160806120824BZA7Dpaz3F.jpg','1');
INSERT INTO `product_option_value` VALUES ('262','66','6.7.8.9','6.1.11.13','11','11.0000','1'), ('263','70','6.7.8.9','6.1.11.13','11','11.0000','11'), ('264','71','6.7.8.9','6.1.11.13','11','11.0000','11'), ('431','72','6.7.8.9','6.1.12.13','11','11.0000','11'), ('289','73','6.7.8.9','6.1.11.13','11','11.0000','11'), ('293','74','6.7.8.9','6.1.11.13','11','11.0000','11'), ('434','76','6.7','6.1','145','101.0000','11'), ('388','57','6.7.8.9','10.1.11.13','11','11.0000','11'), ('387','57','6.7.8.9','7.1.11.13','12','12.0000','12'), ('433','76','6.7','6.2','125','125.0000','112'), ('432','76','6.7','6.3','12','112.0000','11'), ('386','57','6.7.8.9','6.1.11.13','11','11.0000','11'), ('385','57','6.7.8.9','8.1.11.13','12','45.0000','45');
INSERT INTO `product_option_value_image` VALUES ('72','76','6.1','1','/users/2016/02/02/1/320x320/201608061108530Ig2abcZLr.jpg'), ('71','76','6.2','2','/users/2016/02/02/1/320x320/20160806110826JmaR0NjUI6.jpg'), ('70','76','6.3','3','/users/2016/02/02/1/320x320/20160806110857N8WwgGMe1Y.jpg'), ('24','57','6.1.11.13','1','/users/2016/02/02/1/320x320/20160806110858gjrXPHpJ6f.jpg'), ('23','57','8.1.11.13','1','/users/2016/02/02/1/320x320/20160806110857N8WwgGMe1Y.jpg'), ('25','57','7.1.11.13','1','/users/2016/02/02/1/320x320/20160806110858gjrXPHpJ6f.jpg'), ('26','57','10.1.11.13','1','/users/2016/02/02/1/320x320/20160806110857N8WwgGMe1Y.jpg'), ('69','72','6.1.12.13','1','/users/2016/02/02/1/320x320/201608061108530Ig2abcZLr.jpg');
INSERT INTO `product_review` VALUES ('1','52','1','11','1111','1','1','2016-07-06 20:36:13','2016-07-23 20:36:19');
INSERT INTO `product_special` VALUES ('1110','76','0','15','100.0000','2016-08-13 10:00:53','2016-09-06 10:20:00'), ('1109','76','2','100','10.0000','2016-08-11 15:49:55','2016-08-31 18:50:00');
INSERT INTO `product_to_category` VALUES ('52','73','0','0','2','2016-09-17 11:25:20'), ('76','71','0','0','1','2016-09-17 11:25:23'), ('54','76','0','0','1','2016-09-17 11:25:25'), ('58','76','0','0','1','2016-09-17 11:25:28'), ('72','73','0','0','1','2016-09-17 11:25:31'), ('75','73','0','0','15','2016-09-17 11:25:33'), ('74','73','0','0','2','2016-09-17 11:25:36'), ('73','73','0','0','1','2016-09-17 11:25:38'), ('57','73','0','0','1','2016-09-17 11:25:41');
INSERT INTO `product_to_layout` VALUES ('52','0','0'), ('54','0','0');
INSERT INTO `return_action` VALUES ('1','3'), ('2','0'), ('3','0');
INSERT INTO `return_action_description` VALUES ('1','1','Refunded'), ('2','1','Credit Issued'), ('3','1','Replacement Sent'), ('1','2','Refunded');
INSERT INTO `return_reason` VALUES ('1','1'), ('2','2'), ('4','0'), ('5','0'), ('6','0');
INSERT INTO `return_reason_description` VALUES ('1','2','Dead On Arrival'), ('2','1','Received Wrong Item'), ('4','1','Faulty, please supply details'), ('5','1','Other, please supply details'), ('1','1','商品坏了'), ('6','1','颜色不是我要的'), ('6','2','color-no');
INSERT INTO `return_status` VALUES ('1','0'), ('2','0');
INSERT INTO `return_status_description` VALUES ('2','1','Awaiting Products'), ('1','1','Pending1'), ('1','2','444558');
INSERT INTO `sale_class` VALUES ('1','10000','2'), ('2','0','1');
INSERT INTO `sale_class_description` VALUES ('1','2','A business','A business'), ('1','1','一级商家','一级商家'), ('2','1','普通商家','超级管理员'), ('2','2','Common business','普通商家');
INSERT INTO `setting` VALUES ('1','0','config','store_country_id','1','0'), ('2','0','config','store_zone_id','','0'), ('3','0','config','default_language','en','0'), ('4','0','config','default_currency','1','0'), ('5','0','config','default_length_class','1','0'), ('6','0','config','default_weight_class','1','0'), ('7','0','config','config_limit_catalog','40','0'), ('8','0','config','config_limit_admin','20','0'), ('9','0','config','allow_review','1','0'), ('10','0','config','guest_review','1','0'), ('11','0','config','remind_review','1','0'), ('12','0','config','audit_review','1','0'), ('13','0','config','points_proportion','1','0'), ('14','0','config','coupon_use','1','0'), ('15','0','config','register_get_points','0','0'), ('16','0','config','display_tax','1','0'), ('17','0','config','register_group','1','0'), ('18','0','config','login_price_displayed','1','0'), ('19','0','config','registration_terms','4','0'), ('20','0','config','sale_terms','8','0'), ('21','0','config','notify_admin','1','0'), ('22','0','config','verify_email','0','0'), ('23','0','config','guest_checkout','1','0'), ('24','0','config','default_order_status','18','0'), ('25','0','config','order_processing_status','a:3:{i:0;s:1:\"1\";i:1;s:1:\"3\";i:2;s:1:\"5\";}','0'), ('26','0','config','order_completion_status','1','0'), ('27','0','config','order_email_alert','1','0'), ('85','0','config','site_name','a:2:{i:1;s:125:\"Open Ant蚂蚁开源社区商城、多语言、多商家、电商快速建站系统项目，楚雄蚂蚁开源软件工作室\";i:2;s:159:\"Open Ant open source community mall, multi-lingual, multi-business, establishment of systems to rapidly project power, Chuxiong Ant open source software studio\";}','0'), ('29','0','config','site_image','','0'), ('30','0','config','site_icon','/catalog/20160324100330DbEvWOMpaP.png','0'), ('31','0','config','category_image_size_w','70','0'), ('32','0','config','category_image_size_h','70','0'), ('33','0','config','product_thumbnail_size_w','110','0'), ('34','0','config','product_thumbnail_size_h','55','0'), ('35','0','config','product_image_size_w','900','0'), ('36','0','config','product_image_size_h','250','0'), ('37','0','config','product_list_image_size_w','300','0'), ('38','0','config','product_list_image_size_h','300','0'), ('39','0','config','wish_cart_image_size_w','','0'), ('40','0','config','wish_cart_image_size_h','','0'), ('41','0','config','email_protocol','smtp','0'), ('42','0','config','email_smtp_host','','0'), ('43','0','config','email_smtp_user','','0'), ('44','0','config','email_smtp_pass','','0'), ('45','0','config','email_smtp_port','25','0'), ('46','0','config','email_smtp_timeout','5','0'), ('47','0','config','email_send_header','                                                                                                                       ','0'), ('48','0','config','email_send_footer','                                                                                                                       ','0'), ('49','0','config','admin_secondary_domain','','0'), ('50','0','config','sale_secondary_domain','','0'), ('51','0','config','upload_limit_size','5000','0'), ('52','0','config','maintenance_mode','0','0'), ('53','0','config','output_compression_level','90','0'), ('54','0','config','start_compression','1','0'), ('55','0','config','wish_cart_image_size_s_w','25','0'), ('56','0','config','wish_cart_image_size_s_h','25','0'), ('57','0','config','wish_cart_image_size_b_w','50','0'), ('58','0','config','wish_cart_image_size_b_h','50','0'), ('59','0','config','default_sale_class','2','0'), ('60','0','config','default_user_class','2','0'), ('61','0','config','competence_group','2','0'), ('68','0','config','meta_description','a:2:{i:1;s:280:\"Open Ant社区维一官方网站商城，基于CodeIgniter开发的，优雅的现代电商系统项目社区。模块化、多语言、多用户、多商家的，适合新时代电商的，电子商务系统。加强了订单管理，商品管理和用户管理模块的设计！\";i:2;s:347:\"Open Ant a Community dimension official website mall, CodeIgniter development, elegant modern community-based electricity supplier system project. Modular, multi-lingual, multi-user, multi-business for a new era of electricity providers, e-commerce systems. Strengthening the design order management, product management and user management module!\";}','0'), ('69','0','config','to_be_delivered','1','0'), ('70','0','config','inbound_state','1','0'), ('71','0','config','state_to_be_evaluated','1','0'), ('72','0','config','refund_order','1','0'), ('73','0','config','refund_order_success','1','0'), ('74','0','config','return_terms','3','0'), ('75','0','config','login_window','0','0'), ('81','0','config','auto_language','1','0'), ('91','0','payment','alipay','a:6:{s:5:\"vname\";s:21:\"支付宝支付接口\";s:6:\"appkey\";s:9:\"123456789\";s:9:\"appsecret\";s:8:\"14234566\";s:5:\"rates\";s:3:\"0.5\";s:14:\"minimum_amount\";s:2:\"10\";s:6:\"status\";s:1:\"1\";}','0'), ('88','0','config','site_abbreviation','a:2:{i:1;s:18:\"蚂蚁开源社区\";i:2;s:18:\"Open Ant Community\";}','0'), ('87','0','config','meta_keyword','a:2:{i:1;s:346:\"Open Ant,蚂蚁开源,电商建站,云南商城网站建设,网店平台开发,手机网站建设,企业官网制作,医院网站建设方案,旅行社网站创建,婚纱影楼工作室网站建设,云南昆明app开发,云南昆明微信开发,云南专业网站建设,云南网站建设哪家好,云南网络科技公司ramework,web,application\";i:2;s:436:\"Open Ant, ants open electricity supplier station, mall site construction, shop platform, mobile construction sites, corporate official website production, hospital site-building program, travel agency website creation, wedding photo studio site construction, China app development, micro-channel development, Yunnan professional website building, website construction Which Yunnan, Yunnan network Technologies ramework, web, application\";}','0'), ('90','0','payment','paypal','a:8:{s:5:\"vname\";s:18:\"Paypal支付接口\";s:8:\"currency\";s:1:\"2\";s:11:\"apiusername\";s:24:\"xcalder_api1.foxmail.com\";s:6:\"apikey\";s:16:\"JHMY7B2J4ZLD5BN6\";s:9:\"apisecret\";s:56:\"AAZUvKKl5HlkE08u2wP5WzdVvz8hAwfcNJttbtgLaYVBK2.w.TvZ-rxt\";s:5:\"rates\";s:3:\"0.5\";s:14:\"minimum_amount\";s:2:\"10\";s:6:\"status\";s:1:\"1\";}','0');
INSERT INTO `stock_status` VALUES ('5','11'), ('6','1');
INSERT INTO `stock_status_description` VALUES ('6','1','7天内发货'), ('5','1','2-3天发货v'), ('6','2','7days'), ('5','2','2-3days1');
INSERT INTO `store` VALUES ('1','','0.0000','0.0000','0.0000','1','0','2016-09-17 11:26:39','2016-05-15 10:48:51','0'), ('2','','0.0000','0.0000','0.0000','0','0','2016-09-17 11:26:42','2016-05-15 10:48:53','0'), ('3','','0.0000','0.0000','0.0000','0','0','2016-09-17 11:26:45','2016-05-15 10:48:56','0'), ('15','','0.0000','0.0000','0.0000','0','0','2016-05-16 17:12:35','2016-09-17 11:26:47','0'), ('14','','0.0000','0.0000','0.0000','0','0','2016-05-16 15:20:54','2016-09-17 11:26:49','0');
INSERT INTO `store_description` VALUES ('1','1','官方自营','','/users/2016/02/02/1/320x320zhutu/20160527050525RKY9XcglJy.jpg'), ('2','1','测试店','','/users/2016/02/02/1/320x320zhutu/20160527050525RKY9XcglJy.jpg'), ('3','1','11556','',''), ('10','1','123456','123456','/users/2016/02/02/1/20160408100406IirUjCtWB0.jpg'), ('10','2','123456','123456','/users/2016/02/02/1/20160408100447aZFUqdLflg.jpg'), ('11','1','','',''), ('11','2','','',''), ('12','1','另一个测试','另一个测试','/users/2016/05/14/11/20160514050527KvaICSpM1q.jpg'), ('12','2','另一个测试','另一个测试','/users/2016/05/14/11/20160514050527KvaICSpM1q.jpg'), ('13','1','12564','1111','/users/2016/05/16/12/20160516030543z5Jk6Ydg9S.jpg'), ('13','2','11254','11458','/users/2016/05/16/12/20160516030543z5Jk6Ydg9S.jpg'), ('14','1','12wwww','qwerttggg','/users/2016/05/16/12/20160516030543z5Jk6Ydg9S.jpg'), ('14','2','aasdwdddd','vbhghggg','/users/2016/05/16/12/20160516030543z5Jk6Ydg9S.jpg'), ('15','1','789456','112545','/users/2016/05/16/13/20160516050528jZbTuQ9HsU.jpg'), ('15','2','789456','22635487','/users/2016/05/16/13/20160516050528jZbTuQ9HsU.jpg');
INSERT INTO `store_qualifications` VALUES ('1','1','','','','2016-09-17 11:27:03','2016-09-17 11:27:06');
INSERT INTO `tax_class` VALUES ('1','2016-03-14 22:32:40','2016-03-14 22:32:40'), ('3','2016-03-30 20:26:07','2016-03-30 20:26:07');
INSERT INTO `tax_class_description` VALUES ('1','1','测试组1','测试组1'), ('1','2','test_group1','test_group1'), ('3','1','测试2','test2'), ('3','2','test2','test2');
INSERT INTO `tax_rate` VALUES ('1','3','1.0000','F','2016-09-17 11:27:21','2016-09-17 11:27:26'), ('2','3','2.0000','P','2016-09-17 11:27:23','2016-09-17 11:27:29');
INSERT INTO `tax_rate_description` VALUES ('1','1','测试1'), ('1','2','test1'), ('2','1','测试2'), ('2','2','test2');
INSERT INTO `tax_rate_to_user_class` VALUES ('1','1'), ('2','1');
INSERT INTO `tax_rule` VALUES ('1','1','1','payment','1'), ('5','3','1','store','1');
INSERT INTO `user` VALUES ('1','2','2','2','1','123456','1211','xcalder','男','calderdai@gmail.com','13265491659','e10adc3949ba59abbe56e057f20f883e','/users/2016/02/02/1/xpcU9T7RVQynYbW1.png','这是我的一个测试帐号','0','5','','127.0.0.1','1','1','0','','2016-02-02 18:23:33'), ('2','1','0','2','3','young','chen','小果果','','chenyoung69@gmail.com','','','','','1','2','','127.0.0.1','1','1','0','','2016-02-03 17:41:14'), ('3','1','0','2','0','','','125','','123@1.com','','e10adc3949ba59abbe56e057f20f883e','','','0','0','','127.0.0.1','1','1','0','','2016-02-20 16:02:22'), ('4','1','0','2','0','uuuuuu','','125','','123@1.com','','','','','0','0','','127.0.0.1','1','0','0','','2016-02-20 16:02:32'), ('5','1','0','2','0','njhl n','','125','','123@1.com','','','/catalog/2457331_135228046316_2.jpg','','0','1','','127.0.0.1','1','1','0','','2016-02-20 16:02:20'), ('6','1','0','2','0','测试一下','','又一个帐号','','13@1.com','','','','','0','0','','127.0.0.1','1','0','0','','2016-02-20 17:02:48'), ('7','1','0','2','0','wedddd','','555','','1233@1.com','','','/catalog/1.jpg','','0','0','','127.0.0.1','1','0','0','','2016-02-20 17:02:33'), ('8','1','0','2','0','好的在','','测试一下','','1283@1.com','','','/catalog/1.jpg','','1','1','','127.0.0.1','1','1','0','','2016-02-20 17:02:43'), ('9','2','2','2','2','xcaaaa','','445555','','xcalder@foxmail.com','','e10adc3949ba59abbe56e057f20f883e','/catalog/2.jpg','','0','1','','127.0.0.1','1','1','0','','2016-03-18 16:35:44'), ('10','1','2','2','0','','','小小的我','','123@gmail.com','','e10adc3949ba59abbe56e057f20f883e','','','0','0','','127.0.0.1','1','1','0','','2016-05-10 16:50:12'), ('11','2','2','2','12','','','123456','','125@11.com','','e10adc3949ba59abbe56e057f20f883e','','','0','0','','127.0.0.1','1','1','0','','2016-05-14 17:45:38'), ('12','2','2','2','14','','','123456','','235@qq.com','','e10adc3949ba59abbe56e057f20f883e','','','0','0','','127.0.0.1','1','1','0','','2016-05-16 15:00:16'), ('13','2','2','2','15','','','123456','','88@qq.com','','e10adc3949ba59abbe56e057f20f883e','','','0','0','','127.0.0.1','1','1','0','','2016-05-16 17:11:58'), ('15','1','2','2','0','','','xCalder','','','','','http://qzapp.qlogo.cn/qzapp/101314689/C4C1F7E310215A63C7D82B110945EB18/30','','0','0','','','1','0','0','','2016-05-19 17:52:16'), ('16','1','2','2','0','','','一半是海水qq','','','','','http://tva2.sinaimg.cn/crop.261.127.497.497.50/5a249d98jw8esakndrvthj20rs0ijgou.jpg','一个简单的人，人家都说我语法不过关。。。。。。','0','0','','','1','0','0','','2016-05-19 18:02:05'), ('25','1','2','0','0','','','123','','789@1.com','','e10adc3949ba59abbe56e057f20f883e','','','0','0','','127.0.0.1','1','1','0','','2016-06-20 12:09:37'), ('24','1','2','0','0','','','12556','','121100@1.com','','e10adc3949ba59abbe56e057f20f883e','','','0','0','','127.0.0.1','1','1','0','','2016-06-20 12:06:55'), ('22','1','2','2','0','','','数学老师的黑板报','','','','','http://tva3.sinaimg.cn/crop.0.0.199.199.50/716c2270gw1efhdxlj9rzj205k05kaa8.jpg','数学教师','0','0','','','1','0','0','','2016-05-20 10:08:31'), ('23','1','2','0','0','','','是我呈','','125@qq.com','','e10adc3949ba59abbe56e057f20f883e','','','0','0','','127.0.0.1','1','1','0','','2016-05-26 15:58:49'), ('26','1','2','0','0','','','12355','','2201@1.com','','e10adc3949ba59abbe56e057f20f883e','','','0','0','','127.0.0.1','1','1','0','','2016-06-20 12:16:43'), ('27','1','2','0','0','','','我是我的','','cdai@gmail.com','','e10adc3949ba59abbe56e057f20f883e','','','0','0','','127.0.0.1','1','1','0','','2016-08-23 14:59:58'), ('28','2','2','0','0','123456','','Demo演示','','demo@demo.com','','bed3482f502c7bbfb6f9fa54f36e77d7','','','0','26','','127.0.0.1','1','1','0','','2016-08-26 14:32:08');
INSERT INTO `user_activity` VALUES ('1','0','order_guest','{\"nickname\":\"1111111111 11111111111111\",\"order_id\":1}','222.219.173.69','2016-02-02 18:21:07'), ('2','1','register','{\"user_id\":1,\"nickname\":\"123456 1211\"}','222.219.173.69','2016-02-02 18:23:33'), ('3','1','order_account','{\"user_id\":\"1\",\"nickname\":\"123456 1211\",\"order_id\":2}','222.219.173.69','2016-02-02 18:26:43'), ('4','1','order_account','{\"user_id\":\"1\",\"nickname\":\"123456 1211\",\"order_id\":3}','222.219.173.69','2016-02-02 18:31:27'), ('5','1','order_account','{\"user_id\":\"1\",\"nickname\":\"123456 1211\",\"order_id\":4}','61.166.35.183','2016-02-03 00:52:40'), ('6','1','order_account','{\"user_id\":\"1\",\"nickname\":\"123456 1211\",\"order_id\":6}','42.243.202.206','2016-02-03 16:03:09'), ('7','2','register','{\"user_id\":2,\"nickname\":\"young chen\"}','212.78.191.70','2016-02-03 17:41:14'), ('8','1','order_account','{\"user_id\":\"1\",\"nickname\":\"123456 1211\",\"order_id\":8}','127.0.0.1','2016-02-04 22:15:02'), ('9','1','order_account','{\"user_id\":\"1\",\"nickname\":\"123456 1211\",\"order_id\":13}','127.0.0.1','2016-02-04 23:40:49'), ('10','1','order_account','{\"user_id\":\"1\",\"nickname\":\"123456 1211\",\"order_id\":14}','127.0.0.1','2016-02-04 23:46:15'), ('11','1','order_account','{\"user_id\":\"1\",\"nickname\":\"123456 1211\",\"order_id\":15}','127.0.0.1','2016-02-04 23:49:45'), ('29','26','register','{\"user_id\":\"26\",\"nickname\":\"12355\"}','127.0.0.1','2016-06-20 12:16:43'), ('30','27','register','{\"user_id\":\"27\",\"nickname\":\"\\u6211\\u662f\\u6211\\u7684\"}','127.0.0.1','2016-08-23 14:59:58'), ('31','28','register','{\"user_id\":\"28\",\"nickname\":\"Demo\\u6f14\\u793a\"}','127.0.0.1','2016-08-26 14:32:08');
INSERT INTO `user_balances` VALUES ('2','1','0.0000','25d55ad283aa400af464c76d713c07ad');
INSERT INTO `user_ban_ip` VALUES ('252','127.0.0.11');
INSERT INTO `user_cart` VALUES ('19dc7a7b0095485de0a911425fc695e2','10','51','1','12.000','云南特产香脆梨、特别水多的梨云南特产香脆梨、特别水多的梨云南特产香脆梨、特别水多的梨','10.1.12.13','0','','0.000'), ('e82e25489199ec8ec92201eb2c6f16c3','10','51','1','23.000','云南特产香脆梨、特别水多的梨云南特产香脆梨、特别水多的梨云南特产香脆梨、特别水多的梨','9.3.11.13','0','','0.000'), ('72b32a1f754ba1c09b3695e0cb6cde7f','10','57','1','201.000','菠萝115655','','0','','0.000');
INSERT INTO `user_class` VALUES ('1','10000','2'), ('2','0','1'), ('3','100000','3');
INSERT INTO `user_class_description` VALUES ('1','1','v2会员','v2会员10000升级'), ('1','2','v2 Member','v2 Member'), ('2','2','v1 Member','registered member'), ('2','1','v1会员','注册会员'), ('3','1','v3会员','v3会员,100000升级'), ('3','2','v3 Member','v3 members 100000 upgrade');
INSERT INTO `user_competence` VALUES ('1','edit','[\"readw\",\"edit_price\"]'), ('1','access','[\"admin\",\"sale\"]'), ('8','access','[\"admin\",\"seal\"]'), ('8','edit','[\"readw\",\"edit_price\"]'), ('2','access','[\"admin\",\"seal\"]'), ('2','edit','[\"readw\",\"edit_price\"]'), ('9','access','[\"admin\",\"sale\"]'), ('6','access','[\"admin\",\"seal\"]'), ('6','edit','[\"readw\",\"edit_price\"]'), ('9','edit','[\"readw\",\"edit_price\"]'), ('10','access','[\"admin\",\"sale\"]'), ('10','edit','[]'), ('11','access','[\"admin\"]'), ('11','edit','[\"readw\",\"edit_price\"]'), ('22','edit','[]'), ('22','access','[]'), ('28','edit','[\"readw\",\"edit_price\"]'), ('28','access','[\"admin\",\"sale\"]');
INSERT INTO `user_forget` VALUES ('54','','calderdai@gmail.com','5b0d952337c9bdd5de1ea83e1b4d071872829f83','2016-08-23 23:51:50'), ('53','','calderdai@gmail.com','1c2f4c6f62a3863a2467c32af3854fc6f0ed6175','2016-08-23 23:49:05');
INSERT INTO `user_group` VALUES ('1','1','2','a:2:{s:6:\"access\";a:0:{}s:6:\"modify\";a:0:{}}'), ('2','0','0','a:2:{s:6:\"access\";a:74:{i:0;s:19:\"admin/common/banner\";i:1;s:23:\"admin/common/competence\";i:2;s:21:\"admin/common/currency\";i:3;s:28:\"admin/common/currency_module\";i:4;s:22:\"admin/common/extension\";i:5;s:24:\"admin/common/filemanager\";i:6;s:19:\"admin/common/footer\";i:7;s:19:\"admin/common/header\";i:8;s:18:\"admin/common/image\";i:9;s:21:\"admin/common/language\";i:10;s:28:\"admin/common/language_module\";i:11;s:19:\"admin/common/layout\";i:12;s:30:\"admin/common/scheduling_module\";i:13;s:20:\"admin/common/setting\";i:14;s:25:\"admin/errors/page_missing\";i:15;s:16:\"admin/helper/faq\";i:16;s:29:\"admin/information/information\";i:17;s:38:\"admin/information/information_category\";i:18;s:30:\"admin/localisation/aftermarket\";i:19;s:26:\"admin/localisation/country\";i:20;s:27:\"admin/localisation/currency\";i:21;s:27:\"admin/localisation/geo_zone\";i:22;s:27:\"admin/localisation/language\";i:23;s:31:\"admin/localisation/length_class\";i:24;s:31:\"admin/localisation/order_status\";i:25;s:32:\"admin/localisation/return_action\";i:26;s:32:\"admin/localisation/return_reason\";i:27;s:32:\"admin/localisation/return_status\";i:28;s:31:\"admin/localisation/stock_status\";i:29;s:28:\"admin/localisation/tax_class\";i:30;s:27:\"admin/localisation/tax_rate\";i:31;s:31:\"admin/localisation/weight_class\";i:32;s:23:\"admin/localisation/zone\";i:33;s:23:\"admin/order/order_total\";i:34;s:23:\"admin/product/attribute\";i:35;s:21:\"admin/product/barcode\";i:36;s:22:\"admin/product/category\";i:37;s:22:\"admin/product/download\";i:38;s:21:\"admin/product/freight\";i:39;s:26:\"admin/product/manufacturer\";i:40;s:20:\"admin/product/option\";i:41;s:21:\"admin/product/product\";i:42;s:20:\"admin/product/review\";i:43;s:20:\"admin/report/reports\";i:44;s:16:\"admin/sale/check\";i:45;s:15:\"admin/sale/sale\";i:46;s:21:\"admin/sale/sale_class\";i:47;s:15:\"admin/user/user\";i:48;s:24:\"admin/user/user_activity\";i:49;s:21:\"admin/user/user_class\";i:50;s:21:\"admin/user/user_group\";i:51;s:22:\"admin/user/user_online\";i:52;s:12:\"admin/wecome\";i:53;s:23:\"sale/common/cart_module\";i:54;s:20:\"sale/common/currency\";i:55;s:27:\"sale/common/currency_module\";i:56;s:23:\"sale/common/filemanager\";i:57;s:18:\"sale/common/footer\";i:58;s:18:\"sale/common/header\";i:59;s:17:\"sale/common/image\";i:60;s:20:\"sale/common/language\";i:61;s:27:\"sale/common/language_module\";i:62;s:18:\"sale/common/upload\";i:63;s:24:\"sale/errors/page_missing\";i:64;s:15:\"sale/helper/faq\";i:65;s:25:\"sale/localisation/country\";i:66;s:21:\"sale/product/category\";i:67;s:20:\"sale/product/freight\";i:68;s:25:\"sale/product/manufacturer\";i:69;s:20:\"sale/product/product\";i:70;s:19:\"sale/product/review\";i:71;s:19:\"sale/report/reports\";i:72;s:16:\"sale/user/wecome\";i:73;s:11:\"sale/wecome\";}s:6:\"modify\";a:74:{i:0;s:19:\"admin/common/banner\";i:1;s:23:\"admin/common/competence\";i:2;s:21:\"admin/common/currency\";i:3;s:28:\"admin/common/currency_module\";i:4;s:22:\"admin/common/extension\";i:5;s:24:\"admin/common/filemanager\";i:6;s:19:\"admin/common/footer\";i:7;s:19:\"admin/common/header\";i:8;s:18:\"admin/common/image\";i:9;s:21:\"admin/common/language\";i:10;s:28:\"admin/common/language_module\";i:11;s:19:\"admin/common/layout\";i:12;s:30:\"admin/common/scheduling_module\";i:13;s:20:\"admin/common/setting\";i:14;s:25:\"admin/errors/page_missing\";i:15;s:16:\"admin/helper/faq\";i:16;s:29:\"admin/information/information\";i:17;s:38:\"admin/information/information_category\";i:18;s:30:\"admin/localisation/aftermarket\";i:19;s:26:\"admin/localisation/country\";i:20;s:27:\"admin/localisation/currency\";i:21;s:27:\"admin/localisation/geo_zone\";i:22;s:27:\"admin/localisation/language\";i:23;s:31:\"admin/localisation/length_class\";i:24;s:31:\"admin/localisation/order_status\";i:25;s:32:\"admin/localisation/return_action\";i:26;s:32:\"admin/localisation/return_reason\";i:27;s:32:\"admin/localisation/return_status\";i:28;s:31:\"admin/localisation/stock_status\";i:29;s:28:\"admin/localisation/tax_class\";i:30;s:27:\"admin/localisation/tax_rate\";i:31;s:31:\"admin/localisation/weight_class\";i:32;s:23:\"admin/localisation/zone\";i:33;s:23:\"admin/order/order_total\";i:34;s:23:\"admin/product/attribute\";i:35;s:21:\"admin/product/barcode\";i:36;s:22:\"admin/product/category\";i:37;s:22:\"admin/product/download\";i:38;s:21:\"admin/product/freight\";i:39;s:26:\"admin/product/manufacturer\";i:40;s:20:\"admin/product/option\";i:41;s:21:\"admin/product/product\";i:42;s:20:\"admin/product/review\";i:43;s:20:\"admin/report/reports\";i:44;s:16:\"admin/sale/check\";i:45;s:15:\"admin/sale/sale\";i:46;s:21:\"admin/sale/sale_class\";i:47;s:15:\"admin/user/user\";i:48;s:24:\"admin/user/user_activity\";i:49;s:21:\"admin/user/user_class\";i:50;s:21:\"admin/user/user_group\";i:51;s:22:\"admin/user/user_online\";i:52;s:12:\"admin/wecome\";i:53;s:23:\"sale/common/cart_module\";i:54;s:20:\"sale/common/currency\";i:55;s:27:\"sale/common/currency_module\";i:56;s:23:\"sale/common/filemanager\";i:57;s:18:\"sale/common/footer\";i:58;s:18:\"sale/common/header\";i:59;s:17:\"sale/common/image\";i:60;s:20:\"sale/common/language\";i:61;s:27:\"sale/common/language_module\";i:62;s:18:\"sale/common/upload\";i:63;s:24:\"sale/errors/page_missing\";i:64;s:15:\"sale/helper/faq\";i:65;s:25:\"sale/localisation/country\";i:66;s:21:\"sale/product/category\";i:67;s:20:\"sale/product/freight\";i:68;s:25:\"sale/product/manufacturer\";i:69;s:20:\"sale/product/product\";i:70;s:19:\"sale/product/review\";i:71;s:19:\"sale/report/reports\";i:72;s:16:\"sale/user/wecome\";i:73;s:11:\"sale/wecome\";}}');
INSERT INTO `user_group_description` VALUES ('1','1','注册默认用户组','注册默认用户组'), ('1','2','Sign default user group','Sign default user group'), ('2','2','Super Administrator','Super Administrator'), ('2','1','超级管理员','超级管理员');
INSERT INTO `user_history` VALUES ('1','8','12555','2016-03-01 10:41:30'), ('2','1','1256','2016-03-01 16:03:19'), ('3','1','125698','2016-03-01 16:03:04'), ('4','1','125','2016-03-01 16:03:31'), ('5','1','11698','2016-03-01 16:03:41'), ('6','1','256','2016-03-01 16:03:04'), ('7','1','1256','2016-03-01 16:03:21'), ('8','1','可寺大','2016-03-01 16:03:40'), ('9','1','可寺大','2016-03-01 16:03:46'), ('10','1','要','2016-03-01 16:03:01'), ('11','1','可寺大','2016-03-01 16:03:10'), ('12','1','112','2016-03-01 16:03:19'), ('13','1','4','2016-03-01 16:03:35'), ('14','1','444','2016-03-01 16:03:37'), ('15','1','4','2016-03-01 16:03:39'), ('16','1','4444','2016-03-01 16:03:41'), ('17','1','44444','2016-03-01 16:03:43'), ('18','1','44444','2016-03-01 16:03:45'), ('19','1','444444','2016-03-01 16:03:47'), ('20','1','444444','2016-03-01 16:03:49'), ('21','1','444444','2016-03-01 16:03:52'), ('22','1','444444','2016-03-01 16:03:54'), ('23','1','4444444','2016-03-01 16:03:58'), ('24','1','4444444444444','2016-03-01 16:03:02'), ('25','1','111111111111111','2016-03-01 16:03:10'), ('26','1','7','2016-03-01 16:03:43'), ('27','1','8599','2016-03-01 16:03:56'), ('28','1','89125987','2016-03-01 16:03:21'), ('29','1','11','2016-03-01 16:03:23'), ('30','1','12566','2016-03-01 16:03:57'), ('31','1','65','2016-03-01 16:03:02'), ('32','8','125698','2016-03-01 17:03:34'), ('33','8','之这\n','2016-03-01 17:03:09'), ('34','8','222','2016-03-01 17:03:21'), ('35','7','io\n','2016-03-01 20:03:42'), ('36','8','男','2016-03-02 02:03:34'), ('37','5','io','2016-03-02 03:03:57'), ('38','9',' op0          ','2016-03-26 01:12:41'), ('39','1','12111','2016-07-23 13:40:21'), ('40','1','4122563','2016-07-23 13:41:13'), ('41','1','123456','2016-07-23 13:43:04'), ('42','1','22649978','2016-07-23 13:43:18'), ('43','1','2212','2016-07-23 13:43:41'), ('44','1','2211测试','2016-07-23 13:44:20'), ('45','1','2212336','2016-07-23 13:45:46'), ('46','1','33669','2016-07-23 13:46:19'), ('47','1','ll00o','2016-07-23 13:47:15'), ('48','1','00223','2016-07-23 13:48:01'), ('49','28','111','2016-09-08 16:55:11');
INSERT INTO `user_online` VALUES ('127.0.0.1','0','3cc67f0200ceaf5c0cc12cebd8124366','http://op.cn/','http://op.cn/install.php/common/install.html','2016-09-17 10:40:36'), ('127.0.0.1','0','91bc2c5902e9af4ade739b0d3ebe657b','http://www.lv.com/','http://www.lv.com/','2016-09-17 10:42:04'), ('127.0.0.1','0','f9f5be3ccbf8e31a43c0435897d2299e','http://op.cn/','http://op.cn/','2016-09-17 10:40:37'), ('127.0.0.1','0','b70da0aeac55a04be51a0f77c714a57e','http://op.cn/','http://op.cn/install.php/common/install.html','2016-09-17 10:41:06'), ('127.0.0.1','0','2ae733ea0d80f9245347f1c8c68b3581','http://op.cn/','http://op.cn/','2016-09-17 10:41:08'), ('127.0.0.1','0','bb4c849de3e169e30a9d1726f0fa1397','http://www.op.cn/user/signin/login.html','','2016-09-17 10:42:58'), ('127.0.0.1','0','ff259dabbb079a69ea1a94aada853438','http://www.op.cn/','http://www.op.cn/','2016-09-17 10:42:59'), ('127.0.0.1','0','cb34fb6b51034d92debae10883453319','http://www.op.cn/user/signin/login.html','','2016-09-17 10:43:32'), ('127.0.0.1','0','bf080c09d5d8c83b0ef4e8c17a13f160','http://www.op.cn/','http://www.op.cn/','2016-09-17 10:43:32'), ('127.0.0.1','0','088c66c2129558c32e3efee8f2a8b590','http://www.op.cn/user/signin/login.html','http://www.op.cn/index.php/user/signin/login.html?url=http%3A%2F%2Fop.cn%2F','2016-09-17 10:43:35'), ('127.0.0.1','0','db50ba75da05d2bb9705cbf4848734d4','http://www.op.cn/','http://www.op.cn/','2016-09-17 10:43:35'), ('127.0.0.1','0','7d2cdbbb48a46bde338d9c1763fc1a02','http://www.op.cn/user/signin/login.html','http://www.op.cn/user/signin/login.html?url=http%3A%2F%2Fwww.op.cn%2Findex.php%2Fuser%2Fsignin%2Flogin.html%3Furl%3Dhttp%253A%252F%252Fop.cn%252F','2016-09-17 10:43:46'), ('127.0.0.1','0','24e1180b0253b21bde31776220c00c92','http://www.op.cn/user/signin/login.html','http://www.op.cn/user/signin/login.html?url=http%3A%2F%2Fwww.op.cn%2Findex.php%2Fuser%2Fsignin%2Flogin.html%3Furl%3Dhttp%253A%252F%252Fop.cn%252F','2016-09-17 10:43:47'), ('127.0.0.1','0','e5a56b8818eef0fcef2f51a34f1efb71','http://www.op.cn/','http://www.op.cn/','2016-09-17 10:43:47'), ('127.0.0.1','0','9da45dfdfd9ce0464da580a6bbd73ff1','http://www.op.cn/test.html','','2016-09-17 10:46:06'), ('127.0.0.1','0','7e94fa02a7a1a5b6fc9884ee2677b4c3','http://www.op.cn/','http://www.op.cn/','2016-09-17 10:46:07'), ('127.0.0.1','0','c25cccd3c87e6065a0fd020764b222cf','http://www.op.cn/test.html','','2016-09-17 10:46:55'), ('127.0.0.1','0','6b09d951ddf2d72d2303b0eebf074238','http://www.op.cn/','http://www.op.cn/','2016-09-17 10:46:56'), ('127.0.0.1','0','33580243f67d7d766ed709e1b38eef2a','http://www.op.cn/test.html','','2016-09-17 10:46:58'), ('127.0.0.1','0','b083d8b1da4ae94df468cfc047d95f12','http://www.op.cn/','http://www.op.cn/','2016-09-17 10:46:59'), ('127.0.0.1','0','3e185e5637ae3ef19b99cb56a71b00af','http://www.op.cn/','','2016-09-17 10:47:50'), ('127.0.0.1','0','bed87aba38dcf5c238f255ac4fb32b21','http://www.op.cn/','http://www.op.cn/','2016-09-17 10:47:51'), ('127.0.0.1','0','e9943489b97787d361901e644961fa43','http://www.op.cn/test.html','','2016-09-17 10:48:10'), ('127.0.0.1','0','bc46d85d1e1a7c08edbb96256f563fd9','http://www.op.cn/','http://www.op.cn/','2016-09-17 10:48:11'), ('127.0.0.1','0','ed81fc685acd90b0ff8046d8e1c04141','http://www.op.cn/','http://www.op.cn/','2016-09-17 10:48:18'), ('127.0.0.1','0','f4cc066dc2a74c598a8f9d206e3f1d49','http://www.op.cn/','http://www.op.cn/','2016-09-17 10:48:22'), ('127.0.0.1','0','e56f72133fbf8f956927726eae5721cb','http://www.op.cn/','http://www.op.cn/','2016-09-17 10:48:24'), ('127.0.0.1','1','603c33fc5e699c42c9cf6447f67b1bcd','http://www.op.cn/','http://www.op.cn/','2016-09-17 10:59:29');
INSERT INTO `user_reward` VALUES ('1','8','0','123365','1001235','2016-03-01 13:49:17'), ('2','8','0','22kgk','25','2016-03-01 13:49:38'), ('3','1','0','','12','2016-03-01 18:03:32'), ('4','1','0','11','526','2016-03-01 18:03:40'), ('5','8','0','','1111','2016-03-01 18:03:06'), ('6','8','0','','222','2016-03-01 18:03:10'), ('7','8','0','21','568','2016-03-01 18:03:17'), ('8','8','0','111','12','2016-03-01 18:03:35'), ('9','8','0','','12','2016-03-01 18:03:35'), ('10','8','0','','6','2016-03-01 18:03:07'), ('11','8','0','','9','2016-03-01 18:03:12'), ('12','8','0','','888','2016-03-01 18:03:15'), ('13','8','0','','999','2016-03-01 18:03:29'), ('14','7','0','11','12','2016-03-01 20:03:56'), ('15','5','0','','990','2016-03-02 03:03:26'), ('16','5','0','','9','2016-03-02 03:03:33'), ('17','9','0','','0','2016-03-26 01:06:06'), ('18','9','0','','88','2016-03-26 01:06:20'), ('19','9','0','','9','2016-03-26 01:06:33'), ('20','9','0','','1','2016-03-26 01:06:41'), ('21','9','0','','7','2016-03-26 22:56:25');
INSERT INTO `user_sign_in_with` VALUES ('2','15','qq','C4C1F7E310215A63C7D82B110945EB18',''), ('3','16','weibo','1512349080','云南 昆明'), ('4','22','weibo','1902912112','广东 广州');
INSERT INTO `user_transaction` VALUES ('1','8','0','123456789','11254.0000','2016-03-01 11:17:37'), ('2','8','0','2366','120.0000','2016-03-01 11:25:53'), ('3','8','0','11','1586.1230','2016-03-01 11:26:21'), ('4','1','0','125','11.0000','2016-03-01 17:03:08'), ('5','1','0','44','45.0000','2016-03-01 17:03:21'), ('6','8','0','254','11.0000','2016-03-01 17:03:32'), ('7','8','0','','45.0000','2016-03-01 17:03:43'), ('8','8','0','','444.0000','2016-03-01 17:03:46'), ('9','8','0','','5.0000','2016-03-01 17:03:56'), ('10','8','0','','7.0000','2016-03-01 17:03:00'), ('11','8','0','','7.0000','2016-03-01 17:03:38'), ('12','8','0','','888.0000','2016-03-01 17:03:43'), ('13','8','0','','1.0000','2016-03-01 17:03:54'), ('14','8','0','','1.0000','2016-03-01 17:03:56'), ('15','8','0','','1.0000','2016-03-01 17:03:58'), ('16','8','0','','1.0000','2016-03-01 17:03:00'), ('17','8','0','','1.0000','2016-03-01 17:03:02'), ('18','8','0','','1.0000','2016-03-01 17:03:03'), ('19','8','0','','1.0000','2016-03-01 17:03:04'), ('20','8','0','','1.0000','2016-03-01 17:03:06'), ('21','8','0','','1.0000','2016-03-01 17:03:07'), ('22','8','0','','1.0000','2016-03-01 17:03:09'), ('23','8','0','','1.0000','2016-03-01 17:03:12'), ('24','8','0','','111.0000','2016-03-01 17:03:15'), ('25','8','0','','111111.0000','2016-03-01 17:03:18'), ('26','1','0','','15.0000','2016-03-01 17:03:41'), ('27','1','0','','5.0000','2016-03-01 17:03:35'), ('28','8','0','','1.0000','2016-03-01 18:03:28'), ('29','6','0','','12.0000','2016-03-01 19:03:56'), ('30','7','0','12','100.0000','2016-03-01 20:03:50'), ('31','5','0','','900.0000','2016-03-02 03:03:08'), ('32','5','0','','0.9800','2016-03-02 03:03:17'), ('33','8','0','12','11.0000','2016-03-15 15:50:58'), ('34','1','0','44589','0.0000','2016-03-22 13:50:11'), ('35','1','0','','7.0000','2016-03-22 13:51:30'), ('36','1','0','','7.0000','2016-03-22 13:51:54'), ('37','1','0','','1.0000','2016-03-22 13:52:03'), ('38','1','0','','3.0000','2016-03-22 13:53:36'), ('39','9','0','','888.0000','2016-03-26 01:10:35'), ('40','9','0','','458.0000','2016-03-26 09:54:49'), ('41','7','0','','11.9900','2016-03-27 19:38:17'), ('42','7','0','','100.0000','2016-03-27 19:38:25'), ('43','1','0','00125','25.0000','2016-07-23 13:58:52'), ('44','1','0','22','12.0000','2016-07-23 14:12:03'), ('45','1','0','1236','10000.0000','2016-07-23 14:19:55'), ('46','1','0','111','123444.0000','2016-07-23 14:36:07'), ('47','28','0','11','11122.0000','2016-09-08 16:55:17');
INSERT INTO `weight_class` VALUES ('1','1.00000000'), ('2','1000.00000000'), ('5','2.20460000'), ('6','35.27400000');
INSERT INTO `weight_class_description` VALUES ('2','2','Gram','g'), ('5','2','Pound ','lb'), ('1','2','Kilogram','kg'), ('6','2','Ounce','oz'), ('1','1','公斤','kg'), ('2','1','公克','g'), ('5','1','磅（lb）','lb'), ('6','1','盎司','oz');
INSERT INTO `zone` VALUES ('1','1','BDS','1'), ('2','1','BDG','1'), ('3','1','BGL','1'), ('4','1','BAL','1'), ('5','1','BAM','1'), ('6','1','FRA','1'), ('7','1','FYB','1'), ('8','1','GHA','1'), ('9','1','GHO','1'), ('10','1','HEL','1'), ('11','1','HER','1'), ('12','1','JOW','1'), ('13','1','KAB','1'), ('14','1','KAN','1'), ('15','1','KAP','1'), ('16','1','KHO','1'), ('17','1','KNR','1'), ('18','1','KDZ','1'), ('19','1','LAG','1'), ('20','1','LOW','1'), ('21','1','NAN','1'), ('22','1','NIM','1'), ('23','1','NUR','1'), ('24','1','ORU','1'), ('25','1','PIA','1'), ('26','1','PKA','1'), ('27','1','PAR','1'), ('28','1','SAM','1'), ('29','1','SAR','1'), ('30','1','TAK','1'), ('31','1','WAR','1'), ('32','1','ZAB','1'), ('33','2','BR','1'), ('34','2','BU','1'), ('35','2','DL','1'), ('36','2','DV','1'), ('37','2','DI','1'), ('38','2','DR','1'), ('39','2','EL','1'), ('40','2','ER','1'), ('41','2','FR','1'), ('42','2','GJ','1'), ('43','2','GR','1'), ('44','2','HA','1'), ('45','2','KA','1'), ('46','2','KB','1'), ('47','2','KC','1'), ('48','2','KO','1'), ('49','2','KR','1'), ('50','2','KU','1'), ('51','2','LB','1'), ('52','2','LE','1'), ('53','2','LU','1'), ('54','2','MM','1'), ('55','2','MK','1'), ('56','2','MT','1'), ('57','2','MR','1'), ('58','2','PQ','1'), ('59','2','PR','1'), ('60','2','PG','1'), ('61','2','PU','1'), ('62','2','SH','1'), ('63','2','SK','1'), ('64','2','SR','1'), ('65','2','TE','1'), ('66','2','TP','1'), ('67','2','TR','1'), ('68','2','VL','1'), ('69','3','ADR','1'), ('70','3','ADE','1'), ('71','3','ATE','1'), ('72','3','ALG','1'), ('73','3','ANN','1'), ('74','3','BAT','1'), ('75','3','BEC','1'), ('76','3','BEJ','1'), ('77','3','BIS','1'), ('78','3','BLI','1'), ('79','3','BBA','1'), ('80','3','BOA','1'), ('81','3','BMD','1'), ('82','3','CHL','1'), ('83','3','CON','1'), ('84','3','DJE','1'), ('85','3','EBA','1'), ('86','3','EOU','1'), ('87','3','ETA','1'), ('88','3','GHA','1'), ('89','3','GUE','1'), ('90','3','ILL','1'), ('91','3','JIJ','1'), ('92','3','KHE','1'), ('93','3','LAG','1'), ('94','3','MUA','1'), ('95','3','MED','1'), ('96','3','MIL','1'), ('97','3','MOS','1'), ('98','3','MSI','1'), ('99','3','NAA','1'), ('100','3','ORA','1');
INSERT INTO `zone` VALUES ('101','3','OUA','1'), ('102','3','OEB','1'), ('103','3','REL','1'), ('104','3','SAI','1'), ('105','3','SET','1'), ('106','3','SBA','1'), ('107','3','SKI','1'), ('108','3','SAH','1'), ('109','3','TAM','1'), ('110','3','TEB','1'), ('111','3','TIA','1'), ('112','3','TIN','1'), ('113','3','TIP','1'), ('114','3','TIS','1'), ('115','3','TOU','1'), ('116','3','TLE','1'), ('117','4','E','1'), ('118','4','M','1'), ('119','4','R','1'), ('120','4','S','1'), ('121','4','W','1'), ('122','5','ALV','1'), ('123','5','CAN','1'), ('124','5','ENC','1'), ('125','5','ESE','1'), ('126','5','LMA','1'), ('127','5','ORD','1'), ('128','5','SJL','1'), ('129','6','BGO','1'), ('130','6','BGU','1'), ('131','6','BIE','1'), ('132','6','CAB','1'), ('133','6','CCU','1'), ('134','6','CNO','1'), ('135','6','CUS','1'), ('136','6','CNN','1'), ('137','6','HUA','1'), ('138','6','HUI','1'), ('139','6','LUA','1'), ('140','6','LNO','1'), ('141','6','LSU','1'), ('142','6','MAL','1'), ('143','6','MOX','1'), ('144','6','NAM','1'), ('145','6','UIG','1'), ('146','6','ZAI','1'), ('147','9','ASG','1'), ('148','9','ASJ','1'), ('149','9','ASM','1'), ('150','9','ASL','1'), ('151','9','ASR','1'), ('152','9','ASH','1'), ('153','9','BAR','1'), ('154','9','RED','1'), ('155','10','AN','1'), ('156','10','BA','1'), ('157','10','CA','1'), ('158','10','CH','1'), ('159','10','CU','1'), ('160','10','CO','1'), ('161','10','CR','1'), ('162','10','DF','1'), ('163','10','ER','1'), ('164','10','FO','1'), ('165','10','JU','1'), ('166','10','LP','1'), ('167','10','LR','1'), ('168','10','ME','1'), ('169','10','MI','1'), ('170','10','NE','1'), ('171','10','RN','1'), ('172','10','SA','1'), ('173','10','SJ','1'), ('174','10','SL','1'), ('175','10','SC','1'), ('176','10','SF','1'), ('177','10','SD','1'), ('178','10','TF','1'), ('179','10','TU','1'), ('180','11','AGT','1'), ('181','11','ARR','1'), ('182','11','ARM','1'), ('183','11','GEG','1'), ('184','11','KOT','1'), ('185','11','LOR','1'), ('186','11','SHI','1'), ('187','11','SYU','1'), ('188','11','TAV','1'), ('189','11','VAY','1'), ('190','11','YER','1'), ('191','13','ACT','1'), ('192','13','NSW','1'), ('193','13','NT','1'), ('194','13','QLD','1'), ('195','13','SA','1'), ('196','13','TAS','1'), ('197','13','VIC','1'), ('198','13','WA','1'), ('199','14','BUR','1'), ('200','14','KAR','1');
INSERT INTO `zone` VALUES ('201','14','NOS','1'), ('202','14','OOS','1'), ('203','14','SAL','1'), ('204','14','STE','1'), ('205','14','TIR','1'), ('206','14','VOR','1'), ('207','14','WIE','1'), ('208','15','AB','1'), ('209','15','ABS','1'), ('210','15','AGC','1'), ('211','15','AGM','1'), ('212','15','AGS','1'), ('213','15','AGA','1'), ('214','15','AGU','1'), ('215','15','AST','1'), ('216','15','BA','1'), ('217','15','BAB','1'), ('218','15','BAL','1'), ('219','15','BAR','1'), ('220','15','BEY','1'), ('221','15','BIL','1'), ('222','15','CAB','1'), ('223','15','CAL','1'), ('224','15','CUL','1'), ('225','15','DAS','1'), ('226','15','DAV','1'), ('227','15','FUZ','1'), ('228','15','GA','1'), ('229','15','GAD','1'), ('230','15','GOR','1'), ('231','15','GOY','1'), ('232','15','HAC','1'), ('233','15','IMI','1'), ('234','15','ISM','1'), ('235','15','KAL','1'), ('236','15','KUR','1'), ('237','15','LA','1'), ('238','15','LAC','1'), ('239','15','LAN','1'), ('240','15','LER','1'), ('241','15','MAS','1'), ('242','15','MI','1'), ('243','15','NA','1'), ('244','15','NEF','1'), ('245','15','OGU','1'), ('246','15','ORD','1'), ('247','15','QAB','1'), ('248','15','QAX','1'), ('249','15','QAZ','1'), ('250','15','QOB','1'), ('251','15','QBA','1'), ('252','15','QBI','1'), ('253','15','QUS','1'), ('254','15','SA','1'), ('255','15','SAT','1'), ('256','15','SAB','1'), ('257','15','SAD','1'), ('258','15','SAH','1'), ('259','15','SAK','1'), ('260','15','SAL','1'), ('261','15','SM','1'), ('262','15','SMI','1'), ('263','15','SKR','1'), ('264','15','SMX','1'), ('265','15','SAR','1'), ('266','15','SIY','1'), ('267','15','SS','1'), ('268','15','SUS','1'), ('269','15','TAR','1'), ('270','15','TOV','1'), ('271','15','UCA','1'), ('272','15','XA','1'), ('273','15','XAC','1'), ('274','15','XAN','1'), ('275','15','XIZ','1'), ('276','15','XCI','1'), ('277','15','XVD','1'), ('278','15','YAR','1'), ('279','15','YEV','1'), ('280','15','ZAN','1'), ('281','15','ZAQ','1'), ('282','15','ZAR','1'), ('283','15','NX','1'), ('284','16','ACK','1'), ('285','16','BER','1'), ('286','16','BIM','1'), ('287','16','BLK','1'), ('288','16','CAT','1'), ('289','16','CAB','1'), ('290','16','CAN','1'), ('291','16','CEL','1'), ('292','16','FRE','1'), ('293','16','CRO','1'), ('294','16','EGB','1'), ('295','16','EXU','1'), ('296','16','GRD','1'), ('297','16','HAR','1'), ('298','16','HOP','1'), ('299','16','INA','1'), ('300','16','LNG','1');
INSERT INTO `zone` VALUES ('301','16','MAN','1'), ('302','16','MAY','1'), ('303','16','MOO','1'), ('304','16','NAB','1'), ('305','16','NAN','1'), ('306','16','NEL','1'), ('307','16','RAG','1'), ('308','16','RUM','1'), ('309','16','SAL','1'), ('310','16','SAB','1'), ('311','16','SAN','1'), ('312','16','SEL','1'), ('313','16','SWE','1'), ('314','16','WGB','1'), ('315','17','CAP','1'), ('316','17','CEN','1'), ('317','17','MUH','1'), ('318','17','NOR','1'), ('319','17','SOU','1'), ('320','18','BAR','1'), ('321','18','CHI','1'), ('322','18','DHA','1'), ('323','18','KHU','1'), ('324','18','RAJ','1'), ('325','18','SYL','1'), ('326','19','CC','1'), ('327','19','AND','1'), ('328','19','GEO','1'), ('329','19','JAM','1'), ('330','19','JOH','1'), ('331','19','JOS','1'), ('332','19','LUC','1'), ('333','19','MIC','1'), ('334','19','PET','1'), ('335','19','PHI','1'), ('336','19','THO','1'), ('337','20','BR','1'), ('338','20','HO','1'), ('339','20','HM','1'), ('340','20','HR','1'), ('341','20','MA','1'), ('342','20','MI','1'), ('343','20','VI','1'), ('344','21','VAN','1'), ('345','21','WBR','1'), ('346','21','WHT','1'), ('347','21','WLG','1'), ('348','21','VLI','1'), ('349','21','WLX','1'), ('350','21','WNA','1'), ('351','21','VOV','1'), ('352','21','VBR','1'), ('353','21','VWV','1'), ('354','22','BZ','1'), ('355','22','CY','1'), ('356','22','CR','1'), ('357','22','OW','1'), ('358','22','SC','1'), ('359','22','TO','1'), ('360','23','AL','1'), ('361','23','AK','1'), ('362','23','AQ','1'), ('363','23','BO','1'), ('364','23','CO','1'), ('365','23','DO','1'), ('366','23','KO','1'), ('367','23','LI','1'), ('368','23','MO','1'), ('369','23','OU','1'), ('370','23','PL','1'), ('371','23','ZO','1'), ('372','24','DS','1'), ('373','24','HC','1'), ('374','24','HA','1'), ('375','24','PG','1'), ('376','24','PB','1'), ('377','24','GC','1'), ('378','24','SG','1'), ('379','24','SA','1'), ('380','24','SM','1'), ('381','24','SH','1'), ('382','24','WA','1'), ('383','25','BUM','1'), ('384','25','CHU','1'), ('385','25','DAG','1'), ('386','25','GAS','1'), ('387','25','HAA','1'), ('388','25','LHU','1'), ('389','25','MON','1'), ('390','25','PAR','1'), ('391','25','PEM','1'), ('392','25','PUN','1'), ('393','25','SJO','1'), ('394','25','SAT','1'), ('395','25','SAR','1'), ('396','25','THI','1'), ('397','25','TRG','1'), ('398','25','TRY','1'), ('399','25','TRO','1'), ('400','25','TSI','1');
INSERT INTO `zone` VALUES ('401','25','WPH','1'), ('402','25','ZHE','1'), ('403','26','BEN','1'), ('404','26','CHU','1'), ('405','26','COC','1'), ('406','26','LPZ','1'), ('407','26','ORU','1'), ('408','26','PAN','1'), ('409','26','POT','1'), ('410','26','SCZ','1'), ('411','26','TAR','1'), ('412','27','BRO','1'), ('413','27','FUS','1'), ('414','27','FPO','1'), ('415','27','FTU','1'), ('416','27','FZE','1'), ('417','27','FBP','1'), ('418','27','FSB','1'), ('419','27','FHN','1'), ('420','27','FZH','1'), ('421','27','FSA','1'), ('422','27','FZA','1'), ('423','27','SBL','1'), ('424','27','SDO','1'), ('425','27','SBI','1'), ('426','27','SVL','1'), ('427','27','SSR','1'), ('428','27','SFO','1'), ('429','27','STR','1'), ('430','28','CE','1'), ('431','28','GH','1'), ('432','28','KD','1'), ('433','28','KT','1'), ('434','28','KW','1'), ('435','28','NG','1'), ('436','28','NE','1'), ('437','28','NW','1'), ('438','28','SE','1'), ('439','28','SO','1'), ('440','30','AC','1'), ('441','30','AL','1'), ('442','30','AP','1'), ('443','30','AM','1'), ('444','30','BA','1'), ('445','30','CE','1'), ('446','30','DF','1'), ('447','30','ES','1'), ('448','30','GO','1'), ('449','30','MA','1'), ('450','30','MT','1'), ('451','30','MS','1'), ('452','30','MG','1'), ('453','30','PA','1'), ('454','30','PB','1'), ('455','30','PR','1'), ('456','30','PE','1'), ('457','30','PI','1'), ('458','30','RJ','1'), ('459','30','RN','1'), ('460','30','RS','1'), ('461','30','RO','1'), ('462','30','RR','1'), ('463','30','SC','1'), ('464','30','SP','1'), ('465','30','SE','1'), ('466','30','TO','1'), ('467','31','PB','1'), ('468','31','SI','1'), ('469','31','NI','1'), ('470','31','TB','1'), ('471','31','EA','1'), ('472','31','DI','1'), ('473','31','EG','1'), ('474','31','DG','1'), ('475','32','BEL','1'), ('476','32','BRM','1'), ('477','32','TEM','1'), ('478','32','TUT','1'), ('479','33','','1'), ('480','33','','1'), ('481','33','','1'), ('482','33','','1'), ('483','33','','1'), ('484','33','','1'), ('485','33','','1'), ('486','33','','1'), ('487','33','','1'), ('488','33','','1'), ('489','33','','1'), ('490','33','','1'), ('491','33','','1'), ('492','33','','1'), ('493','33','','1'), ('494','33','','1'), ('495','33','','1'), ('496','33','','1'), ('497','33','','1'), ('498','33','','1'), ('499','33','','1'), ('500','33','','1');
INSERT INTO `zone` VALUES ('501','33','','1'), ('502','33','','1'), ('503','33','','1'), ('504','33','','1'), ('505','33','','1'), ('506','34','BAL','1'), ('507','34','BAM','1'), ('508','34','BAN','1'), ('509','34','BAZ','1'), ('510','34','BOR','1'), ('511','34','BLG','1'), ('512','34','BOK','1'), ('513','34','COM','1'), ('514','34','GAN','1'), ('515','34','GNA','1'), ('516','34','GOU','1'), ('517','34','HOU','1'), ('518','34','IOA','1'), ('519','34','KAD','1'), ('520','34','KEN','1'), ('521','34','KOD','1'), ('522','34','KOP','1'), ('523','34','KOS','1'), ('524','34','KOL','1'), ('525','34','KOT','1'), ('526','34','KOW','1'), ('527','34','LER','1'), ('528','34','LOR','1'), ('529','34','MOU','1'), ('530','34','NAH','1'), ('531','34','NAM','1'), ('532','34','NAY','1'), ('533','34','NOU','1'), ('534','34','OUB','1'), ('535','34','OUD','1'), ('536','34','PAS','1'), ('537','34','PON','1'), ('538','34','SAG','1'), ('539','34','SAM','1'), ('540','34','SEN','1'), ('541','34','SIS','1'), ('542','34','SOM','1'), ('543','34','SOR','1'), ('544','34','TAP','1'), ('545','34','TUY','1'), ('546','34','YAG','1'), ('547','34','YAT','1'), ('548','34','ZIR','1'), ('549','34','ZOD','1'), ('550','34','ZOW','1'), ('551','35','BB','1'), ('552','35','BJ','1'), ('553','35','BR','1'), ('554','35','CA','1'), ('555','35','CI','1'), ('556','35','GI','1'), ('557','35','KR','1'), ('558','35','KY','1'), ('559','35','KI','1'), ('560','35','MA','1'), ('561','35','MU','1'), ('562','35','MY','1'), ('563','35','MW','1'), ('564','35','NG','1'), ('565','35','RT','1'), ('566','35','RY','1'), ('567','36','PP','1'), ('568','36','PS','1'), ('569','36','PA','1'), ('570','36','KB','1'), ('571','36','BM','1'), ('572','36','BA','1'), ('573','36','KM','1'), ('574','36','KN','1'), ('575','36','KU','1'), ('576','36','KO','1'), ('577','36','KT','1'), ('578','36','KP','1'), ('579','36','KL','1'), ('580','36','KK','1'), ('581','36','KR','1'), ('582','36','MK','1'), ('583','36','OM','1'), ('584','36','PU','1'), ('585','36','PR','1'), ('586','36','PG','1'), ('587','36','RK','1'), ('588','36','SI','1'), ('589','36','ST','1'), ('590','36','SR','1'), ('591','36','TK','1'), ('592','37','ADA','1'), ('593','37','CEN','1'), ('594','37','EST','1'), ('595','37','EXN','1'), ('596','37','LIT','1'), ('597','37','NOR','1'), ('598','37','NOT','1'), ('599','37','OUE','1'), ('600','37','SUD','1');
INSERT INTO `zone` VALUES ('601','37','SOU','1'), ('602','38','AB','1'), ('603','38','BC','1'), ('604','38','MB','1'), ('605','38','NB','1'), ('606','38','NL','1'), ('607','38','NT','1'), ('608','38','NS','1'), ('609','38','NU','1'), ('610','38','ON','1'), ('611','38','PE','1'), ('612','38','QC','1'), ('613','38','SK','1'), ('614','38','YT','1'), ('615','39','BV','1'), ('616','39','BR','1'), ('617','39','CS','1'), ('618','39','MA','1'), ('619','39','MO','1'), ('620','39','PA','1'), ('621','39','PN','1'), ('622','39','PR','1'), ('623','39','RG','1'), ('624','39','SL','1'), ('625','39','CA','1'), ('626','39','CR','1'), ('627','39','SD','1'), ('628','39','SF','1'), ('629','39','SN','1'), ('630','39','SV','1'), ('631','39','TA','1'), ('632','40','CR','1'), ('633','40','EA','1'), ('634','40','ML','1'), ('635','40','ST','1'), ('636','40','SP','1'), ('637','40','SK','1'), ('638','40','WD','1'), ('639','40','WN','1'), ('640','41','BBA','1'), ('641','41','BKO','1'), ('642','41','HKO','1'), ('643','41','HMB','1'), ('644','41','KEM','1'), ('645','41','LOB','1'), ('646','41','MKD','1'), ('647','41','MBO','1'), ('648','41','NMM','1'), ('649','41','OMP','1'), ('650','41','OUK','1'), ('651','41','OUH','1'), ('652','41','OPE','1'), ('653','41','VAK','1'), ('654','41','NGR','1'), ('655','41','SMB','1'), ('656','41','BAN','1'), ('657','42','BA','1'), ('658','42','BI','1'), ('659','42','BE','1'), ('660','42','CB','1'), ('661','42','GU','1'), ('662','42','KA','1'), ('663','42','LA','1'), ('664','42','LC','1'), ('665','42','LR','1'), ('666','42','MK','1'), ('667','42','MC','1'), ('668','42','OU','1'), ('669','42','SA','1'), ('670','42','TA','1'), ('671','43','AI','1'), ('672','43','AN','1'), ('673','43','AR','1'), ('674','43','AT','1'), ('675','43','BI','1'), ('676','43','CO','1'), ('677','43','LI','1'), ('678','43','LL','1'), ('679','43','MA','1'), ('680','43','ML','1'), ('681','43','RM','1'), ('682','43','TA','1'), ('683','43','VS','1'), ('684','44','AN','1'), ('685','44','BE','1'), ('686','44','CH','1'), ('687','44','FU','1'), ('688','44','GA','1'), ('689','44','GU','1'), ('690','44','GX','1'), ('691','44','GZ','1'), ('692','44','HA','1'), ('693','44','HB','1'), ('694','44','HL','1'), ('695','44','HE','1'), ('696','44','HK','1'), ('697','44','HU','1'), ('698','44','HN','1'), ('699','44','IM','1'), ('700','44','JI','1');
INSERT INTO `zone` VALUES ('701','44','JX','1'), ('702','44','JL','1'), ('703','44','LI','1'), ('704','44','MA','1'), ('705','44','NI','1'), ('706','44','SH','1'), ('707','44','SA','1'), ('708','44','SG','1'), ('709','44','SX','1'), ('710','44','SI','1'), ('711','44','TI','1'), ('712','44','XI','1'), ('713','44','YU','1'), ('714','44','ZH','1'), ('715','46','D','1'), ('716','46','H','1'), ('717','46','O','1'), ('718','46','S','1'), ('719','46','W','1'), ('720','47','AMZ','1'), ('721','47','ANT','1'), ('722','47','ARA','1'), ('723','47','ATL','1'), ('724','47','BDC','1'), ('725','47','BOL','1'), ('726','47','BOY','1'), ('727','47','CAL','1'), ('728','47','CAQ','1'), ('729','47','CAS','1'), ('730','47','CAU','1'), ('731','47','CES','1'), ('732','47','CHO','1'), ('733','47','COR','1'), ('734','47','CAM','1'), ('735','47','GNA','1'), ('736','47','GJR','1'), ('737','47','GVR','1'), ('738','47','HUI','1'), ('739','47','MAG','1'), ('740','47','MET','1'), ('741','47','NAR','1'), ('742','47','NDS','1'), ('743','47','PUT','1'), ('744','47','QUI','1'), ('745','47','RIS','1'), ('746','47','SAP','1'), ('747','47','SAN','1'), ('748','47','SUC','1'), ('749','47','TOL','1'), ('750','47','VDC','1'), ('751','47','VAU','1'), ('752','47','VIC','1'), ('753','48','G','1'), ('754','48','A','1'), ('755','48','M','1'), ('756','49','BO','1'), ('757','49','BR','1'), ('758','49','CU','1'), ('759','49','CO','1'), ('760','49','KO','1'), ('761','49','LE','1'), ('762','49','LI','1'), ('763','49','NI','1'), ('764','49','PL','1'), ('765','49','PO','1'), ('766','49','SA','1'), ('767','50','PU','1'), ('768','50','RK','1'), ('769','50','MK','1'), ('770','50','PE','1'), ('771','50','NI','1'), ('772','50','SU','1'), ('773','50','PA','1'), ('774','50','AI','1'), ('775','50','MA','1'), ('776','50','TA','1'), ('777','50','MT','1'), ('778','50','AT','1'), ('779','50','MU','1'), ('780','50','RR','1'), ('781','50','MG','1'), ('782','51','AL','1'), ('783','51','CA','1'), ('784','51','GU','1'), ('785','51','HE','1'), ('786','51','LI','1'), ('787','51','PU','1'), ('788','51','SJ','1'), ('789','52','ABE','1'), ('790','52','ABI','1'), ('791','52','ABO','1'), ('792','52','ADI','1'), ('793','52','ADZ','1'), ('794','52','AGB','1'), ('795','52','AGN','1'), ('796','52','ALE','1'), ('797','52','BOC','1'), ('798','52','BAN','1'), ('799','52','BEO','1'), ('800','52','BIA','1');
INSERT INTO `zone` VALUES ('801','52','BDK','1'), ('802','52','BGN','1'), ('803','52','BFL','1'), ('804','52','BKE','1'), ('805','52','BNA','1'), ('806','52','BDL','1'), ('807','52','DKL','1'), ('808','52','DBU','1'), ('809','52','DAL','1'), ('810','52','DAN','1'), ('811','52','DAO','1'), ('812','52','DIM','1'), ('813','52','DIV','1'), ('814','52','DUE','1'), ('815','52','FER','1'), ('816','52','GAG','1'), ('817','52','GBA','1'), ('818','52','GLA','1'), ('819','52','GUI','1'), ('820','52','ISS','1'), ('821','52','JAC','1'), ('822','52','KAT','1'), ('823','52','KOR','1'), ('824','52','LAK','1'), ('825','52','MAN','1'), ('826','52','MKN','1'), ('827','52','MBA','1'), ('828','52','ODI','1'), ('829','52','OUM','1'), ('830','52','SAK','1'), ('831','52','SPE','1'), ('832','52','SAS','1'), ('833','52','SEG','1'), ('834','52','SIN','1'), ('835','52','SOU','1'), ('836','52','TAB','1'), ('837','52','TAN','1'), ('838','52','TIE','1'), ('839','52','TIN','1'), ('840','52','TIA','1'), ('841','52','TBA','1'), ('842','52','TLP','1'), ('843','52','TMD','1'), ('844','52','VAV','1'), ('845','52','YAM','1'), ('846','52','ZUE','1'), ('847','53','BB','1'), ('848','53','GZ','1'), ('849','53','DN','1'), ('850','53','IS','1'), ('851','53','KA','1'), ('852','53','KK','1'), ('853','53','KZ','1'), ('854','53','LS','1'), ('855','53','ME','1'), ('856','53','OB','1'), ('857','53','PS','1'), ('858','53','PG','1'), ('859','53','SK','1'), ('860','53','SM','1'), ('861','53','BP','1'), ('862','53','SD','1'), ('863','53','VA','1'), ('864','53','VP','1'), ('865','53','VS','1'), ('866','53','ZA','1'), ('867','53','ZG','1'), ('868','54','CA','1'), ('869','54','CD','1'), ('870','54','CI','1'), ('871','54','CH','1'), ('872','54','GR','1'), ('873','54','GU','1'), ('874','54','HO','1'), ('875','54','IJ','1'), ('876','54','LH','1'), ('877','54','LT','1'), ('878','54','MA','1'), ('879','54','PR','1'), ('880','54','SS','1'), ('881','54','SC','1'), ('882','54','VC','1'), ('883','55','F','1'), ('884','55','K','1'), ('885','55','A','1'), ('886','55','I','1'), ('887','55','N','1'), ('888','55','P','1'), ('889','56','U','1'), ('890','56','C','1'), ('891','56','B','1'), ('892','56','K','1'), ('893','56','H','1'), ('894','56','L','1'), ('895','56','T','1'), ('896','56','M','1'), ('897','56','E','1'), ('898','56','P','1'), ('899','56','A','1'), ('900','56','S','1');
INSERT INTO `zone` VALUES ('901','56','J','1'), ('902','56','Z','1'), ('903','57','AR','1'), ('904','57','BH','1'), ('905','57','CO','1'), ('906','57','FO','1'), ('907','57','FR','1'), ('908','57','FY','1'), ('909','57','KO','1'), ('910','57','NO','1'), ('911','57','RI','1'), ('912','57','RK','1'), ('913','57','RO','1'), ('914','57','SO','1'), ('915','57','ST','1'), ('916','57','VK','1'), ('917','57','VJ','1'), ('918','57','VB','1'), ('919','58','S','1'), ('920','58','K','1'), ('921','58','J','1'), ('922','58','O','1'), ('923','58','T','1'), ('924','59','AND','1'), ('925','59','DAV','1'), ('926','59','GEO','1'), ('927','59','JOH','1'), ('928','59','JOS','1'), ('929','59','LUK','1'), ('930','59','MAR','1'), ('931','59','PAT','1'), ('932','59','PAU','1'), ('933','59','PET','1'), ('934','60','DN','1'), ('935','60','AZ','1'), ('936','60','BC','1'), ('937','60','BH','1'), ('938','60','DJ','1'), ('939','60','DU','1'), ('940','60','EL','1'), ('941','60','SY','1'), ('942','60','ET','1'), ('943','60','HM','1'), ('944','60','IN','1'), ('945','60','AL','1'), ('946','60','RO','1'), ('947','60','VE','1'), ('948','60','MT','1'), ('949','60','MN','1'), ('950','60','MC','1'), ('951','60','MP','1'), ('952','60','PD','1'), ('953','60','PR','1'), ('954','60','PP','1'), ('955','60','SL','1'), ('956','60','SM','1'), ('957','60','SH','1'), ('958','60','SC','1'), ('959','60','JO','1'), ('960','60','SJ','1'), ('961','60','PM','1'), ('962','60','SA','1'), ('963','60','ST','1'), ('964','60','SD','1'), ('965','60','VA','1'), ('966','61','AL','1'), ('967','61','AN','1'), ('968','61','BA','1'), ('969','61','BO','1'), ('970','61','CO','1'), ('971','61','DI','1'), ('972','61','ER','1'), ('973','61','LA','1'), ('974','61','LI','1'), ('975','61','MT','1'), ('976','61','MF','1'), ('977','61','OE','1'), ('978','61','VI','1'), ('979','62','AZU','1'), ('980','62','BOL','1'), ('981','62','CAN','1'), ('982','62','CAR','1'), ('983','62','CHI','1'), ('984','62','COT','1'), ('985','62','EOR','1'), ('986','62','ESM','1'), ('987','62','GPS','1'), ('988','62','GUA','1'), ('989','62','IMB','1'), ('990','62','LOJ','1'), ('991','62','LRO','1'), ('992','62','MAN','1'), ('993','62','MSA','1'), ('994','62','NAP','1'), ('995','62','ORE','1'), ('996','62','PAS','1'), ('997','62','PIC','1'), ('998','62','SUC','1'), ('999','62','TUN','1'), ('1000','62','ZCH','1');
INSERT INTO `zone` VALUES ('1001','63','DHY','1'), ('1002','63','BAM','1'), ('1003','63','BHY','1'), ('1004','63','FYM','1'), ('1005','63','GBY','1'), ('1006','63','IDR','1'), ('1007','63','IML','1'), ('1008','63','JZH','1'), ('1009','63','MFY','1'), ('1010','63','MNY','1'), ('1011','63','QHR','1'), ('1012','63','QLY','1'), ('1013','63','WJD','1'), ('1014','63','SHQ','1'), ('1015','63','SWY','1'), ('1016','63','ASW','1'), ('1017','63','ASY','1'), ('1018','63','BSW','1'), ('1019','63','BSD','1'), ('1020','63','DMY','1'), ('1021','63','JNS','1'), ('1022','63','KSH','1'), ('1023','63','MAT','1'), ('1024','63','QIN','1'), ('1025','63','SHS','1'), ('1026','63','SUH','1'), ('1027','64','AH','1'), ('1028','64','CA','1'), ('1029','64','CH','1'), ('1030','64','CU','1'), ('1031','64','LB','1'), ('1032','64','PZ','1'), ('1033','64','UN','1'), ('1034','64','MO','1'), ('1035','64','SM','1'), ('1036','64','SS','1'), ('1037','64','SV','1'), ('1038','64','SA','1'), ('1039','64','SO','1'), ('1040','64','US','1'), ('1041','65','AN','1'), ('1042','65','BN','1'), ('1043','65','BS','1'), ('1044','65','CS','1'), ('1045','65','KN','1'), ('1046','65','LI','1'), ('1047','65','WN','1'), ('1048','66','MA','1'), ('1049','66','KE','1'), ('1050','66','DK','1'), ('1051','66','SK','1'), ('1052','66','DE','1'), ('1053','66','BR','1'), ('1054','67','HA','1'), ('1055','67','HI','1'), ('1056','67','IV','1'), ('1057','67','JA','1'), ('1058','67','JO','1'), ('1059','67','LV','1'), ('1060','67','LA','1'), ('1061','67','PA','1'), ('1062','67','PO','1'), ('1063','67','RA','1'), ('1064','67','SA','1'), ('1065','67','TA','1'), ('1066','67','VA','1'), ('1067','67','VI','1'), ('1068','67','VO','1'), ('1069','68','AF','1'), ('1070','68','AH','1'), ('1071','68','BG','1'), ('1072','68','GB','1'), ('1073','68','HR','1'), ('1074','68','OR','1'), ('1075','68','SM','1'), ('1076','68','SN','1'), ('1077','68','TG','1'), ('1078','68','AA','1'), ('1079','68','DD','1'), ('1080','71','C','1'), ('1081','71','N','1'), ('1082','71','E','1'), ('1083','71','W','1'), ('1084','71','R','1'), ('1085','72','AL','1'), ('1086','72','ES','1'), ('1087','72','IS','1'), ('1088','72','LS','1'), ('1089','72','LA','1'), ('1090','72','OU','1'), ('1114','74','01','1'), ('1115','74','02','1'), ('1116','74','03','1'), ('1117','74','04','1'), ('1118','74','05','1'), ('1119','74','06','1'), ('1120','74','07','1'), ('1121','74','08','1'), ('1122','74','09','1'), ('1123','74','10','1');
INSERT INTO `zone` VALUES ('1124','74','11','1'), ('1125','74','12','1'), ('1126','74','13','1'), ('1127','74','14','1'), ('1128','74','15','1'), ('1129','74','16','1'), ('1130','74','17','1'), ('1131','74','18','1'), ('1132','74','19','1'), ('1133','74','2A','1'), ('1134','74','2B','1'), ('1135','74','21','1'), ('1136','74','22','1'), ('1137','74','23','1'), ('1138','74','24','1'), ('1139','74','25','1'), ('1140','74','26','1'), ('1141','74','27','1'), ('1142','74','28','1'), ('1143','74','29','1'), ('1144','74','30','1'), ('1145','74','31','1'), ('1146','74','32','1'), ('1147','74','33','1'), ('1148','74','34','1'), ('1149','74','35','1'), ('1150','74','36','1'), ('1151','74','37','1'), ('1152','74','38','1'), ('1153','74','39','1'), ('1154','74','40','1'), ('1155','74','41','1'), ('1156','74','42','1'), ('1157','74','43','1'), ('1158','74','44','1'), ('1159','74','45','1'), ('1160','74','46','1'), ('1161','74','47','1'), ('1162','74','48','1'), ('1163','74','49','1'), ('1164','74','50','1'), ('1165','74','51','1'), ('1166','74','52','1'), ('1167','74','53','1'), ('1168','74','54','1'), ('1169','74','55','1'), ('1170','74','56','1'), ('1171','74','57','1'), ('1172','74','58','1'), ('1173','74','59','1'), ('1174','74','60','1'), ('1175','74','61','1'), ('1176','74','62','1'), ('1177','74','63','1'), ('1178','74','64','1'), ('1179','74','65','1'), ('1180','74','66','1'), ('1181','74','67','1'), ('1182','74','68','1'), ('1183','74','69','1'), ('1184','74','70','1'), ('1185','74','71','1'), ('1186','74','72','1'), ('1187','74','73','1'), ('1188','74','74','1'), ('1189','74','75','1'), ('1190','74','76','1'), ('1191','74','77','1'), ('1192','74','78','1'), ('1193','74','79','1'), ('1194','74','80','1'), ('1195','74','81','1'), ('1196','74','82','1'), ('1197','74','83','1'), ('1198','74','84','1'), ('1199','74','85','1'), ('1200','74','86','1'), ('1201','74','87','1'), ('1202','74','88','1'), ('1203','74','89','1'), ('1204','74','90','1'), ('1205','74','91','1'), ('1206','74','92','1'), ('1207','74','93','1'), ('1208','74','94','1'), ('1209','74','95','1'), ('1210','76','M','1'), ('1211','76','T','1'), ('1212','76','I','1'), ('1213','76','V','1'), ('1214','76','S','1'), ('1215','77','C','1'), ('1216','77','K','1'), ('1217','77','A','1'), ('1218','77','P','1'), ('1219','77','D','1'), ('1220','78','ES','1'), ('1221','78','HO','1'), ('1222','78','MO','1'), ('1223','78','NG','1');
INSERT INTO `zone` VALUES ('1224','78','NY','1'), ('1225','78','OI','1'), ('1226','78','OL','1'), ('1227','78','OM','1'), ('1228','78','WN','1'), ('1229','79','BJ','1'), ('1230','79','BS','1'), ('1231','79','BR','1'), ('1232','79','JA','1'), ('1233','79','KA','1'), ('1234','79','KE','1'), ('1235','79','KU','1'), ('1236','79','MA','1'), ('1237','79','LR','1'), ('1238','79','CR','1'), ('1239','79','NB','1'), ('1240','79','UR','1'), ('1241','79','WE','1'), ('1242','80','AB','1'), ('1243','80','AJ','1'), ('1244','80','TB','1'), ('1245','80','GU','1'), ('1246','80','IM','1'), ('1247','80','KA','1'), ('1248','80','KK','1'), ('1249','80','MM','1'), ('1250','80','RL','1'), ('1251','80','SZ','1'), ('1252','80','SJ','1'), ('1253','80','SK','1'), ('1254','81','BAW','1'), ('1255','81','BAY','1'), ('1256','81','BER','1'), ('1257','81','BRG','1'), ('1258','81','BRE','1'), ('1259','81','HAM','1'), ('1260','81','HES','1'), ('1261','81','MEC','1'), ('1262','81','NDS','1'), ('1263','81','NRW','1'), ('1264','81','RHE','1'), ('1265','81','SAR','1'), ('1266','81','SAS','1'), ('1267','81','SAC','1'), ('1268','81','SCN','1'), ('1269','81','THE','1'), ('1270','82','AS','1'), ('1271','82','BA','1'), ('1272','82','CE','1'), ('1273','82','EA','1'), ('1274','82','GA','1'), ('1275','82','NO','1'), ('1276','82','UE','1'), ('1277','82','UW','1'), ('1278','82','VO','1'), ('1279','82','WE','1'), ('1280','84','AT','1'), ('1281','84','CN','1'), ('1282','84','CM','1'), ('1283','84','CR','1'), ('1284','84','EM','1'), ('1285','84','EP','1'), ('1286','84','II','1'), ('1287','84','NA','1'), ('1288','84','PP','1'), ('1289','84','SA','1'), ('1290','84','TH','1'), ('1291','84','WG','1'), ('1292','84','WM','1'), ('1293','85','A','1'), ('1294','85','T','1'), ('1295','85','K','1'), ('1296','86','A','1'), ('1297','86','D','1'), ('1298','86','G','1'), ('1299','86','J','1'), ('1300','86','M','1'), ('1301','86','P','1'), ('1302','86','C','1'), ('1303','86','Q','1'), ('1304','89','AV','1'), ('1305','89','BV','1'), ('1306','89','CM','1'), ('1307','89','CQ','1'), ('1308','89','PE','1'), ('1309','89','PR','1'), ('1310','89','QC','1'), ('1311','89','ES','1'), ('1312','89','GU','1'), ('1313','89','HU','1'), ('1314','89','IZ','1'), ('1315','89','JA','1'), ('1316','89','JU','1'), ('1317','89','QZ','1'), ('1318','89','RE','1'), ('1319','89','ST','1'), ('1320','89','SM','1'), ('1321','89','SR','1'), ('1322','89','SO','1'), ('1323','89','SU','1');
INSERT INTO `zone` VALUES ('1324','89','TO','1'), ('1325','89','ZA','1'), ('1326','90','CNK','1'), ('1327','90','BYL','1'), ('1328','90','BFA','1'), ('1329','90','BOK','1'), ('1330','90','COY','1'), ('1331','90','DBL','1'), ('1332','90','DLB','1'), ('1333','90','DGR','1'), ('1334','90','DBR','1'), ('1335','90','FRN','1'), ('1336','90','FRC','1'), ('1337','90','FRI','1'), ('1338','90','GAO','1'), ('1339','90','GCD','1'), ('1340','90','KNK','1'), ('1341','90','KRN','1'), ('1342','90','KND','1'), ('1343','90','KSD','1'), ('1344','90','KBA','1'), ('1345','90','KDA','1'), ('1346','90','KRA','1'), ('1347','90','LAB','1'), ('1348','90','LLM','1'), ('1349','90','LOL','1'), ('1350','90','MCT','1'), ('1351','90','MAL','1'), ('1352','90','MAM','1'), ('1353','90','MAN','1'), ('1354','90','NZR','1'), ('1355','90','PIT','1'), ('1356','90','SIG','1'), ('1357','90','TLM','1'), ('1358','90','TOG','1'), ('1359','90','YOM','1'), ('1360','91','BF','1'), ('1361','91','BB','1'), ('1362','91','BS','1'), ('1363','91','BL','1'), ('1364','91','CA','1'), ('1365','91','GA','1'), ('1366','91','OI','1'), ('1367','91','QU','1'), ('1368','91','TO','1'), ('1369','92','BW','1'), ('1370','92','CM','1'), ('1371','92','DM','1'), ('1372','92','EC','1'), ('1373','92','EW','1'), ('1374','92','MB','1'), ('1375','92','PM','1'), ('1376','92','PI','1'), ('1377','92','UD','1'), ('1378','92','UT','1'), ('1379','93','AR','1'), ('1380','93','CE','1'), ('1381','93','GA','1'), ('1382','93','ND','1'), ('1383','93','NE','1'), ('1384','93','NO','1'), ('1385','93','OU','1'), ('1386','93','SD','1'), ('1387','93','SE','1'), ('1388','94','F','1'), ('1389','94','M','1'), ('1390','94','S','1'), ('1391','94','H','1'), ('1392','95','AT','1'), ('1393','95','CH','1'), ('1394','95','CL','1'), ('1395','95','CM','1'), ('1396','95','CP','1'), ('1397','95','CR','1'), ('1398','95','PA','1'), ('1399','95','FM','1'), ('1400','95','GD','1'), ('1401','95','IN','1'), ('1402','95','IB','1'), ('1403','95','PZ','1'), ('1404','95','LE','1'), ('1405','95','OC','1'), ('1406','95','OL','1'), ('1407','95','SB','1'), ('1408','95','VA','1'), ('1409','95','YO','1'), ('1410','96','HCW','1'), ('1411','96','HEA','1'), ('1412','96','HSO','1'), ('1413','96','HWC','1'), ('1414','96','KKC','1'), ('1415','96','KKT','1'), ('1416','96','KSS','1'), ('1417','96','KWT','1'), ('1418','96','KYT','1'), ('1419','96','NIS','1'), ('1420','96','NKT','1'), ('1421','96','NNO','1'), ('1422','96','NSK','1'), ('1423','96','NST','1');
INSERT INTO `zone` VALUES ('1424','96','NTP','1'), ('1425','96','NTW','1'), ('1426','96','NTM','1'), ('1427','96','NYL','1'), ('1467','98','AL','1'), ('1468','98','HF','1'), ('1469','98','NE','1'), ('1470','98','NV','1'), ('1471','98','SL','1'), ('1472','98','SN','1'), ('1473','98','VF','1'), ('1474','98','VL','1'), ('1475','99','AN','1'), ('1476','99','AP','1'), ('1477','99','AR','1'), ('1478','99','AS','1'), ('1479','99','BI','1'), ('1480','99','CH','1'), ('1481','99','DA','1'), ('1482','99','DM','1'), ('1483','99','DE','1'), ('1484','99','GO','1'), ('1485','99','GU','1'), ('1486','99','HA','1'), ('1487','99','HP','1'), ('1488','99','JA','1'), ('1489','99','KA','1'), ('1490','99','KE','1'), ('1491','99','LI','1'), ('1492','99','MP','1'), ('1493','99','MA','1'), ('1494','99','MN','1'), ('1495','99','ME','1'), ('1496','99','MI','1'), ('1497','99','NA','1'), ('1498','99','OR','1'), ('1499','99','PO','1'), ('1500','99','PU','1'), ('1501','99','RA','1'), ('1502','99','SI','1'), ('1503','99','TN','1'), ('1504','99','TR','1'), ('1505','99','UP','1'), ('1506','99','WB','1'), ('1507','100','AC','1'), ('1508','100','BA','1'), ('1509','100','BT','1'), ('1510','100','BE','1'), ('1511','100','BD','1'), ('1512','100','GO','1'), ('1513','100','JK','1'), ('1514','100','JA','1'), ('1515','100','JB','1'), ('1516','100','JT','1'), ('1517','100','JI','1'), ('1518','100','KB','1'), ('1519','100','KS','1'), ('1520','100','KT','1'), ('1521','100','KI','1'), ('1522','100','BB','1'), ('1523','100','LA','1'), ('1524','100','MA','1'), ('1525','100','MU','1'), ('1526','100','NB','1'), ('1527','100','NT','1'), ('1528','100','PA','1'), ('1529','100','RI','1'), ('1530','100','SN','1'), ('1531','100','ST','1'), ('1532','100','SG','1'), ('1533','100','SA','1'), ('1534','100','SB','1'), ('1535','100','SS','1'), ('1536','100','SU','1'), ('1537','100','YO','1'), ('1538','101','TEH','1'), ('1539','101','QOM','1'), ('1540','101','MKZ','1'), ('1541','101','QAZ','1'), ('1542','101','GIL','1'), ('1543','101','ARD','1'), ('1544','101','ZAN','1'), ('1545','101','EAZ','1'), ('1546','101','WEZ','1'), ('1547','101','KRD','1'), ('1548','101','HMD','1'), ('1549','101','KRM','1'), ('1550','101','ILM','1'), ('1551','101','LRS','1'), ('1552','101','KZT','1'), ('1553','101','CMB','1'), ('1554','101','KBA','1'), ('1555','101','BSH','1'), ('1556','101','FAR','1'), ('1557','101','HRM','1'), ('1558','101','SBL','1'), ('1559','101','KRB','1'), ('1560','101','YZD','1'), ('1561','101','EFH','1'), ('1562','101','SMN','1');
INSERT INTO `zone` VALUES ('1563','101','MZD','1'), ('1564','101','GLS','1'), ('1565','101','NKH','1'), ('1566','101','RKH','1'), ('1567','101','SKH','1'), ('1568','102','BD','1'), ('1569','102','SD','1'), ('1570','102','DY','1'), ('1571','102','WS','1'), ('1572','102','MY','1'), ('1573','102','BA','1'), ('1574','102','DQ','1'), ('1575','102','MU','1'), ('1576','102','QA','1'), ('1577','102','BB','1'), ('1578','102','KB','1'), ('1579','102','NJ','1'), ('1580','102','AB','1'), ('1581','102','NN','1'), ('1582','102','DH','1'), ('1583','102','AL','1'), ('1584','102','TM','1'), ('1585','102','SL','1'), ('1586','103','CA','1'), ('1587','103','CV','1'), ('1588','103','CL','1'), ('1589','103','CO','1'), ('1590','103','DO','1'), ('1591','103','DU','1'), ('1592','103','GA','1'), ('1593','103','KE','1'), ('1594','103','KI','1'), ('1595','103','KL','1'), ('1596','103','LA','1'), ('1597','103','LE','1'), ('1598','103','LI','1'), ('1599','103','LO','1'), ('1600','103','LU','1'), ('1601','103','MA','1'), ('1602','103','ME','1'), ('1603','103','MO','1'), ('1604','103','OF','1'), ('1605','103','RO','1'), ('1606','103','SL','1'), ('1607','103','TI','1'), ('1608','103','WA','1'), ('1609','103','WE','1'), ('1610','103','WX','1'), ('1611','103','WI','1'), ('1612','104','BS','1'), ('1613','104','BH','1'), ('1614','104','EA','1'), ('1615','104','GA','1'), ('1616','104','HA','1'), ('1617','104','JM','1'), ('1618','104','JE','1'), ('1619','104','NE','1'), ('1620','104','SE','1'), ('1621','104','SH','1'), ('1622','104','TA','1'), ('3860','105','CL','1'), ('3842','105','AG','1'), ('3843','105','AL','1'), ('3844','105','AN','1'), ('3845','105','AO','1'), ('3846','105','AR','1'), ('3847','105','AP','1'), ('3848','105','AT','1'), ('3849','105','AV','1'), ('3850','105','BA','1'), ('3851','105','BL','1'), ('3852','105','BN','1'), ('3853','105','BG','1'), ('3854','105','BI','1'), ('3855','105','BO','1'), ('3856','105','BZ','1'), ('3857','105','BS','1'), ('3858','105','BR','1'), ('3859','105','CA','1'), ('1643','106','CLA','1'), ('1644','106','HAN','1'), ('1645','106','KIN','1'), ('1646','106','MAN','1'), ('1647','106','POR','1'), ('1648','106','AND','1'), ('1649','106','ANN','1'), ('1650','106','CAT','1'), ('1651','106','ELI','1'), ('1652','106','JAM','1'), ('1653','106','MAR','1'), ('1654','106','THO','1'), ('1655','106','TRL','1'), ('1656','106','WML','1'), ('1657','107','AI','1'), ('1658','107','AK','1'), ('1659','107','AO','1'), ('1660','107','CH','1'), ('1661','107','EH','1'), ('1662','107','FK','1'), ('1663','107','FU','1');
INSERT INTO `zone` VALUES ('1664','107','FS','1'), ('1665','107','GI','1'), ('1666','107','GU','1'), ('1667','107','HI','1'), ('1668','107','HO','1'), ('1669','107','HY','1'), ('1670','107','IB','1'), ('1671','107','IS','1'), ('1672','107','IW','1'), ('1673','107','KA','1'), ('1674','107','KG','1'), ('1675','107','KN','1'), ('1676','107','KO','1'), ('1677','107','KU','1'), ('1678','107','KY','1'), ('1679','107','MI','1'), ('1680','107','MY','1'), ('1681','107','MZ','1'), ('1682','107','NA','1'), ('1683','107','NG','1'), ('1684','107','NR','1'), ('1685','107','NI','1'), ('1686','107','OI','1'), ('1687','107','OK','1'), ('1688','107','ON','1'), ('1689','107','OS','1'), ('1690','107','SA','1'), ('1691','107','SI','1'), ('1692','107','SH','1'), ('1693','107','SM','1'), ('1694','107','SZ','1'), ('1695','107','TO','1'), ('1696','107','TS','1'), ('1697','107','TK','1'), ('1698','107','TT','1'), ('1699','107','TY','1'), ('1700','107','WA','1'), ('1701','107','YA','1'), ('1702','107','YM','1'), ('1703','107','YN','1'), ('1704','108','AM','1'), ('1705','108','AJ','1'), ('1706','108','AA','1'), ('1707','108','AB','1'), ('1708','108','AK','1'), ('1709','108','AL','1'), ('1710','108','AT','1'), ('1711','108','AZ','1'), ('1712','108','IR','1'), ('1713','108','JA','1'), ('1714','108','MA','1'), ('1715','108','MD','1'), ('1716','109','AL','1'), ('1717','109','AC','1'), ('1718','109','AM','1'), ('1719','109','AQ','1'), ('1720','109','AS','1'), ('1721','109','AT','1'), ('1722','109','BA','1'), ('1723','109','BY','1'), ('1724','109','MA','1'), ('1725','109','ON','1'), ('1726','109','PA','1'), ('1727','109','QA','1'), ('1728','109','QO','1'), ('1729','109','QY','1'), ('1730','109','SH','1'), ('1731','109','SO','1'), ('1732','109','ZH','1'), ('1733','110','CE','1'), ('1734','110','CO','1'), ('1735','110','EA','1'), ('1736','110','NA','1'), ('1737','110','NE','1'), ('1738','110','NY','1'), ('1739','110','RV','1'), ('1740','110','WE','1'), ('1741','111','AG','1'), ('1742','111','AM','1'), ('1743','111','AK','1'), ('1744','111','AO','1'), ('1745','111','BA','1'), ('1746','111','BE','1'), ('1747','111','bT','1'), ('1748','111','KA','1'), ('1749','111','KR','1'), ('1750','111','KU','1'), ('1751','111','MI','1'), ('1752','111','MN','1'), ('1753','111','ME','1'), ('1754','111','NI','1'), ('1755','111','NO','1'), ('1756','111','ON','1'), ('1757','111','TT','1'), ('1758','111','TR','1'), ('1759','111','TM','1'), ('1760','111','TW','1'), ('1761','111','TE','1'), ('1762','112','CHA','1'), ('1763','112','HAB','1');
INSERT INTO `zone` VALUES ('1764','112','HAN','1'), ('1765','112','HWB','1'), ('1766','112','HWN','1'), ('1767','112','KAN','1'), ('1768','112','PYB','1'), ('1769','112','PYN','1'), ('1770','112','YAN','1'), ('1771','112','NAJ','1'), ('1772','112','PYO','1'), ('1773','113','CO','1'), ('1774','113','CH','1'), ('1775','113','CD','1'), ('1776','113','CB','1'), ('1777','113','CN','1'), ('1778','113','IG','1'), ('1779','113','KA','1'), ('1780','113','KG','1'), ('1781','113','KD','1'), ('1782','113','KB','1'), ('1783','113','KN','1'), ('1784','113','PG','1'), ('1785','113','SO','1'), ('1786','113','TA','1'), ('1787','113','TG','1'), ('1788','114','AL','1'), ('1789','114','AA','1'), ('1790','114','AF','1'), ('1791','114','AJ','1'), ('1792','114','HA','1'), ('1793','115','GB','1'), ('1794','115','B','1'), ('1795','115','C','1'), ('1796','115','J','1'), ('1797','115','N','1'), ('1798','115','O','1'), ('1799','115','T','1'), ('1800','115','Y','1'), ('1801','116','VT','1'), ('1802','116','AT','1'), ('1803','116','BK','1'), ('1804','116','BL','1'), ('1805','116','CH','1'), ('1806','116','HO','1'), ('1807','116','KH','1'), ('1808','116','LM','1'), ('1809','116','LP','1'), ('1810','116','OU','1'), ('1811','116','PH','1'), ('1812','116','SL','1'), ('1813','116','SV','1'), ('1814','116','VI','1'), ('1815','116','XA','1'), ('1816','116','XE','1'), ('1817','116','XI','1'), ('1818','116','XN','1'), ('1852','119','BE','1'), ('1853','119','BB','1'), ('1854','119','LE','1'), ('1855','119','MF','1'), ('1856','119','MS','1'), ('1857','119','MH','1'), ('1858','119','MK','1'), ('1859','119','QN','1'), ('1860','119','QT','1'), ('1861','119','TT','1'), ('1862','120','BI','1'), ('1863','120','BG','1'), ('1864','120','GB','1'), ('1865','120','CM','1'), ('1866','120','GG','1'), ('1867','120','GK','1'), ('1868','120','LO','1'), ('1869','120','MG','1'), ('1870','120','ML','1'), ('1871','120','MS','1'), ('1872','120','NB','1'), ('1873','120','RC','1'), ('1874','120','SN','1'), ('1875','121','AJ','1'), ('1876','121','AZ','1'), ('1877','121','FA','1'), ('1878','121','JA','1'), ('1879','121','JU','1'), ('1880','121','KH','1'), ('1881','121','KU','1'), ('1882','121','NK','1'), ('1883','121','AS','1'), ('1884','121','AW','1'), ('1885','121','ZA','1'), ('1886','121','BA','1'), ('1887','121','DA','1'), ('1888','121','GD','1'), ('1889','121','GY','1'), ('1890','121','MI','1'), ('1891','121','MZ','1'), ('1892','121','SB','1'), ('1893','121','SW','1'), ('1894','121','SU','1'), ('1895','121','TL','1'), ('1896','121','TH','1');
INSERT INTO `zone` VALUES ('1897','121','TU','1'), ('1898','121','YA','1'), ('1899','121','ZL','1'), ('1900','122','V','1'), ('1901','122','A','1'), ('1902','122','B','1'), ('1903','122','N','1'), ('1904','122','E','1'), ('1905','122','M','1'), ('1906','122','T','1'), ('1907','122','R','1'), ('1908','122','G','1'), ('1909','122','L','1'), ('1910','122','P','1'), ('1911','123','AL','1'), ('1912','123','KA','1'), ('1913','123','KL','1'), ('1914','123','MA','1'), ('1915','123','PA','1'), ('1916','123','SI','1'), ('1917','123','TA','1'), ('1918','123','TE','1'), ('1919','123','UT','1'), ('1920','123','VI','1'), ('1921','124','DD','1'), ('1922','124','DC','1'), ('1923','124','DR','1'), ('1924','124','DV','1'), ('1925','124','DW','1'), ('1926','124','GG','1'), ('1927','124','GE','1'), ('1928','124','GR','1'), ('1929','124','LL','1'), ('1930','124','LC','1'), ('1931','124','LE','1'), ('1932','124','LM','1'), ('1933','125','OLF','1'), ('1934','125','ANT','1'), ('1935','125','LAZ','1'), ('1936','125','CAT','1'), ('1937','125','LAW','1'), ('1938','127','AN','1'), ('1939','127','AS','1'), ('1940','127','FN','1'), ('1941','127','MJ','1'), ('1942','127','TM','1'), ('1943','127','TL','1'), ('1944','128','BLK','1'), ('1945','128','BLT','1'), ('1946','128','CKW','1'), ('1947','128','CRD','1'), ('1948','128','CTP','1'), ('1949','128','DDZ','1'), ('1950','128','DWA','1'), ('1951','128','KRG','1'), ('1952','128','KSG','1'), ('1953','128','LKM','1'), ('1954','128','LLG','1'), ('1955','128','MCG','1'), ('1956','128','MGC','1'), ('1957','128','MCH','1'), ('1958','128','MLJ','1'), ('1959','128','MWZ','1'), ('1960','128','MZM','1'), ('1961','128','NTU','1'), ('1962','128','NKB','1'), ('1963','128','NKH','1'), ('1964','128','NSJ','1'), ('1965','128','NTI','1'), ('1966','128','PHL','1'), ('1967','128','RMP','1'), ('1968','128','SLM','1'), ('1969','128','THY','1'), ('1970','128','ZBA','1'), ('1971','129','MY-01','1'), ('1972','129','MY-02','1'), ('1973','129','MY-03','1'), ('1974','129','MY-15','1'), ('1975','129','MY-04','1'), ('1976','129','MY-05','1'), ('1977','129','MY-06','1'), ('1978','129','MY-08','1'), ('1979','129','MY-09','1'), ('1980','129','MY-07','1'), ('1981','129','MY-12','1'), ('1982','129','MY-13','1'), ('1983','129','MY-10','1'), ('1984','129','MY-11','1'), ('1985','129','MY-14','1'), ('4035','129','MY-16','1'), ('1986','130','THU','1'), ('1987','130','THD','1'), ('1988','130','MLU','1'), ('1989','130','MLD','1'), ('1990','130','MAU','1'), ('1991','130','MAD','1'), ('1992','130','FAA','1'), ('1993','130','MAA','1'), ('1994','130','AAU','1'), ('1995','130','AAD','1');
INSERT INTO `zone` VALUES ('1996','130','FEA','1'), ('1997','130','MUA','1'), ('1998','130','NAU','1'), ('1999','130','NAD','1'), ('2000','130','KLH','1'), ('2001','130','HDH','1'), ('2002','130','HAU','1'), ('2003','130','HAD','1'), ('2004','130','FMU','1'), ('2005','130','ADD','1'), ('2006','131','GA','1'), ('2007','131','KY','1'), ('2008','131','KD','1'), ('2009','131','KL','1'), ('2010','131','MP','1'), ('2011','131','SG','1'), ('2012','131','SK','1'), ('2013','131','TB','1'), ('2014','131','CD','1'), ('2015','132','ATT','1'), ('2016','132','BAL','1'), ('2017','132','BGU','1'), ('2018','132','BKK','1'), ('2019','132','BRZ','1'), ('2020','132','BOR','1'), ('2021','132','DIN','1'), ('2022','132','FGU','1'), ('2023','132','FLO','1'), ('2024','132','GDJ','1'), ('2025','132','GZR','1'), ('2026','132','GRG','1'), ('2027','132','GXQ','1'), ('2028','132','HMR','1'), ('2029','132','IKL','1'), ('2030','132','ISL','1'), ('2031','132','KLK','1'), ('2032','132','KRK','1'), ('2033','132','LIJ','1'), ('2034','132','LUQ','1'), ('2035','132','MRS','1'), ('2036','132','MKL','1'), ('2037','132','MXL','1'), ('2038','132','MDN','1'), ('2039','132','MEL','1'), ('2040','132','MGR','1'), ('2041','132','MST','1'), ('2042','132','MQA','1'), ('2043','132','MSI','1'), ('2044','132','MTF','1'), ('2045','132','NAX','1'), ('2046','132','PAO','1'), ('2047','132','PEM','1'), ('2048','132','PIE','1'), ('2049','132','QOR','1'), ('2050','132','QRE','1'), ('2051','132','RAB','1'), ('2052','132','SAF','1'), ('2053','132','SGI','1'), ('2054','132','SLU','1'), ('2055','132','SPB','1'), ('2056','132','SGW','1'), ('2057','132','SVE','1'), ('2058','132','SIG','1'), ('2059','132','SLM','1'), ('2060','132','SWQ','1'), ('2061','132','TXB','1'), ('2062','132','TRX','1'), ('2063','132','VLT','1'), ('2064','132','XGJ','1'), ('2065','132','ZBR','1'), ('2066','132','ZBG','1'), ('2067','132','ZJT','1'), ('2068','132','ZRQ','1'), ('2069','132','FNT','1'), ('2070','132','GHJ','1'), ('2071','132','GHR','1'), ('2072','132','GHS','1'), ('2073','132','KRC','1'), ('2074','132','MUN','1'), ('2075','132','NAD','1'), ('2076','132','QAL','1'), ('2077','132','VIC','1'), ('2078','132','SLA','1'), ('2079','132','SNT','1'), ('2080','132','ZAG','1'), ('2081','132','XEW','1'), ('2082','132','ZEB','1'), ('2083','133','ALG','1'), ('2084','133','ALL','1'), ('2085','133','ALK','1'), ('2086','133','ARN','1'), ('2087','133','AUR','1'), ('2088','133','BKR','1'), ('2089','133','BKN','1'), ('2090','133','BKK','1'), ('2091','133','EBN','1'), ('2092','133','ENT','1'), ('2093','133','EKB','1'), ('2094','133','JBT','1'), ('2095','133','JLT','1');
INSERT INTO `zone` VALUES ('2096','133','JEM','1'), ('2097','133','KIL','1'), ('2098','133','KWJ','1'), ('2099','133','LAE','1'), ('2100','133','LIB','1'), ('2101','133','LKP','1'), ('2102','133','MJR','1'), ('2103','133','MLP','1'), ('2104','133','MJT','1'), ('2105','133','MIL','1'), ('2106','133','NMK','1'), ('2107','133','NAM','1'), ('2108','133','RGL','1'), ('2109','133','RGK','1'), ('2110','133','TOK','1'), ('2111','133','UJA','1'), ('2112','133','UJL','1'), ('2113','133','UTK','1'), ('2114','133','WTH','1'), ('2115','133','WTJ','1'), ('2116','135','AD','1'), ('2117','135','AS','1'), ('2118','135','BR','1'), ('2119','135','DN','1'), ('2120','135','GO','1'), ('2121','135','GM','1'), ('2122','135','HC','1'), ('2123','135','HG','1'), ('2124','135','IN','1'), ('2125','135','TA','1'), ('2126','135','TZ','1'), ('2127','135','TR','1'), ('2128','135','NO','1'), ('2129','136','BR','1'), ('2130','136','CU','1'), ('2131','136','PU','1'), ('2132','136','QB','1'), ('2133','136','VP','1'), ('2134','136','AG','1'), ('2135','136','CC','1'), ('2136','136','RO','1'), ('2137','136','BL','1'), ('2138','136','FL','1'), ('2139','136','GP','1'), ('2140','136','MO','1'), ('2141','136','PA','1'), ('2142','136','PW','1'), ('2143','136','PL','1'), ('2144','136','RR','1'), ('2145','136','SA','1'), ('2146','138','BN','1'), ('2147','138','BS','1'), ('2148','138','CA','1'), ('2149','138','CI','1'), ('2150','138','CH','1'), ('2151','138','CZ','1'), ('2152','138','CL','1'), ('2153','138','DF','1'), ('2154','138','DU','1'), ('2155','138','GA','1'), ('2156','138','GE','1'), ('2157','138','HI','1'), ('2158','138','JA','1'), ('2159','138','ME','1'), ('2160','138','MI','1'), ('2161','138','MO','1'), ('2162','138','NA','1'), ('2163','138','NL','1'), ('2164','138','OA','1'), ('2165','138','PU','1'), ('2166','138','QA','1'), ('2167','138','QR','1'), ('2168','138','SA','1'), ('2169','138','SI','1'), ('2170','138','SO','1'), ('2171','138','TB','1'), ('2172','138','TM','1'), ('2173','138','TL','1'), ('2174','138','VE','1'), ('2175','138','YU','1'), ('2176','138','ZA','1'), ('2177','139','C','1'), ('2178','139','K','1'), ('2179','139','P','1'), ('2180','139','Y','1'), ('2181','140','GA','1'), ('2182','140','CU','1'), ('2183','140','BA','1'), ('2184','140','CA','1'), ('2185','140','ED','1'), ('2186','140','LA','1'), ('2187','140','OR','1'), ('2188','140','SO','1'), ('2189','140','TI','1'), ('2190','140','UN','1'), ('2191','140','SN','1'), ('2192','141','FV','1'), ('2193','141','LC','1'), ('2194','141','MV','1'), ('2195','141','MC','1');
INSERT INTO `zone` VALUES ('2196','142','1','1'), ('2197','142','035','1'), ('2198','142','037','1'), ('2199','142','039','1'), ('2200','142','041','1'), ('2201','142','043','1'), ('2202','142','046','1'), ('2203','142','047','1'), ('2204','142','049','1'), ('2205','142','051','1'), ('2206','142','053','1'), ('2207','142','055','1'), ('2208','142','057','1'), ('2209','142','059','1'), ('2210','142','061','1'), ('2211','142','063','1'), ('2212','142','064','1'), ('2213','142','065','1'), ('2214','142','067','1'), ('2215','142','069','1'), ('2216','142','071','1'), ('2217','142','073','1'), ('2218','143','A','1'), ('2219','143','G','1'), ('2220','143','P','1'), ('2221','144','AGD','1'), ('2222','144','HOC','1'), ('2223','144','AZI','1'), ('2224','144','BME','1'), ('2225','144','BSL','1'), ('2226','144','BLM','1'), ('2227','144','CBL','1'), ('2228','144','CHA','1'), ('2229','144','EJA','1'), ('2230','144','EKS','1'), ('2231','144','ERA','1'), ('2232','144','ESS','1'), ('2233','144','FES','1'), ('2234','144','FIG','1'), ('2235','144','GLM','1'), ('2236','144','IFR','1'), ('2237','144','KEN','1'), ('2238','144','KHM','1'), ('2239','144','KHN','1'), ('2240','144','KHO','1'), ('2241','144','LYN','1'), ('2242','144','LAR','1'), ('2243','144','MRK','1'), ('2244','144','MKN','1'), ('2245','144','NAD','1'), ('2246','144','ORZ','1'), ('2247','144','OUJ','1'), ('2248','144','RSA','1'), ('2249','144','SAF','1'), ('2250','144','SET','1'), ('2251','144','SKA','1'), ('2252','144','TGR','1'), ('2253','144','TAN','1'), ('2254','144','TAO','1'), ('2255','144','TRD','1'), ('2256','144','TAT','1'), ('2257','144','TAZ','1'), ('2258','144','TET','1'), ('2259','144','TIZ','1'), ('2260','144','ADK','1'), ('2261','144','BJD','1'), ('2262','144','ESM','1'), ('2263','145','CD','1'), ('2264','145','GZ','1'), ('2265','145','IN','1'), ('2266','145','MN','1'), ('2267','145','MC','1'), ('2268','145','MP','1'), ('2269','145','NA','1'), ('2270','145','NI','1'), ('2271','145','SO','1'), ('2272','145','TE','1'), ('2273','145','ZA','1'), ('2274','146','AY','1'), ('2275','146','BG','1'), ('2276','146','MG','1'), ('2277','146','MD','1'), ('2278','146','SG','1'), ('2279','146','TN','1'), ('2280','146','YG','1'), ('2281','146','CH','1'), ('2282','146','KC','1'), ('2283','146','KH','1'), ('2284','146','KN','1'), ('2285','146','MN','1'), ('2286','146','RK','1'), ('2287','146','SH','1'), ('2288','147','CA','1'), ('2289','147','ER','1'), ('2290','147','HA','1'), ('2291','147','KR','1'), ('2292','147','KV','1'), ('2293','147','KH','1'), ('2294','147','KU','1'), ('2295','147','OW','1');
INSERT INTO `zone` VALUES ('2296','147','OK','1'), ('2297','147','OT','1'), ('2298','147','ON','1'), ('2299','147','OO','1'), ('2300','147','OJ','1'), ('2301','148','AO','1'), ('2302','148','AA','1'), ('2303','148','AT','1'), ('2304','148','AI','1'), ('2305','148','BA','1'), ('2306','148','BO','1'), ('2307','148','BU','1'), ('2308','148','DE','1'), ('2309','148','EW','1'), ('2310','148','IJ','1'), ('2311','148','ME','1'), ('2312','148','NI','1'), ('2313','148','UA','1'), ('2314','148','YA','1'), ('2315','149','BA','1'), ('2316','149','BH','1'), ('2317','149','DH','1'), ('2318','149','GA','1'), ('2319','149','JA','1'), ('2320','149','KA','1'), ('2321','149','KO','1'), ('2322','149','LU','1'), ('2323','149','MA','1'), ('2324','149','ME','1'), ('2325','149','NA','1'), ('2326','149','RA','1'), ('2327','149','SA','1'), ('2328','149','SE','1'), ('2329','150','DR','1'), ('2330','150','FL','1'), ('2331','150','FR','1'), ('2332','150','GE','1'), ('2333','150','GR','1'), ('2334','150','LI','1'), ('2335','150','NB','1'), ('2336','150','NH','1'), ('2337','150','OV','1'), ('2338','150','UT','1'), ('2339','150','ZE','1'), ('2340','150','ZH','1'), ('2341','152','L','1'), ('2342','152','N','1'), ('2343','152','S','1'), ('2344','153','AUK','1'), ('2345','153','BOP','1'), ('2346','153','CAN','1'), ('2347','153','COR','1'), ('2348','153','GIS','1'), ('2349','153','FIO','1'), ('2350','153','HKB','1'), ('2351','153','MBH','1'), ('2352','153','MWT','1'), ('2353','153','MCM','1'), ('2354','153','NSN','1'), ('2355','153','NTL','1'), ('2356','153','OTA','1'), ('2357','153','STL','1'), ('2358','153','TKI','1'), ('2359','153','WGN','1'), ('2360','153','WKO','1'), ('2361','153','WAI','1'), ('2362','153','WTC','1'), ('2363','154','AN','1'), ('2364','154','AS','1'), ('2365','154','BO','1'), ('2366','154','CA','1'), ('2367','154','CI','1'), ('2368','154','CO','1'), ('2369','154','ES','1'), ('2370','154','GR','1'), ('2371','154','JI','1'), ('2372','154','LE','1'), ('2373','154','MD','1'), ('2374','154','MN','1'), ('2375','154','MS','1'), ('2376','154','MT','1'), ('2377','154','NS','1'), ('2378','154','RS','1'), ('2379','154','RI','1'), ('2380','155','AG','1'), ('2381','155','DF','1'), ('2382','155','DS','1'), ('2383','155','MA','1'), ('2384','155','NM','1'), ('2385','155','TH','1'), ('2386','155','TL','1'), ('2387','155','ZD','1'), ('2388','156','AB','1'), ('2389','156','CT','1'), ('2390','156','AD','1'), ('2391','156','AK','1'), ('2392','156','AN','1'), ('2393','156','BC','1'), ('2394','156','BY','1'), ('2395','156','BN','1');
INSERT INTO `zone` VALUES ('2396','156','BO','1'), ('2397','156','CR','1'), ('2398','156','DE','1'), ('2399','156','EB','1'), ('2400','156','ED','1'), ('2401','156','EK','1'), ('2402','156','EN','1'), ('2403','156','GO','1'), ('2404','156','IM','1'), ('2405','156','JI','1'), ('2406','156','KD','1'), ('2407','156','KN','1'), ('2408','156','KT','1'), ('2409','156','KE','1'), ('2410','156','KO','1'), ('2411','156','KW','1'), ('2412','156','LA','1'), ('2413','156','NA','1'), ('2414','156','NI','1'), ('2415','156','OG','1'), ('2416','156','ONG','1'), ('2417','156','OS','1'), ('2418','156','OY','1'), ('2419','156','PL','1'), ('2420','156','RI','1'), ('2421','156','SO','1'), ('2422','156','TA','1'), ('2423','156','YO','1'), ('2424','156','ZA','1'), ('2425','159','N','1'), ('2426','159','R','1'), ('2427','159','S','1'), ('2428','159','T','1'), ('2429','160','AK','1'), ('2430','160','AA','1'), ('2431','160','BU','1'), ('2432','160','FM','1'), ('2433','160','HM','1'), ('2434','160','HL','1'), ('2435','160','MR','1'), ('2436','160','NT','1'), ('2437','160','NL','1'), ('2438','160','OF','1'), ('2439','160','OP','1'), ('2440','160','OL','1'), ('2441','160','RL','1'), ('2442','160','ST','1'), ('2443','160','SJ','1'), ('2444','160','SV','1'), ('2445','160','TM','1'), ('2446','160','TR','1'), ('2447','160','VA','1'), ('2448','160','VF','1'), ('2449','161','DA','1'), ('2450','161','BA','1'), ('2451','161','WU','1'), ('2452','161','SH','1'), ('2453','161','ZA','1'), ('2454','161','MA','1'), ('2455','161','MU','1'), ('2456','161','ZU','1'), ('2457','162','B','1'), ('2458','162','T','1'), ('2459','162','I','1'), ('2460','162','N','1'), ('2461','162','P','1'), ('2462','162','S','1'), ('2463','163','AM','1'), ('2464','163','AR','1'), ('2465','163','AN','1'), ('2466','163','HA','1'), ('2467','163','KA','1'), ('2468','163','KO','1'), ('2469','163','ME','1'), ('2470','163','NA','1'), ('2471','163','NG','1'), ('2472','163','ND','1'), ('2473','163','NT','1'), ('2474','163','NC','1'), ('2475','163','NR','1'), ('2476','163','NW','1'), ('2477','163','PE','1'), ('2478','163','SO','1'), ('2479','164','BT','1'), ('2480','164','CH','1'), ('2481','164','CC','1'), ('2482','164','CL','1'), ('2483','164','DA','1'), ('2484','164','HE','1'), ('2485','164','LS','1'), ('2486','164','PA','1'), ('2487','164','SB','1'), ('2488','164','VG','1'), ('2489','165','BV','1'), ('2490','165','CE','1'), ('2491','165','CH','1'), ('2492','165','EH','1'), ('2493','165','EB','1'), ('2494','165','ES','1'), ('2495','165','EN','1');
INSERT INTO `zone` VALUES ('2496','165','GU','1'), ('2497','165','MD','1'), ('2498','165','MN','1'), ('2499','165','MB','1'), ('2500','165','MR','1'), ('2501','165','NC','1'), ('2502','165','NI','1'), ('2503','165','NO','1'), ('2504','165','SA','1'), ('2505','165','SH','1'), ('2506','165','WE','1'), ('2507','165','WH','1'), ('2508','165','WB','1'), ('2509','166','AG','1'), ('2510','166','AN','1'), ('2511','166','AM','1'), ('2512','166','AS','1'), ('2513','166','BO','1'), ('2514','166','CG','1'), ('2515','166','CZ','1'), ('2516','166','CN','1'), ('2517','166','CE','1'), ('2518','166','CC','1'), ('2519','166','CD','1'), ('2520','166','GU','1'), ('2521','166','IT','1'), ('2522','166','MI','1'), ('2523','166','NE','1'), ('2524','166','PA','1'), ('2525','166','PH','1'), ('2526','166','SP','1'), ('2527','167','AM','1'), ('2528','167','AN','1'), ('2529','167','AP','1'), ('2530','167','AR','1'), ('2531','167','AY','1'), ('2532','167','CJ','1'), ('2533','167','CL','1'), ('2534','167','CU','1'), ('2535','167','HV','1'), ('2536','167','HO','1'), ('2537','167','IC','1'), ('2538','167','JU','1'), ('2539','167','LD','1'), ('2540','167','LY','1'), ('2541','167','LI','1'), ('2542','167','LO','1'), ('2543','167','MD','1'), ('2544','167','MO','1'), ('2545','167','PA','1'), ('2546','167','PI','1'), ('2547','167','PU','1'), ('2548','167','SM','1'), ('2549','167','TA','1'), ('2550','167','TU','1'), ('2551','167','UC','1'), ('2552','168','ABR','1'), ('2553','168','ANO','1'), ('2554','168','ASU','1'), ('2555','168','AKL','1'), ('2556','168','ALB','1'), ('2557','168','ANT','1'), ('2558','168','APY','1'), ('2559','168','AUR','1'), ('2560','168','BAS','1'), ('2561','168','BTA','1'), ('2562','168','BTE','1'), ('2563','168','BTG','1'), ('2564','168','BLR','1'), ('2565','168','BEN','1'), ('2566','168','BOL','1'), ('2567','168','BUK','1'), ('2568','168','BUL','1'), ('2569','168','CAG','1'), ('2570','168','CNO','1'), ('2571','168','CSU','1'), ('2572','168','CAM','1'), ('2573','168','CAP','1'), ('2574','168','CAT','1'), ('2575','168','CAV','1'), ('2576','168','CEB','1'), ('2577','168','CMP','1'), ('2578','168','DNO','1'), ('2579','168','DSU','1'), ('2580','168','DOR','1'), ('2581','168','ESA','1'), ('2582','168','GUI','1'), ('2583','168','IFU','1'), ('2584','168','INO','1'), ('2585','168','ISU','1'), ('2586','168','ILO','1'), ('2587','168','ISA','1'), ('2588','168','KAL','1'), ('2589','168','LAG','1'), ('2590','168','LNO','1'), ('2591','168','LSU','1'), ('2592','168','UNI','1'), ('2593','168','LEY','1'), ('2594','168','MAG','1'), ('2595','168','MRN','1');
INSERT INTO `zone` VALUES ('2596','168','MSB','1'), ('2597','168','MIC','1'), ('2598','168','MIR','1'), ('2599','168','MSC','1'), ('2600','168','MOR','1'), ('2601','168','MOP','1'), ('2602','168','NOC','1'), ('2603','168','NOR','1'), ('2604','168','NCT','1'), ('2605','168','NSM','1'), ('2606','168','NEC','1'), ('2607','168','NVZ','1'), ('2608','168','PLW','1'), ('2609','168','PMP','1'), ('2610','168','PNG','1'), ('2611','168','QZN','1'), ('2612','168','QRN','1'), ('2613','168','RIZ','1'), ('2614','168','ROM','1'), ('2615','168','SMR','1'), ('2616','168','SRG','1'), ('2617','168','SQJ','1'), ('2618','168','SRS','1'), ('2619','168','SCO','1'), ('2620','168','SLE','1'), ('2621','168','SKU','1'), ('2622','168','SLU','1'), ('2623','168','SNO','1'), ('2624','168','SSU','1'), ('2625','168','TAR','1'), ('2626','168','TAW','1'), ('2627','168','ZBL','1'), ('2628','168','ZNO','1'), ('2629','168','ZSU','1'), ('2630','168','ZSI','1'), ('2631','170','DO','1'), ('2632','170','KP','1'), ('2633','170','LO','1'), ('2634','170','LL','1'), ('2635','170','LU','1'), ('2636','170','ML','1'), ('2637','170','MZ','1'), ('2638','170','OP','1'), ('2639','170','PP','1'), ('2640','170','PL','1'), ('2641','170','PM','1'), ('2642','170','SL','1'), ('2643','170','SW','1'), ('2644','170','WM','1'), ('2645','170','WP','1'), ('2646','170','ZA','1'), ('2647','198','P','1'), ('2648','198','M','1'), ('2649','171','AC','1'), ('2650','171','AV','1'), ('2651','171','BE','1'), ('2652','171','BR','1'), ('2653','171','BA','1'), ('2654','171','CB','1'), ('2655','171','CO','1'), ('2656','171','EV','1'), ('2657','171','FA','1'), ('2658','171','GU','1'), ('2659','171','LE','1'), ('2660','171','LI','1'), ('2661','171','ME','1'), ('2662','171','PO','1'), ('2663','171','PR','1'), ('2664','171','SA','1'), ('2665','171','SE','1'), ('2666','171','VC','1'), ('2667','171','VR','1'), ('2668','171','VI','1'), ('2669','173','DW','1'), ('2670','173','GW','1'), ('2671','173','JM','1'), ('2672','173','KR','1'), ('2673','173','WK','1'), ('2674','173','RN','1'), ('2675','173','JB','1'), ('2676','173','MS','1'), ('2677','173','UD','1'), ('2678','173','UL','1'), ('2679','175','AB','1'), ('2680','175','AR','1'), ('2681','175','AG','1'), ('2682','175','BC','1'), ('2683','175','BH','1'), ('2684','175','BN','1'), ('2685','175','BT','1'), ('2686','175','BV','1'), ('2687','175','BR','1'), ('2688','175','B','1'), ('2689','175','BZ','1'), ('2690','175','CS','1'), ('2691','175','CL','1'), ('2692','175','CJ','1'), ('2693','175','CT','1'), ('2694','175','CV','1'), ('2695','175','DB','1');
INSERT INTO `zone` VALUES ('2696','175','DJ','1'), ('2697','175','GL','1'), ('2698','175','GR','1'), ('2699','175','GJ','1'), ('2700','175','HR','1'), ('2701','175','HD','1'), ('2702','175','IL','1'), ('2703','175','IS','1'), ('2704','175','IF','1'), ('2705','175','MM','1'), ('2706','175','MH','1'), ('2707','175','MS','1'), ('2708','175','NT','1'), ('2709','175','OT','1'), ('2710','175','PH','1'), ('2711','175','SM','1'), ('2712','175','SJ','1'), ('2713','175','SB','1'), ('2714','175','SV','1'), ('2715','175','TR','1'), ('2716','175','TM','1'), ('2717','175','TL','1'), ('2718','175','VS','1'), ('2719','175','VL','1'), ('2720','175','VN','1'), ('2721','176','AB','1'), ('2722','176','AG','1'), ('2723','176','AN','1'), ('2724','176','AR','1'), ('2725','176','AS','1'), ('2726','176','BA','1'), ('2727','176','BE','1'), ('2728','176','BI','1'), ('2729','176','BL','1'), ('2730','176','BR','1'), ('2731','176','CH','1'), ('2732','176','CL','1'), ('2733','176','CR','1'), ('2734','176','CI','1'), ('2735','176','DU','1'), ('2736','176','EL','1'), ('2737','176','GO','1'), ('2738','176','GA','1'), ('2739','176','GR','1'), ('2740','176','IR','1'), ('2741','176','IV','1'), ('2742','176','IZ','1'), ('2743','176','KA','1'), ('2744','176','KL','1'), ('2745','176','KS','1'), ('2746','176','KZ','1'), ('2747','176','KE','1'), ('2748','176','KH','1'), ('2749','176','KM','1'), ('2750','176','KO','1'), ('2751','176','KR','1'), ('2752','176','KN','1'), ('2753','176','KU','1'), ('2754','176','KG','1'), ('2755','176','KK','1'), ('2756','176','KY','1'), ('2757','176','LI','1'), ('2758','176','MA','1'), ('2759','176','MK','1'), ('2760','176','MY','1'), ('2761','176','MO','1'), ('2762','176','MU','1'), ('2763','176','NA','1'), ('2764','176','NR','1'), ('2765','176','NZ','1'), ('2766','176','NI','1'), ('2767','176','NO','1'), ('2768','176','NV','1'), ('2769','176','OM','1'), ('2770','176','OR','1'), ('2771','176','OE','1'), ('2772','176','PA','1'), ('2773','176','PE','1'), ('2774','176','PR','1'), ('2775','176','PK','1'), ('2776','176','PT','1'), ('2777','176','PS','1'), ('2778','176','RO','1'), ('2779','176','RY','1'), ('2780','176','SL','1'), ('2781','176','SA','1'), ('2782','176','SR','1'), ('2783','176','SV','1'), ('2784','176','SM','1'), ('2785','176','SP','1'), ('2786','176','ST','1'), ('2787','176','SY','1'), ('2788','176','TA','1'), ('2789','176','TO','1'), ('2790','176','TU','1'), ('2791','176','TR','1'), ('2792','176','TV','1'), ('2793','176','TY','1'), ('2794','176','UF','1'), ('2795','176','UL','1');
INSERT INTO `zone` VALUES ('2796','176','UU','1'), ('2797','176','US','1'), ('2798','176','VL','1'), ('2799','176','VA','1'), ('2800','176','VV','1'), ('2801','176','VG','1'), ('2802','176','VD','1'), ('2803','176','VO','1'), ('2804','176','VY','1'), ('2805','176','YA','1'), ('2806','176','YR','1'), ('2807','176','YE','1'), ('2808','176','YO','1'), ('2809','177','BU','1'), ('2810','177','BY','1'), ('2811','177','CY','1'), ('2812','177','GK','1'), ('2813','177','GS','1'), ('2814','177','GT','1'), ('2815','177','KG','1'), ('2816','177','KY','1'), ('2817','177','KR','1'), ('2818','177','KV','1'), ('2819','177','RU','1'), ('2820','177','UM','1'), ('2821','178','CCN','1'), ('2822','178','SAS','1'), ('2823','178','SGB','1'), ('2824','178','SGG','1'), ('2825','178','SJW','1'), ('2826','178','SJC','1'), ('2827','178','SJF','1'), ('2828','178','SMC','1'), ('2829','178','CAP','1'), ('2830','178','CHA','1'), ('2831','178','SPB','1'), ('2832','178','STL','1'), ('2833','178','STM','1'), ('2834','178','TPP','1'), ('2835','179','AR','1'), ('2836','179','CA','1'), ('2837','179','CH','1'), ('2838','179','DA','1'), ('2839','179','DE','1'), ('2840','179','GI','1'), ('2841','179','LA','1'), ('2842','179','MI','1'), ('2843','179','PR','1'), ('2844','179','SO','1'), ('2845','179','VF','1'), ('2846','180','C','1'), ('2847','180','R','1'), ('2848','180','A','1'), ('2849','180','D','1'), ('2850','180','G','1'), ('2851','180','P','1'), ('2852','181','AN','1'), ('2853','181','AI','1'), ('2854','181','AT','1'), ('2855','181','FA','1'), ('2856','181','GE','1'), ('2857','181','GF','1'), ('2858','181','PA','1'), ('2859','181','SA','1'), ('2860','181','TU','1'), ('2861','181','VF','1'), ('2862','181','VS','1'), ('2863','182','AC','1'), ('2864','182','BM','1'), ('2865','182','CH','1'), ('2866','182','DO','1'), ('2867','182','FA','1'), ('2868','182','FI','1'), ('2869','182','MO','1'), ('2870','182','SM','1'), ('2871','182','SE','1'), ('2872','183','S','1'), ('2873','183','P','1'), ('2874','184','BH','1'), ('2875','184','HS','1'), ('2876','184','JF','1'), ('2877','184','MD','1'), ('2878','184','QS','1'), ('2879','184','RD','1'), ('2880','184','AQ','1'), ('2881','184','AS','1'), ('2882','184','HL','1'), ('2883','184','JZ','1'), ('2884','184','ML','1'), ('2885','184','NR','1'), ('2886','184','TB','1'), ('2887','185','DA','1'), ('2888','185','DI','1'), ('2889','185','FA','1'), ('2890','185','KA','1'), ('2891','185','KO','1'), ('2892','185','LO','1'), ('2893','185','MA','1'), ('2894','185','SL','1'), ('2895','185','TA','1');
INSERT INTO `zone` VALUES ('2896','185','TH','1'), ('2897','185','ZI','1'), ('2898','186','AP','1'), ('2899','186','AB','1'), ('2900','186','AE','1'), ('2901','186','AL','1'), ('2902','186','AR','1'), ('2903','186','BL','1'), ('2904','186','BS','1'), ('2905','186','BV','1'), ('2906','186','BA','1'), ('2907','186','BO','1'), ('2908','186','CA','1'), ('2909','186','GL','1'), ('2910','186','GM','1'), ('2911','186','GP','1'), ('2912','186','DG','1'), ('2913','186','RA','1'), ('2914','186','MB','1'), ('2915','186','MF','1'), ('2916','186','PL','1'), ('2917','186','PR','1'), ('2918','186','PG','1'), ('2919','186','SL','1'), ('2920','186','TA','1'), ('2921','187','E','1'), ('2922','187','N','1'), ('2923','187','S','1'), ('2924','187','W','1'), ('2925','189','BA','1'), ('2926','189','BR','1'), ('2927','189','KO','1'), ('2928','189','NI','1'), ('2929','189','PR','1'), ('2930','189','TC','1'), ('2931','189','TV','1'), ('2932','189','ZI','1'), ('2933','191','CE','1'), ('2934','191','CH','1'), ('2935','191','GC','1'), ('2936','191','HO','1'), ('2937','191','IS','1'), ('2938','191','MK','1'), ('2939','191','ML','1'), ('2940','191','RB','1'), ('2941','191','TM','1'), ('2942','191','WE','1'), ('2943','192','AW','1'), ('2944','192','BK','1'), ('2945','192','BN','1'), ('2946','192','BR','1'), ('2947','192','BY','1'), ('2948','192','GA','1'), ('2949','192','GE','1'), ('2950','192','HI','1'), ('2951','192','JD','1'), ('2952','192','JH','1'), ('2953','192','MU','1'), ('2954','192','NU','1'), ('2955','192','SA','1'), ('2956','192','SD','1'), ('2957','192','SH','1'), ('2958','192','SL','1'), ('2959','192','TO','1'), ('2960','192','WG','1'), ('2961','193','EC','1'), ('2962','193','FS','1'), ('2963','193','GT','1'), ('2964','193','KN','1'), ('2965','193','LP','1'), ('2966','193','MP','1'), ('2967','193','NW','1'), ('2968','193','NC','1'), ('2969','193','WC','1'), ('2970','195','CA','1'), ('2971','195','AL','1'), ('2972','195','AB','1'), ('2973','195','AC','1'), ('2974','195','AM','1'), ('2975','195','AS','1'), ('2976','195','AV','1'), ('2977','195','BJ','1'), ('2978','195','IB','1'), ('2979','195','BA','1'), ('2980','195','BU','1'), ('2981','195','CC','1'), ('2982','195','CZ','1'), ('2983','195','CT','1'), ('2984','195','CL','1'), ('2985','195','CE','1'), ('2986','195','CR','1'), ('2987','195','CD','1'), ('2988','195','CU','1'), ('2989','195','GI','1'), ('2990','195','GD','1'), ('2991','195','GJ','1'), ('2992','195','GP','1'), ('2993','195','HL','1'), ('2994','195','HS','1'), ('2995','195','JN','1');
INSERT INTO `zone` VALUES ('2996','195','RJ','1'), ('2997','195','PM','1'), ('2998','195','LE','1'), ('2999','195','LL','1'), ('3000','195','LG','1'), ('3001','195','MD','1'), ('3002','195','MA','1'), ('3003','195','ML','1'), ('3004','195','MU','1'), ('3005','195','NV','1'), ('3006','195','OU','1'), ('3007','195','PL','1'), ('3008','195','PO','1'), ('3009','195','SL','1'), ('3010','195','SC','1'), ('3011','195','SG','1'), ('3012','195','SV','1'), ('3013','195','SO','1'), ('3014','195','TA','1'), ('3015','195','TE','1'), ('3016','195','TO','1'), ('3017','195','VC','1'), ('3018','195','VD','1'), ('3019','195','VZ','1'), ('3020','195','ZM','1'), ('3021','195','ZR','1'), ('3022','196','CE','1'), ('3023','196','EA','1'), ('3024','196','NC','1'), ('3025','196','NO','1'), ('3026','196','NW','1'), ('3027','196','SA','1'), ('3028','196','SO','1'), ('3029','196','UV','1'), ('3030','196','WE','1'), ('3032','197','S','1'), ('3034','199','ANL','1'), ('3035','199','BAM','1'), ('3036','199','BRT','1'), ('3037','199','JZR','1'), ('3038','199','KRT','1'), ('3039','199','QDR','1'), ('3040','199','WDH','1'), ('3041','199','ANB','1'), ('3042','199','ANZ','1'), ('3043','199','ASH','1'), ('3044','199','BJA','1'), ('3045','199','GIS','1'), ('3046','199','GBG','1'), ('3047','199','GDA','1'), ('3048','199','GKU','1'), ('3049','199','JDA','1'), ('3050','199','JKU','1'), ('3051','199','JQL','1'), ('3052','199','KSL','1'), ('3053','199','NNL','1'), ('3054','199','SBG','1'), ('3055','199','SDA','1'), ('3056','199','SKU','1'), ('3057','199','SIS','1'), ('3058','199','SNR','1'), ('3059','199','WRB','1'), ('3060','200','BR','1'), ('3061','200','CM','1'), ('3062','200','CR','1'), ('3063','200','MA','1'), ('3064','200','NI','1'), ('3065','200','PA','1'), ('3066','200','PM','1'), ('3067','200','SA','1'), ('3068','200','SI','1'), ('3069','200','WA','1'), ('3070','202','H','1'), ('3071','202','L','1'), ('3072','202','M','1'), ('3073','202','S','1'), ('3074','203','K','1'), ('3075','203','W','1'), ('3076','203','X','1'), ('3077','203','I','1'), ('3078','203','N','1'), ('3079','203','Z','1'), ('3080','203','F','1'), ('3081','203','H','1'), ('3082','203','G','1'), ('3083','203','BD','1'), ('3084','203','T','1'), ('3085','203','E','1'), ('3086','203','M','1'), ('3087','203','D','1'), ('3088','203','AB','1'), ('3089','203','C','1'), ('3090','203','S','1'), ('3091','203','AC','1'), ('3092','203','Y','1'), ('3093','203','U','1'), ('3094','203','O','1'), ('3095','204','AG','1'), ('3096','204','AR','1'), ('3097','204','AI','1');
INSERT INTO `zone` VALUES ('3098','204','BS','1'), ('3099','204','BL','1'), ('3100','204','BE','1'), ('3101','204','FR','1'), ('3102','204','GE','1'), ('3103','204','GL','1'), ('3104','204','GR','1'), ('3105','204','JU','1'), ('3106','204','LU','1'), ('3107','204','NE','1'), ('3108','204','NW','1'), ('3109','204','OW','1'), ('3110','204','SG','1'), ('3111','204','SH','1'), ('3112','204','SZ','1'), ('3113','204','SO','1'), ('3114','204','TG','1'), ('3115','204','TI','1'), ('3116','204','UR','1'), ('3117','204','VS','1'), ('3118','204','VD','1'), ('3119','204','ZG','1'), ('3120','204','ZH','1'), ('3121','205','HA','1'), ('3122','205','LA','1'), ('3123','205','QU','1'), ('3124','205','RQ','1'), ('3125','205','SU','1'), ('3126','205','DA','1'), ('3127','205','DZ','1'), ('3128','205','DI','1'), ('3129','205','HL','1'), ('3130','205','HM','1'), ('3131','205','HI','1'), ('3132','205','ID','1'), ('3133','205','RD','1'), ('3134','205','TA','1'), ('3135','206','CH','1'), ('3136','206','CI','1'), ('3137','206','HS','1'), ('3138','206','HL','1'), ('3139','206','IL','1'), ('3140','206','KH','1'), ('3141','206','KM','1'), ('3142','206','LC','1'), ('3143','206','ML','1'), ('3144','206','NT','1'), ('3145','206','PH','1'), ('3146','206','PT','1'), ('3147','206','TG','1'), ('3148','206','TA','1'), ('3149','206','TP','1'), ('3150','206','TT','1'), ('3151','206','TY','1'), ('3152','206','YL','1'), ('3153','206','CC','1'), ('3154','206','CL','1'), ('3155','206','HC','1'), ('3156','206','TH','1'), ('3157','206','TN','1'), ('3158','206','KC','1'), ('3159','206','TC','1'), ('3160','207','GB','1'), ('3161','207','KT','1'), ('3162','207','SU','1'), ('3163','208','AR','1'), ('3164','208','DS','1'), ('3165','208','DO','1'), ('3166','208','IR','1'), ('3167','208','KA','1'), ('3168','208','KI','1'), ('3169','208','KJ','1'), ('3170','208','LN','1'), ('3171','208','MY','1'), ('3172','208','MR','1'), ('3173','208','MB','1'), ('3174','208','MO','1'), ('3175','208','MT','1'), ('3176','208','MW','1'), ('3177','208','PN','1'), ('3178','208','PS','1'), ('3179','208','PW','1'), ('3180','208','RK','1'), ('3181','208','RV','1'), ('3182','208','SH','1'), ('3183','208','SI','1'), ('3184','208','TB','1'), ('3185','208','TN','1'), ('3186','208','ZC','1'), ('3187','208','ZN','1'), ('3188','208','ZU','1'), ('3189','209','Amnat Charoen','1'), ('3190','209','Ang Thong','1'), ('3191','209','Ayutthaya','1'), ('3192','209','Bangkok','1'), ('3193','209','Buriram','1'), ('3194','209','Chachoengsao','1'), ('3195','209','Chai Nat','1'), ('3196','209','Chaiyaphum','1'), ('3197','209','Chanthaburi','1');
INSERT INTO `zone` VALUES ('3198','209','Chiang Mai','1'), ('3199','209','Chiang Rai','1'), ('3200','209','Chon Buri','1'), ('3201','209','Chumphon','1'), ('3202','209','Kalasin','1'), ('3203','209','Kamphaeng Phet','1'), ('3204','209','Kanchanaburi','1'), ('3205','209','Khon Kaen','1'), ('3206','209','Krabi','1'), ('3207','209','Lampang','1'), ('3208','209','Lamphun','1'), ('3209','209','Loei','1'), ('3210','209','Lop Buri','1'), ('3211','209','Mae Hong Son','1'), ('3212','209','Maha Sarakham','1'), ('3213','209','Mukdahan','1'), ('3214','209','Nakhon Nayok','1'), ('3215','209','Nakhon Pathom','1'), ('3216','209','Nakhon Phanom','1'), ('3217','209','Nakhon Ratchasima','1'), ('3218','209','Nakhon Sawan','1'), ('3219','209','Nakhon Si Thammarat','1'), ('3220','209','Nan','1'), ('3221','209','Narathiwat','1'), ('3222','209','Nong Bua Lamphu','1'), ('3223','209','Nong Khai','1'), ('3224','209','Nonthaburi','1'), ('3225','209','Pathum Thani','1'), ('3226','209','Pattani','1'), ('3227','209','Phangnga','1'), ('3228','209','Phatthalung','1'), ('3229','209','Phayao','1'), ('3230','209','Phetchabun','1'), ('3231','209','Phetchaburi','1'), ('3232','209','Phichit','1'), ('3233','209','Phitsanulok','1'), ('3234','209','Phrae','1'), ('3235','209','Phuket','1'), ('3236','209','Prachin Buri','1'), ('3237','209','Prachuap Khiri Khan','1'), ('3238','209','Ranong','1'), ('3239','209','Ratchaburi','1'), ('3240','209','Rayong','1'), ('3241','209','Roi Et','1'), ('3242','209','Sa Kaeo','1'), ('3243','209','Sakon Nakhon','1'), ('3244','209','Samut Prakan','1'), ('3245','209','Samut Sakhon','1'), ('3246','209','Samut Songkhram','1'), ('3247','209','Sara Buri','1'), ('3248','209','Satun','1'), ('3249','209','Sing Buri','1'), ('3250','209','Sisaket','1'), ('3251','209','Songkhla','1'), ('3252','209','Sukhothai','1'), ('3253','209','Suphan Buri','1'), ('3254','209','Surat Thani','1'), ('3255','209','Surin','1'), ('3256','209','Tak','1'), ('3257','209','Trang','1'), ('3258','209','Trat','1'), ('3259','209','Ubon Ratchathani','1'), ('3260','209','Udon Thani','1'), ('3261','209','Uthai Thani','1'), ('3262','209','Uttaradit','1'), ('3263','209','Yala','1'), ('3264','209','Yasothon','1'), ('3265','210','K','1'), ('3266','210','P','1'), ('3267','210','S','1'), ('3268','210','C','1'), ('3269','210','M','1'), ('3270','211','A','1'), ('3271','211','F','1'), ('3272','211','N','1'), ('3273','212','H','1'), ('3274','212','T','1'), ('3275','212','V','1'), ('3276','213','CT','1'), ('3277','213','DM','1'), ('3278','213','MR','1'), ('3279','213','PD','1'), ('3280','213','PT','1'), ('3281','213','SG','1'), ('3282','213','SL','1'), ('3283','213','SI','1'), ('3284','213','TP','1'), ('3285','213','PS','1'), ('3286','213','SF','1'), ('3287','213','AR','1'), ('3288','213','PF','1'), ('3289','213','CH','1'), ('3290','213','TO','1'), ('3291','214','AR','1'), ('3292','214','BJ','1'), ('3293','214','BA','1'), ('3294','214','BI','1'), ('3295','214','GB','1'), ('3296','214','GF','1'), ('3297','214','JE','1');
INSERT INTO `zone` VALUES ('3298','214','KR','1'), ('3299','214','KS','1'), ('3300','214','KB','1'), ('3301','214','KF','1'), ('3302','214','MH','1'), ('3303','214','MN','1'), ('3304','214','ME','1'), ('3305','214','MO','1'), ('3306','214','NA','1'), ('3307','214','SF','1'), ('3308','214','SD','1'), ('3309','214','SL','1'), ('3310','214','SO','1'), ('3311','214','TA','1'), ('3312','214','TO','1'), ('3313','214','TU','1'), ('3314','214','ZA','1'), ('3315','215','ADA','1'), ('3316','215','ADI','1'), ('3317','215','AFY','1'), ('3318','215','AGR','1'), ('3319','215','AKS','1'), ('3320','215','AMA','1'), ('3321','215','ANK','1'), ('3322','215','ANT','1'), ('3323','215','ARD','1'), ('3324','215','ART','1'), ('3325','215','AYI','1'), ('3326','215','BAL','1'), ('3327','215','BAR','1'), ('3328','215','BAT','1'), ('3329','215','BAY','1'), ('3330','215','BIL','1'), ('3331','215','BIN','1'), ('3332','215','BIT','1'), ('3333','215','BOL','1'), ('3334','215','BRD','1'), ('3335','215','BRS','1'), ('3336','215','CKL','1'), ('3337','215','CKR','1'), ('3338','215','COR','1'), ('3339','215','DEN','1'), ('3340','215','DIY','1'), ('3341','215','DUZ','1'), ('3342','215','EDI','1'), ('3343','215','ELA','1'), ('3344','215','EZC','1'), ('3345','215','EZR','1'), ('3346','215','ESK','1'), ('3347','215','GAZ','1'), ('3348','215','GIR','1'), ('3349','215','GMS','1'), ('3350','215','HKR','1'), ('3351','215','HTY','1'), ('3352','215','IGD','1'), ('3353','215','ISP','1'), ('3354','215','IST','1'), ('3355','215','IZM','1'), ('3356','215','KAH','1'), ('3357','215','KRB','1'), ('3358','215','KRM','1'), ('3359','215','KRS','1'), ('3360','215','KAS','1'), ('3361','215','KAY','1'), ('3362','215','KLS','1'), ('3363','215','KRK','1'), ('3364','215','KLR','1'), ('3365','215','KRH','1'), ('3366','215','KOC','1'), ('3367','215','KON','1'), ('3368','215','KUT','1'), ('3369','215','MAL','1'), ('3370','215','MAN','1'), ('3371','215','MAR','1'), ('3372','215','MER','1'), ('3373','215','MUG','1'), ('3374','215','MUS','1'), ('3375','215','NEV','1'), ('3376','215','NIG','1'), ('3377','215','ORD','1'), ('3378','215','OSM','1'), ('3379','215','RIZ','1'), ('3380','215','SAK','1'), ('3381','215','SAM','1'), ('3382','215','SAN','1'), ('3383','215','SII','1'), ('3384','215','SIN','1'), ('3385','215','SIR','1'), ('3386','215','SIV','1'), ('3387','215','TEL','1'), ('3388','215','TOK','1'), ('3389','215','TRA','1'), ('3390','215','TUN','1'), ('3391','215','USK','1'), ('3392','215','VAN','1'), ('3393','215','YAL','1'), ('3394','215','YOZ','1'), ('3395','215','ZON','1'), ('3396','216','A','1'), ('3397','216','B','1');
INSERT INTO `zone` VALUES ('3398','216','D','1'), ('3399','216','L','1'), ('3400','216','M','1'), ('3401','217','AC','1'), ('3402','217','DC','1'), ('3403','217','FC','1'), ('3404','217','LW','1'), ('3405','217','RC','1'), ('3406','217','PN','1'), ('3407','217','SL','1'), ('3408','217','GT','1'), ('3409','217','SC','1'), ('3410','217','EC','1'), ('3411','217','MC','1'), ('3412','217','NC','1'), ('3413','217','PR','1'), ('3414','217','WC','1'), ('3415','218','NMG','1'), ('3416','218','NLK','1'), ('3417','218','NTO','1'), ('3418','218','FUN','1'), ('3419','218','NME','1'), ('3420','218','NUI','1'), ('3421','218','NFT','1'), ('3422','218','NLL','1'), ('3423','218','VAI','1'), ('3424','219','KAL','1'), ('3425','219','KMP','1'), ('3426','219','KAY','1'), ('3427','219','KIB','1'), ('3428','219','LUW','1'), ('3429','219','MAS','1'), ('3430','219','MPI','1'), ('3431','219','MUB','1'), ('3432','219','MUK','1'), ('3433','219','NKS','1'), ('3434','219','RAK','1'), ('3435','219','SEM','1'), ('3436','219','WAK','1'), ('3437','219','BUG','1'), ('3438','219','BUS','1'), ('3439','219','IGA','1'), ('3440','219','JIN','1'), ('3441','219','KAB','1'), ('3442','219','KML','1'), ('3443','219','KPC','1'), ('3444','219','KTK','1'), ('3445','219','KUM','1'), ('3446','219','MAY','1'), ('3447','219','MBA','1'), ('3448','219','PAL','1'), ('3449','219','SIR','1'), ('3450','219','SOR','1'), ('3451','219','TOR','1'), ('3452','219','ADJ','1'), ('3453','219','APC','1'), ('3454','219','ARU','1'), ('3455','219','GUL','1'), ('3456','219','KIT','1'), ('3457','219','KOT','1'), ('3458','219','LIR','1'), ('3459','219','MRT','1'), ('3460','219','MOY','1'), ('3461','219','NAK','1'), ('3462','219','NEB','1'), ('3463','219','PAD','1'), ('3464','219','YUM','1'), ('3465','219','BUN','1'), ('3466','219','BSH','1'), ('3467','219','HOI','1'), ('3468','219','KBL','1'), ('3469','219','KAR','1'), ('3470','219','KAM','1'), ('3471','219','KAN','1'), ('3472','219','KAS','1'), ('3473','219','KBA','1'), ('3474','219','KIS','1'), ('3475','219','KYE','1'), ('3476','219','MSN','1'), ('3477','219','MBR','1'), ('3478','219','NTU','1'), ('3479','219','RUK','1'), ('3480','220','71','1'), ('3481','220','74','1'), ('3482','220','77','1'), ('3483','220','43','1'), ('3484','220','12','1'), ('3485','220','14','1'), ('3486','220','26','1'), ('3487','220','65','1'), ('3488','220','68','1'), ('3489','220','35','1'), ('3490','220','30','1'), ('3491','220','32','1'), ('3492','220','09','1'), ('3493','220','46','1'), ('3494','220','48','1'), ('3495','220','51','1'), ('3496','220','53','1'), ('3497','220','56','1');
INSERT INTO `zone` VALUES ('3498','220','40','1'), ('3499','220','59','1'), ('3500','220','61','1'), ('3501','220','05','1'), ('3502','220','07','1'), ('3503','220','21','1'), ('3504','220','23','1'), ('3505','220','18','1'), ('3506','221','ADH','1'), ('3507','221','AJ','1'), ('3508','221','FU','1'), ('3509','221','SH','1'), ('3510','221','DU','1'), ('3511','221','RK','1'), ('3512','221','UQ','1'), ('3513','222','ABN','1'), ('3514','222','ABNS','1'), ('3515','222','ANG','1'), ('3516','222','AGS','1'), ('3517','222','ARY','1'), ('3518','222','BEDS','1'), ('3519','222','BERKS','1'), ('3520','222','BLA','1'), ('3521','222','BRI','1'), ('3522','222','BSTL','1'), ('3523','222','BUCKS','1'), ('3524','222','CAE','1'), ('3525','222','CAMBS','1'), ('3526','222','CDF','1'), ('3527','222','CARM','1'), ('3528','222','CDGN','1'), ('3529','222','CHES','1'), ('3530','222','CLACK','1'), ('3531','222','CON','1'), ('3532','222','CORN','1'), ('3533','222','DNBG','1'), ('3534','222','DERBY','1'), ('3535','222','DVN','1'), ('3536','222','DOR','1'), ('3537','222','DGL','1'), ('3538','222','DUND','1'), ('3539','222','DHM','1'), ('3540','222','ARYE','1'), ('3541','222','DUNBE','1'), ('3542','222','LOTE','1'), ('3543','222','RENE','1'), ('3544','222','ERYS','1'), ('3545','222','SXE','1'), ('3546','222','EDIN','1'), ('3547','222','ESX','1'), ('3548','222','FALK','1'), ('3549','222','FFE','1'), ('3550','222','FLINT','1'), ('3551','222','GLAS','1'), ('3552','222','GLOS','1'), ('3553','222','LDN','1'), ('3554','222','MCH','1'), ('3555','222','GDD','1'), ('3556','222','HANTS','1'), ('3557','222','HWR','1'), ('3558','222','HERTS','1'), ('3559','222','HLD','1'), ('3560','222','IVER','1'), ('3561','222','IOW','1'), ('3562','222','KNT','1'), ('3563','222','LANCS','1'), ('3564','222','LEICS','1'), ('3565','222','LINCS','1'), ('3566','222','MSY','1'), ('3567','222','MERT','1'), ('3568','222','MLOT','1'), ('3569','222','MMOUTH','1'), ('3570','222','MORAY','1'), ('3571','222','NPRTAL','1'), ('3572','222','NEWPT','1'), ('3573','222','NOR','1'), ('3574','222','ARYN','1'), ('3575','222','LANN','1'), ('3576','222','YSN','1'), ('3577','222','NHM','1'), ('3578','222','NLD','1'), ('3579','222','NOT','1'), ('3580','222','ORK','1'), ('3581','222','OFE','1'), ('3582','222','PEM','1'), ('3583','222','PERTH','1'), ('3584','222','PWS','1'), ('3585','222','REN','1'), ('3586','222','RHON','1'), ('3587','222','RUT','1'), ('3588','222','BOR','1'), ('3589','222','SHET','1'), ('3590','222','SPE','1'), ('3591','222','SOM','1'), ('3592','222','ARYS','1'), ('3593','222','LANS','1'), ('3594','222','YSS','1'), ('3595','222','SFD','1'), ('3596','222','STIR','1'), ('3597','222','SFK','1');
INSERT INTO `zone` VALUES ('3598','222','SRY','1'), ('3599','222','SWAN','1'), ('3600','222','TORF','1'), ('3601','222','TWR','1'), ('3602','222','VGLAM','1'), ('3603','222','WARKS','1'), ('3604','222','WDUN','1'), ('3605','222','WLOT','1'), ('3606','222','WMD','1'), ('3607','222','SXW','1'), ('3608','222','YSW','1'), ('3609','222','WIL','1'), ('3610','222','WLT','1'), ('3611','222','WORCS','1'), ('3612','222','WRX','1'), ('3613','223','AL','1'), ('3614','223','AK','1'), ('3615','223','AS','1'), ('3616','223','AZ','1'), ('3617','223','AR','1'), ('3618','223','AF','1'), ('3619','223','AA','1'), ('3620','223','AC','1'), ('3621','223','AE','1'), ('3622','223','AM','1'), ('3623','223','AP','1'), ('3624','223','CA','1'), ('3625','223','CO','1'), ('3626','223','CT','1'), ('3627','223','DE','1'), ('3628','223','DC','1'), ('3629','223','FM','1'), ('3630','223','FL','1'), ('3631','223','GA','1'), ('3632','223','GU','1'), ('3633','223','HI','1'), ('3634','223','ID','1'), ('3635','223','IL','1'), ('3636','223','IN','1'), ('3637','223','IA','1'), ('3638','223','KS','1'), ('3639','223','KY','1'), ('3640','223','LA','1'), ('3641','223','ME','1'), ('3642','223','MH','1'), ('3643','223','MD','1'), ('3644','223','MA','1'), ('3645','223','MI','1'), ('3646','223','MN','1'), ('3647','223','MS','1'), ('3648','223','MO','1'), ('3649','223','MT','1'), ('3650','223','NE','1'), ('3651','223','NV','1'), ('3652','223','NH','1'), ('3653','223','NJ','1'), ('3654','223','NM','1'), ('3655','223','NY','1'), ('3656','223','NC','1'), ('3657','223','ND','1'), ('3658','223','MP','1'), ('3659','223','OH','1'), ('3660','223','OK','1'), ('3661','223','OR','1'), ('3662','223','PW','1'), ('3663','223','PA','1'), ('3664','223','PR','1'), ('3665','223','RI','1'), ('3666','223','SC','1'), ('3667','223','SD','1'), ('3668','223','TN','1'), ('3669','223','TX','1'), ('3670','223','UT','1'), ('3671','223','VT','1'), ('3672','223','VI','1'), ('3673','223','VA','1'), ('3674','223','WA','1'), ('3675','223','WV','1'), ('3676','223','WI','1'), ('3677','223','WY','1'), ('3678','224','BI','1'), ('3679','224','HI','1'), ('3680','224','JI','1'), ('3681','224','JA','1'), ('3682','224','KR','1'), ('3683','224','MA','1'), ('3684','224','NI','1'), ('3685','224','PA','1'), ('3686','224','WI','1'), ('3687','225','AR','1'), ('3688','225','CA','1'), ('3689','225','CL','1'), ('3690','225','CO','1'), ('3691','225','DU','1'), ('3692','225','FS','1'), ('3693','225','FA','1'), ('3694','225','LA','1'), ('3695','225','MA','1'), ('3696','225','MO','1'), ('3697','225','PA','1');
INSERT INTO `zone` VALUES ('3698','225','RN','1'), ('3699','225','RV','1'), ('3700','225','RO','1'), ('3701','225','SL','1'), ('3702','225','SJ','1'), ('3703','225','SO','1'), ('3704','225','TA','1'), ('3705','225','TT','1'), ('3706','226','AN','1'), ('3707','226','BU','1'), ('3708','226','FA','1'), ('3709','226','JI','1'), ('3710','226','NG','1'), ('3711','226','NW','1'), ('3712','226','QA','1'), ('3713','226','QR','1'), ('3714','226','SA','1'), ('3715','226','SI','1'), ('3716','226','SU','1'), ('3717','226','TK','1'), ('3718','226','TO','1'), ('3719','226','XO','1'), ('3720','227','MA','1'), ('3721','227','PE','1'), ('3722','227','SA','1'), ('3723','227','SH','1'), ('3724','227','TA','1'), ('3725','227','TO','1'), ('3726','229','AM','1'), ('3727','229','AN','1'), ('3728','229','AP','1'), ('3729','229','AR','1'), ('3730','229','BA','1'), ('3731','229','BO','1'), ('3732','229','CA','1'), ('3733','229','CO','1'), ('3734','229','DA','1'), ('3735','229','DF','1'), ('3736','229','DI','1'), ('3737','229','FA','1'), ('3738','229','GU','1'), ('3739','229','LA','1'), ('3740','229','ME','1'), ('3741','229','MI','1'), ('3742','229','MO','1'), ('3743','229','NE','1'), ('3744','229','PO','1'), ('3745','229','SU','1'), ('3746','229','TA','1'), ('3747','229','TR','1'), ('3748','229','VA','1'), ('3749','229','YA','1'), ('3750','229','ZU','1'), ('3751','230','AG','1'), ('3752','230','BG','1'), ('3753','230','BK','1'), ('3754','230','BL','1'), ('3755','230','BC','1'), ('3756','230','BR','1'), ('3757','230','BN','1'), ('3758','230','BH','1'), ('3759','230','BU','1'), ('3760','230','BP','1'), ('3761','230','BT','1'), ('3762','230','CM','1'), ('3763','230','CT','1'), ('3764','230','CB','1'), ('3765','230','DL','1'), ('3766','230','DG','1'), ('3767','230','DN','1'), ('3768','230','DB','1'), ('3769','230','DI','1'), ('3770','230','DT','1'), ('3771','230','GL','1'), ('3772','230','HG','1'), ('3773','230','HD','1'), ('3774','230','HP','1'), ('3775','230','HM','1'), ('3776','230','HI','1'), ('3777','230','HT','1'), ('3778','230','HH','1'), ('3779','230','HB','1'), ('3780','230','HC','1'), ('3781','230','HU','1'), ('3782','230','HY','1'), ('3783','232','C','1'), ('3784','232','J','1'), ('3785','232','T','1'), ('3786','233','A','1'), ('3787','233','S','1'), ('3788','233','W','1'), ('3789','235','AB','1'), ('3790','235','AD','1'), ('3791','235','AM','1'), ('3792','235','BA','1'), ('3793','235','DA','1'), ('3794','235','DH','1'), ('3795','235','HD','1'), ('3796','235','HJ','1'), ('3797','235','HU','1');
INSERT INTO `zone` VALUES ('3798','235','IB','1'), ('3799','235','JA','1'), ('3800','235','LA','1'), ('3801','235','MA','1'), ('3802','235','MR','1'), ('3803','235','MW','1'), ('3804','235','SD','1'), ('3805','235','SN','1'), ('3806','235','SH','1'), ('3807','235','TA','1'), ('3812','237','BC','1'), ('3813','237','BN','1'), ('3814','237','EQ','1'), ('3815','237','KA','1'), ('3816','237','KE','1'), ('3817','237','KN','1'), ('3818','237','KW','1'), ('3819','237','MA','1'), ('3820','237','NK','1'), ('3821','237','OR','1'), ('3822','237','SK','1'), ('3823','238','CE','1'), ('3824','238','CB','1'), ('3825','238','EA','1'), ('3826','238','LP','1'), ('3827','238','LK','1'), ('3828','238','NO','1'), ('3829','238','NW','1'), ('3830','238','SO','1'), ('3831','238','WE','1'), ('3832','239','BU','1'), ('3833','239','HA','1'), ('3834','239','ML','1'), ('3835','239','MC','1'), ('3836','239','ME','1'), ('3837','239','MW','1'), ('3838','239','MV','1'), ('3839','239','MN','1'), ('3840','239','MS','1'), ('3841','239','MD','1'), ('3861','105','CB','1'), ('3862','105','CI','1'), ('3863','105','CE','1'), ('3864','105','CT','1'), ('3865','105','CZ','1'), ('3866','105','CH','1'), ('3867','105','CO','1'), ('3868','105','CS','1'), ('3869','105','CR','1'), ('3870','105','KR','1'), ('3871','105','CN','1'), ('3872','105','EN','1'), ('3873','105','FE','1'), ('3874','105','FI','1'), ('3875','105','FG','1'), ('3876','105','FC','1'), ('3877','105','FR','1'), ('3878','105','GE','1'), ('3879','105','GO','1'), ('3880','105','GR','1'), ('3881','105','IM','1'), ('3882','105','IS','1'), ('3883','105','AQ','1'), ('3884','105','SP','1'), ('3885','105','LT','1'), ('3886','105','LE','1'), ('3887','105','LC','1'), ('3888','105','LI','1'), ('3889','105','LO','1'), ('3890','105','LU','1'), ('3891','105','MC','1'), ('3892','105','MN','1'), ('3893','105','MS','1'), ('3894','105','MT','1'), ('3895','105','VS','1'), ('3896','105','ME','1'), ('3897','105','MI','1'), ('3898','105','MO','1'), ('3899','105','NA','1'), ('3900','105','NO','1'), ('3901','105','NU','1'), ('3902','105','OG','1'), ('3903','105','OT','1'), ('3904','105','OR','1'), ('3905','105','PD','1'), ('3906','105','PA','1'), ('3907','105','PR','1'), ('3908','105','PV','1'), ('3909','105','PG','1'), ('3910','105','PU','1'), ('3911','105','PE','1'), ('3912','105','PC','1'), ('3913','105','PI','1'), ('3914','105','PT','1'), ('3915','105','PN','1'), ('3916','105','PZ','1'), ('3917','105','PO','1'), ('3918','105','RG','1'), ('3919','105','RA','1'), ('3920','105','RC','1');
INSERT INTO `zone` VALUES ('3921','105','RE','1'), ('3922','105','RI','1'), ('3923','105','RN','1'), ('3924','105','RM','1'), ('3925','105','RO','1'), ('3926','105','SA','1'), ('3927','105','SS','1'), ('3928','105','SV','1'), ('3929','105','SI','1'), ('3930','105','SR','1'), ('3931','105','SO','1'), ('3932','105','TA','1'), ('3933','105','TE','1'), ('3934','105','TR','1'), ('3935','105','TO','1'), ('3936','105','TP','1'), ('3937','105','TN','1'), ('3938','105','TV','1'), ('3939','105','TS','1'), ('3940','105','UD','1'), ('3941','105','VA','1'), ('3942','105','VE','1'), ('3943','105','VB','1'), ('3944','105','VC','1'), ('3945','105','VR','1'), ('3946','105','VV','1'), ('3947','105','VI','1'), ('3948','105','VT','1'), ('3949','222','ANT','1'), ('3950','222','ARM','1'), ('3951','222','DOW','1'), ('3952','222','FER','1'), ('3953','222','LDY','1'), ('3954','222','TYR','1'), ('3955','222','CMA','1'), ('3956','190','1','1'), ('3957','190','2','1'), ('3958','190','3','1'), ('3959','190','4','1'), ('3960','190','5','1'), ('3961','190','6','1'), ('3962','190','7','1'), ('3963','190','8','1'), ('3964','190','9','1'), ('3965','190','10','1'), ('3966','190','11','1'), ('3967','190','12','1'), ('3968','33','','1'), ('3969','101','ALB','1'), ('3970','21','BRU','1'), ('3971','138','AG','1'), ('3973','242','01','1'), ('3974','242','02','1'), ('3975','242','03','1'), ('3976','242','04','1'), ('3977','242','05','1'), ('3978','242','06','1'), ('3979','242','07','1'), ('3980','242','08','1'), ('3981','242','09','1'), ('3982','242','10','1'), ('3983','242','11','1'), ('3984','242','12','1'), ('3985','242','13','1'), ('3986','242','14','1'), ('3987','242','15','1'), ('3988','242','16','1'), ('3989','242','17','1'), ('3990','242','18','1'), ('3991','242','19','1'), ('3992','242','20','1'), ('3993','242','21','1'), ('3994','243','00','1'), ('3995','243','01','1'), ('3996','243','02','1'), ('3997','243','03','1'), ('3998','243','04','1'), ('3999','243','05','1'), ('4000','243','06','1'), ('4001','243','07','1'), ('4002','243','08','1'), ('4003','243','09','1'), ('4004','243','10','1'), ('4005','243','11','1'), ('4006','243','12','1'), ('4007','243','13','1'), ('4008','243','14','1'), ('4009','243','15','1'), ('4010','243','16','1'), ('4011','243','17','1'), ('4012','243','18','1'), ('4013','243','19','1'), ('4014','243','20','1'), ('4015','243','21','1'), ('4016','243','22','1'), ('4017','243','23','1'), ('4018','243','24','1'), ('4020','245','BO','1'), ('4021','245','SA','1'), ('4022','245','SE','1');
INSERT INTO `zone` VALUES ('4023','248','EC','1'), ('4024','248','EE','1'), ('4025','248','JG','1'), ('4026','248','LK','1'), ('4027','248','BN','1'), ('4028','248','UY','1'), ('4029','248','NU','1'), ('4030','248','WR','1'), ('4031','248','BW','1'), ('4032','248','EW','1'), ('4036','117','0661405','1'), ('4037','117','0320201','1'), ('4038','117','0320200','1'), ('4039','117','0640605','1'), ('4040','117','0640600','1'), ('4041','117','0560805','1'), ('4042','117','0560800','1'), ('4043','117','0661007','1'), ('4044','117','0661000','1'), ('4045','117','0624200','1'), ('4046','117','0360201','1'), ('4047','117','0360200','1'), ('4048','117','0424701','1'), ('4049','117','0360805','1'), ('4050','117','0360800','1'), ('4051','117','0460805','1'), ('4052','117','0460800','1'), ('4053','117','0804400','1'), ('4054','117','0804900','1'), ('4055','117','0800605','1'), ('4056','117','0800600','1'), ('4057','117','0800807','1'), ('4058','117','0384400','1'), ('4059','117','0380201','1'), ('4060','117','0380200','1'), ('4061','117','0400201','1'), ('4062','117','0400200','1'), ('4063','117','0964700','1'), ('4064','117','0840605','1'), ('4065','117','0840601','1'), ('4066','117','0967101','1'), ('4067','117','0805200','1'), ('4068','117','0700807','1'), ('4069','117','0700800','1'), ('4070','117','0420201','1'), ('4071','117','0420200','1'), ('4072','117','0684901','1'), ('4073','117','0601009','1'), ('4074','117','0601000','1'), ('4075','117','0050000','1'), ('4076','117','0440200','1'), ('4077','117','0460201','1'), ('4078','117','0460200','1'), ('4079','117','0885100','1'), ('4080','117','0640807','1'), ('4081','117','0640801','1'), ('4082','117','0905100','1'), ('4083','117','0705500','1'), ('4084','117','0806000','1'), ('4085','117','0641009','1'), ('4086','117','0641000','1'), ('4087','117','0500201','1'), ('4088','117','0500200','1'), ('4089','117','0406400','1'), ('4090','117','0740605','1'), ('4091','117','0740600','1'), ('4092','117','0440807','1'), ('4093','117','0440801','1'), ('4094','117','0801800','1'), ('4095','117','0321007','1'), ('4096','117','0321000','1'), ('4097','117','0425700','1'), ('4098','117','0905700','1'), ('4099','117','0090000','1'), ('4100','117','0540200','1'), ('4101','117','0110000','1'), ('4102','117','0560200','1'), ('4103','117','0130000','1'), ('4104','117','0540211','1'), ('4105','117','0901211','1'), ('4106','117','0901201','1'), ('4107','117','0681009','1'), ('4108','117','0681000','1'), ('4109','117','0960200','1'), ('4110','117','0326100','1'), ('4111','117','0600201','1'), ('4112','117','0600202','1'), ('4113','117','0806900','1'), ('4114','117','0566900','1'), ('4115','117','0620201','1'), ('4116','117','0620200','1'), ('4117','117','0741001','1'), ('4118','117','0741009','1'), ('4119','117','0800800','1'), ('4120','117','0741413','1'), ('4121','117','0741401','1'), ('4122','117','0170000','1'), ('4123','117','0660201','1'), ('4124','117','0660200','1'), ('4125','117','0421211','1');
INSERT INTO `zone` VALUES ('4126','117','0421200','1'), ('4127','117','0761211','1'), ('4128','117','0761201','1'), ('4129','117','0701413','1'), ('4130','117','0701400','1'), ('4131','117','0680201','1'), ('4132','117','0680200','1'), ('4133','117','0700201','1'), ('4134','117','0700200','1'), ('4135','117','0961011','1'), ('4136','117','0961000','1'), ('4137','117','0807400','1'), ('4138','117','0807600','1'), ('4139','117','0887600','1'), ('4140','117','0967300','1'), ('4141','117','0327100','1'), ('4142','117','0647900','1'), ('4143','117','0740201','1'), ('4144','117','0740202','1'), ('4145','117','0801009','1'), ('4146','117','0801000','1'), ('4147','117','0546701','1'), ('4148','117','0427500','1'), ('4149','117','0641413','1'), ('4150','117','0641401','1'), ('4151','117','0980213','1'), ('4152','117','0321413','1'), ('4153','117','0321400','1'), ('4154','117','0760201','1'), ('4155','117','0760202','1'), ('4156','117','0641615','1'), ('4157','117','0641600','1'), ('4158','117','0427300','1'), ('4159','117','0427700','1'), ('4160','117','0210000','1'), ('4161','117','0780200','1'), ('4162','117','0766300','1'), ('4163','117','0010000','1'), ('4164','117','0888300','1'), ('4165','117','0808400','1'), ('4166','117','0648500','1'), ('4167','117','0387500','1'), ('4168','117','0407700','1'), ('4169','117','0961615','1'), ('4170','117','0961600','1'), ('4171','117','0880213','1'), ('4172','117','0661415','1'), ('4173','117','0661400','1'), ('4174','117','0568700','1'), ('4175','117','0801200','1'), ('4176','117','0801211','1'), ('4177','117','0840200','1'), ('4178','117','0840201','1'), ('4179','117','0801413','1'), ('4180','117','0801400','1'), ('4181','117','0941813','1'), ('4182','117','0809200','1'), ('4183','117','0801615','1'), ('4184','117','0801601','1'), ('4185','117','0328200','1'), ('4186','117','0621209','1'), ('4187','117','0621200','1'), ('4188','117','0941615','1'), ('4189','117','0941600','1'), ('4190','117','0661017','1'), ('4191','117','0880215','1'), ('4192','117','0809600','1'), ('4193','117','0941817','1'), ('4194','117','0941800','1'), ('4195','117','0440815','1'), ('4196','117','0880201','1'), ('4197','117','0880200','1'), ('4198','117','0468900','1'), ('4199','117','0900200','1'), ('4200','117','0900201','1'), ('4201','117','0649300','1'), ('4202','117','0880217','1'), ('4203','117','0940201','1'), ('4204','117','0940200','1'), ('4205','117','0250000','1'), ('4206','117','0801817','1'), ('4207','117','0701817','1'), ('4208','117','0701800','1'), ('4209','117','0769101','1'), ('4210','117','0429300','1'), ('4211','117','0409500','1'), ('4212','117','0270000','1'), ('4213','117','0980200','1'), ('4214','117','0561815','1'), ('4215','117','0561800','1'), ('4216','117','0381615','1'), ('4217','117','0381600','1'), ('4218','117','0781817','1'), ('4219','117','0781800','1'), ('4220','117','0681817','1'), ('4221','117','0681801','1'), ('4222','43','AP','1'), ('4223','43','LR','1'), ('4224','220','63','1'), ('4225','118','LB-BR','1');
INSERT INTO `zone` VALUES ('4226','118','LB-BE','1'), ('4227','118','LB-ML','1'), ('4228','118','LB-NB','1'), ('4229','118','LB-NR','1'), ('4230','118','LB-ST','1'), ('4231','99','TS','1');
INSERT INTO `zone_description` VALUES ('1','1','Badakhshan'), ('2','1','Badghis'), ('3','1','Baghlan'), ('4','1','Balkh'), ('5','1','Bamian'), ('6','1','Farah'), ('7','1','Faryab'), ('8','1','Ghazni'), ('9','1','Ghowr'), ('10','1','Helmand'), ('11','1','Herat'), ('12','1','Jowzjan'), ('13','1','Kabul'), ('14','1','Kandahar'), ('15','1','Kapisa'), ('16','1','Khost'), ('17','1','Konar'), ('18','1','Kondoz'), ('19','1','Laghman'), ('20','1','Lowgar'), ('21','1','楠格哈尔'), ('22','1','Nimruz'), ('23','1','Nurestan'), ('24','1','Oruzgan'), ('25','1','Paktia'), ('26','1','Paktika'), ('27','1','Parwan'), ('28','1','Samangan'), ('29','1','Sar-e Pol'), ('30','1','Takhar'), ('31','1','Wardak'), ('32','1','Zabol'), ('33','1','Berat'), ('34','1','Bulqize'), ('35','1','Delvine'), ('36','1','Devoll'), ('37','1','Diber'), ('38','1','Durres'), ('39','1','Elbasan'), ('40','1','Kolonje'), ('41','1','Fier'), ('42','1','Gjirokaster'), ('43','1','Gramsh'), ('44','1','Has'), ('45','1','Kavaje'), ('46','1','Kurbin'), ('47','1','Kucove'), ('48','1','Korce'), ('49','1','Kruje'), ('50','1','Kukes'), ('51','1','Librazhd'), ('52','1','Lezhe'), ('53','1','Lushnje'), ('54','1','Malesi e Madhe'), ('55','1','Mallakaster'), ('56','1','Mat'), ('57','1','Mirdite'), ('58','1','Peqin'), ('59','1','Permet'), ('60','1','Pogradec'), ('61','1','Puke'), ('62','1','Shkoder'), ('63','1','Skrapar'), ('64','1','Sarande'), ('65','1','Tepelene'), ('66','1','Tropoje'), ('67','1','Tirane'), ('68','1','Vlore'), ('69','1','Adrar'), ('70','1','Ain Defla'), ('71','1','Ain Temouchent'), ('72','1','Alger'), ('73','1','Annaba'), ('74','1','Batna'), ('75','1','Bechar'), ('76','1','Bejaia'), ('77','1','Biskra'), ('78','1','Blida'), ('79','1','Bordj Bou Arreridj'), ('80','1','Bouira'), ('81','1','Boumerdes'), ('82','1','Chlef'), ('83','1','Constantine'), ('84','1','Djelfa'), ('85','1','El Bayadh'), ('86','1','El Oued'), ('87','1','El Tarf'), ('88','1','Ghardaia'), ('89','1','Guelma'), ('90','1','Illizi'), ('91','1','Jijel'), ('92','1','Khenchela'), ('93','1','Laghouat'), ('94','1','Muaskar'), ('95','1','Medea'), ('96','1','Mila'), ('97','1','Mostaganem'), ('98','1','M\'Sila'), ('99','1','Naama'), ('100','1','Oran');
INSERT INTO `zone_description` VALUES ('101','1','Ouargla'), ('102','1','Oum el-Bouaghi'), ('103','1','Relizane'), ('104','1','Saida'), ('105','1','Setif'), ('106','1','Sidi Bel Abbes'), ('107','1','Skikda'), ('108','1','Souk Ahras'), ('109','1','Tamanghasset'), ('110','1','Tebessa'), ('111','1','Tiaret'), ('112','1','Tindouf'), ('113','1','Tipaza'), ('114','1','Tissemsilt'), ('115','1','Tizi Ouzou'), ('116','1','Tlemcen'), ('117','1','Eastern'), ('118','1','Manu\'a'), ('119','1','Rose Island'), ('120','1','Swains Island'), ('121','1','Western'), ('122','1','Andorra la Vella'), ('123','1','Canillo'), ('124','1','Encamp'), ('125','1','Escaldes-Engordany'), ('126','1','La Massana'), ('127','1','Ordino'), ('128','1','Sant Julia de Loria'), ('129','1','Bengo'), ('130','1','Benguela'), ('131','1','Bie'), ('132','1','Cabinda'), ('133','1','Cuando-Cubango'), ('134','1','Cuanza Norte'), ('135','1','Cuanza Sul'), ('136','1','Cunene'), ('137','1','Huambo'), ('138','1','Huila'), ('139','1','Luanda'), ('140','1','Lunda Norte'), ('141','1','Lunda Sul'), ('142','1','Malange'), ('143','1','Moxico'), ('144','1','Namibe'), ('145','1','Uige'), ('146','1','Zaire'), ('147','1','Saint George'), ('148','1','Saint John'), ('149','1','Saint Mary'), ('150','1','Saint Paul'), ('151','1','Saint Peter'), ('152','1','Saint Philip'), ('153','1','Barbuda'), ('154','1','Redonda'), ('155','1','Antartida e Islas del Atlantico'), ('156','1','Buenos Aires'), ('157','1','Catamarca'), ('158','1','Chaco'), ('159','1','Chubut'), ('160','1','Cordoba'), ('161','1','Corrientes'), ('162','1','Distrito Federal'), ('163','1','Entre Rios'), ('164','1','Formosa'), ('165','1','Jujuy'), ('166','1','La Pampa'), ('167','1','La Rioja'), ('168','1','Mendoza'), ('169','1','Misiones'), ('170','1','Neuquen'), ('171','1','Rio Negro'), ('172','1','Salta'), ('173','1','San Juan'), ('174','1','San Luis'), ('175','1','Santa Cruz'), ('176','1','Santa Fe'), ('177','1','Santiago del Estero'), ('178','1','Tierra del Fuego'), ('179','1','Tucuman'), ('180','1','Aragatsotn'), ('181','1','Ararat'), ('182','1','Armavir'), ('183','1','Geghark\'unik\''), ('184','1','Kotayk\''), ('185','1','Lorri'), ('186','1','Shirak'), ('187','1','Syunik\''), ('188','1','Tavush'), ('189','1','Vayots\' Dzor'), ('190','1','Yerevan'), ('191','1','Australian Capital Territory'), ('192','1','New South Wales'), ('193','1','Northern Territory'), ('194','1','Queensland'), ('195','1','South Australia'), ('196','1','Tasmania'), ('197','1','Victoria'), ('198','1','Western Australia'), ('199','1','Burgenland'), ('200','1','Kärnten');
INSERT INTO `zone_description` VALUES ('201','1','Nieder&ouml;sterreich'), ('202','1','Ober&ouml;sterreich'), ('203','1','Salzburg'), ('204','1','Steiermark'), ('205','1','Tirol'), ('206','1','Vorarlberg'), ('207','1','Wien'), ('208','1','Ali Bayramli'), ('209','1','Abseron'), ('210','1','AgcabAdi'), ('211','1','Agdam'), ('212','1','Agdas'), ('213','1','Agstafa'), ('214','1','Agsu'), ('215','1','Astara'), ('216','1','Baki'), ('217','1','BabAk'), ('218','1','BalakAn'), ('219','1','BArdA'), ('220','1','Beylaqan'), ('221','1','Bilasuvar'), ('222','1','Cabrayil'), ('223','1','Calilabab'), ('224','1','Culfa'), ('225','1','Daskasan'), ('226','1','Davaci'), ('227','1','Fuzuli'), ('228','1','Ganca'), ('229','1','Gadabay'), ('230','1','Goranboy'), ('231','1','Goycay'), ('232','1','Haciqabul'), ('233','1','Imisli'), ('234','1','Ismayilli'), ('235','1','Kalbacar'), ('236','1','Kurdamir'), ('237','1','Lankaran'), ('238','1','Lacin'), ('239','1','Lankaran'), ('240','1','Lerik'), ('241','1','Masalli'), ('242','1','Mingacevir'), ('243','1','Naftalan'), ('244','1','Neftcala'), ('245','1','Oguz'), ('246','1','Ordubad'), ('247','1','Qabala'), ('248','1','Qax'), ('249','1','Qazax'), ('250','1','Qobustan'), ('251','1','Quba'), ('252','1','Qubadli'), ('253','1','Qusar'), ('254','1','Saki'), ('255','1','Saatli'), ('256','1','Sabirabad'), ('257','1','Sadarak'), ('258','1','Sahbuz'), ('259','1','Saki'), ('260','1','Salyan'), ('261','1','Sumqayit'), ('262','1','Samaxi'), ('263','1','Samkir'), ('264','1','Samux'), ('265','1','Sarur'), ('266','1','Siyazan'), ('267','1','Susa'), ('268','1','Susa'), ('269','1','Tartar'), ('270','1','Tovuz'), ('271','1','Ucar'), ('272','1','Xankandi'), ('273','1','Xacmaz'), ('274','1','Xanlar'), ('275','1','Xizi'), ('276','1','Xocali'), ('277','1','Xocavand'), ('278','1','Yardimli'), ('279','1','Yevlax'), ('280','1','Zangilan'), ('281','1','Zaqatala'), ('282','1','Zardab'), ('283','1','Naxcivan'), ('284','1','Acklins'), ('285','1','Berry Islands'), ('286','1','Bimini'), ('287','1','Black Point'), ('288','1','Cat Island'), ('289','1','Central Abaco'), ('290','1','Central Andros'), ('291','1','Central Eleuthera'), ('292','1','City of Freeport'), ('293','1','Crooked Island'), ('294','1','East Grand Bahama'), ('295','1','Exuma'), ('296','1','Grand Cay'), ('297','1','Harbour Island'), ('298','1','Hope Town'), ('299','1','Inagua'), ('300','1','Long Island');
INSERT INTO `zone_description` VALUES ('301','1','Mangrove Cay'), ('302','1','Mayaguana'), ('303','1','Moore\'s Island'), ('304','1','North Abaco'), ('305','1','North Andros'), ('306','1','North Eleuthera'), ('307','1','Ragged Island'), ('308','1','Rum Cay'), ('309','1','San Salvador'), ('310','1','South Abaco'), ('311','1','South Andros'), ('312','1','South Eleuthera'), ('313','1','Spanish Wells'), ('314','1','West Grand Bahama'), ('315','1','Capital'), ('316','1','Central'), ('317','1','Muharraq'), ('318','1','Northern'), ('319','1','Southern'), ('320','1','Barisal'), ('321','1','Chittagong'), ('322','1','Dhaka'), ('323','1','Khulna'), ('324','1','Rajshahi'), ('325','1','Sylhet'), ('326','1','Christ Church'), ('327','1','Saint Andrew'), ('328','1','Saint George'), ('329','1','Saint James'), ('330','1','Saint John'), ('331','1','Saint Joseph'), ('332','1','Saint Lucy'), ('333','1','Saint Michael'), ('334','1','Saint Peter'), ('335','1','Saint Philip'), ('336','1','Saint Thomas'), ('337','1','Brestskaya (Brest)'), ('338','1','Homyel\'skaya (Homyel\')'), ('339','1','Horad Minsk'), ('340','1','Hrodzyenskaya (Hrodna)'), ('341','1','Mahilyowskaya (Mahilyow)'), ('342','1','Minskaya'), ('343','1','Vitsyebskaya (Vitsyebsk)'), ('344','1','Antwerpen'), ('345','1','Brabant Wallon'), ('346','1','Hainaut'), ('347','1','Liège'), ('348','1','Limburg'), ('349','1','Luxembourg'), ('350','1','Namur'), ('351','1','Oost-Vlaanderen'), ('352','1','Vlaams Brabant'), ('353','1','West-Vlaanderen'), ('354','1','Belize'), ('355','1','Cayo'), ('356','1','Corozal'), ('357','1','Orange Walk'), ('358','1','Stann Creek'), ('359','1','Toledo'), ('360','1','Alibori'), ('361','1','Atakora'), ('362','1','Atlantique'), ('363','1','Borgou'), ('364','1','Collines'), ('365','1','Donga'), ('366','1','Kouffo'), ('367','1','Littoral'), ('368','1','Mono'), ('369','1','Oueme'), ('370','1','Plateau'), ('371','1','Zou'), ('372','1','Devonshire'), ('373','1','Hamilton City'), ('374','1','Hamilton'), ('375','1','Paget'), ('376','1','Pembroke'), ('377','1','Saint George City'), ('378','1','Saint George\'s'), ('379','1','Sandys'), ('380','1','Smith\'s'), ('381','1','Southampton'), ('382','1','Warwick'), ('383','1','Bumthang'), ('384','1','Chukha'), ('385','1','Dagana'), ('386','1','Gasa'), ('387','1','Haa'), ('388','1','Lhuntse'), ('389','1','Mongar'), ('390','1','Paro'), ('391','1','Pemagatshel'), ('392','1','Punakha'), ('393','1','Samdrup Jongkhar'), ('394','1','Samtse'), ('395','1','Sarpang'), ('396','1','Thimphu'), ('397','1','Trashigang'), ('398','1','Trashiyangste'), ('399','1','Trongsa'), ('400','1','Tsirang');
INSERT INTO `zone_description` VALUES ('401','1','Wangdue Phodrang'), ('402','1','Zhemgang'), ('403','1','Beni'), ('404','1','Chuquisaca'), ('405','1','Cochabamba'), ('406','1','La Paz'), ('407','1','Oruro'), ('408','1','Pando'), ('409','1','Potosi'), ('410','1','Santa Cruz'), ('411','1','Tarija'), ('412','1','Brcko district'), ('413','1','Unsko-Sanski Kanton'), ('414','1','Posavski Kanton'), ('415','1','Tuzlanski Kanton'), ('416','1','Zenicko-Dobojski Kanton'), ('417','1','Bosanskopodrinjski Kanton'), ('418','1','Srednjebosanski Kanton'), ('419','1','Hercegovacko-neretvanski Kanton'), ('420','1','Zapadnohercegovacka Zupanija'), ('421','1','Kanton Sarajevo'), ('422','1','Zapadnobosanska'), ('423','1','Banja Luka'), ('424','1','Doboj'), ('425','1','Bijeljina'), ('426','1','Vlasenica'), ('427','1','Sarajevo-Romanija or Sokolac'), ('428','1','Foca'), ('429','1','Trebinje'), ('430','1','Central'), ('431','1','Ghanzi'), ('432','1','Kgalagadi'), ('433','1','Kgatleng'), ('434','1','Kweneng'), ('435','1','Ngamiland'), ('436','1','North East'), ('437','1','North West'), ('438','1','South East'), ('439','1','Southern'), ('440','1','Acre'), ('441','1','Alagoas'), ('442','1','Amapá'), ('443','1','Amazonas'), ('444','1','Bahia'), ('445','1','Ceará'), ('446','1','Distrito Federal'), ('447','1','Espírito Santo'), ('448','1','Goiás'), ('449','1','Maranhão'), ('450','1','Mato Grosso'), ('451','1','Mato Grosso do Sul'), ('452','1','Minas Gerais'), ('453','1','Pará'), ('454','1','Paraíba'), ('455','1','Paraná'), ('456','1','Pernambuco'), ('457','1','Piauí'), ('458','1','Rio de Janeiro'), ('459','1','Rio Grande do Norte'), ('460','1','Rio Grande do Sul'), ('461','1','Rondônia'), ('462','1','Roraima'), ('463','1','Santa Catarina'), ('464','1','São Paulo'), ('465','1','Sergipe'), ('466','1','Tocantins'), ('467','1','Peros Banhos'), ('468','1','Salomon Islands'), ('469','1','Nelsons Island'), ('470','1','Three Brothers'), ('471','1','Eagle Islands'), ('472','1','Danger Island'), ('473','1','Egmont Islands'), ('474','1','Diego Garcia'), ('475','1','Belait'), ('476','1','Brunei and Muara'), ('477','1','Temburong'), ('478','1','Tutong'), ('479','1','Blagoevgrad'), ('480','1','Burgas'), ('481','1','Dobrich'), ('482','1','Gabrovo'), ('483','1','Haskovo'), ('484','1','Kardjali'), ('485','1','Kyustendil'), ('486','1','Lovech'), ('487','1','Montana'), ('488','1','Pazardjik'), ('489','1','Pernik'), ('490','1','Pleven'), ('491','1','Plovdiv'), ('492','1','Razgrad'), ('493','1','Shumen'), ('494','1','Silistra'), ('495','1','Sliven'), ('496','1','Smolyan'), ('497','1','Sofia'), ('498','1','Sofia - town'), ('499','1','Stara Zagora'), ('500','1','Targovishte');
INSERT INTO `zone_description` VALUES ('501','1','Varna'), ('502','1','Veliko Tarnovo'), ('503','1','Vidin'), ('504','1','Vratza'), ('505','1','Yambol'), ('506','1','Bale'), ('507','1','Bam'), ('508','1','Banwa'), ('509','1','Bazega'), ('510','1','Bougouriba'), ('511','1','Boulgou'), ('512','1','Boulkiemde'), ('513','1','Comoe'), ('514','1','Ganzourgou'), ('515','1','Gnagna'), ('516','1','Gourma'), ('517','1','Houet'), ('518','1','Ioba'), ('519','1','Kadiogo'), ('520','1','Kenedougou'), ('521','1','Komondjari'), ('522','1','Kompienga'), ('523','1','Kossi'), ('524','1','Koulpelogo'), ('525','1','Kouritenga'), ('526','1','Kourweogo'), ('527','1','Leraba'), ('528','1','Loroum'), ('529','1','Mouhoun'), ('530','1','Nahouri'), ('531','1','Namentenga'), ('532','1','Nayala'), ('533','1','Noumbiel'), ('534','1','Oubritenga'), ('535','1','Oudalan'), ('536','1','Passore'), ('537','1','Poni'), ('538','1','Sanguie'), ('539','1','Sanmatenga'), ('540','1','Seno'), ('541','1','Sissili'), ('542','1','Soum'), ('543','1','Sourou'), ('544','1','Tapoa'), ('545','1','Tuy'), ('546','1','Yagha'), ('547','1','Yatenga'), ('548','1','Ziro'), ('549','1','Zondoma'), ('550','1','Zoundweogo'), ('551','1','Bubanza'), ('552','1','Bujumbura'), ('553','1','Bururi'), ('554','1','Cankuzo'), ('555','1','Cibitoke'), ('556','1','Gitega'), ('557','1','Karuzi'), ('558','1','Kayanza'), ('559','1','Kirundo'), ('560','1','Makamba'), ('561','1','Muramvya'), ('562','1','Muyinga'), ('563','1','Mwaro'), ('564','1','Ngozi'), ('565','1','Rutana'), ('566','1','Ruyigi'), ('567','1','Phnom Penh'), ('568','1','Preah Seihanu (Kompong Som or Sihanouk'), ('569','1','Pailin'), ('570','1','Keb'), ('571','1','Banteay Meanchey'), ('572','1','Battambang'), ('573','1','Kampong Cham'), ('574','1','Kampong Chhnang'), ('575','1','Kampong Speu'), ('576','1','Kampong Som'), ('577','1','Kampong Thom'), ('578','1','Kampot'), ('579','1','Kandal'), ('580','1','Kaoh Kong'), ('581','1','Kratie'), ('582','1','Mondul Kiri'), ('583','1','Oddar Meancheay'), ('584','1','Pursat'), ('585','1','Preah Vihear'), ('586','1','Prey Veng'), ('587','1','Ratanak Kiri'), ('588','1','Siemreap'), ('589','1','Stung Treng'), ('590','1','Svay Rieng'), ('591','1','Takeo'), ('592','1','Adamawa (Adamaoua)'), ('593','1','Centre'), ('594','1','East (Est)'), ('595','1','Extreme North (Extreme-Nord)'), ('596','1','Littoral'), ('597','1','North (Nord)'), ('598','1','Northwest (Nord-Ouest)'), ('599','1','West (Ouest)'), ('600','1','South (Sud)');
INSERT INTO `zone_description` VALUES ('601','1','Southwest (Sud-Ouest).'), ('602','1','Alberta'), ('603','1','British Columbia'), ('604','1','Manitoba'), ('605','1','New Brunswick'), ('606','1','Newfoundland and Labrador'), ('607','1','Northwest Territories'), ('608','1','Nova Scotia'), ('609','1','Nunavut'), ('610','1','Ontario'), ('611','1','Prince Edward Island'), ('612','1','Qu&eacute;bec'), ('613','1','Saskatchewan'), ('614','1','Yukon Territory'), ('615','1','Boa Vista'), ('616','1','Brava'), ('617','1','Calheta de Sao Miguel'), ('618','1','Maio'), ('619','1','Mosteiros'), ('620','1','Paul'), ('621','1','Porto Novo'), ('622','1','Praia'), ('623','1','Ribeira Grande'), ('624','1','Sal'), ('625','1','Santa Catarina'), ('626','1','Santa Cruz'), ('627','1','Sao Domingos'), ('628','1','Sao Filipe'), ('629','1','Sao Nicolau'), ('630','1','Sao Vicente'), ('631','1','Tarrafal'), ('632','1','Creek'), ('633','1','Eastern'), ('634','1','Midland'), ('635','1','South Town'), ('636','1','Spot Bay'), ('637','1','Stake Bay'), ('638','1','West End'), ('639','1','Western'), ('640','1','Bamingui-Bangoran'), ('641','1','Basse-Kotto'), ('642','1','Haute-Kotto'), ('643','1','Haut-Mbomou'), ('644','1','Kemo'), ('645','1','Lobaye'), ('646','1','Mambere-KadeÔ'), ('647','1','Mbomou'), ('648','1','Nana-Mambere'), ('649','1','Ombella-M\'Poko'), ('650','1','Ouaka'), ('651','1','Ouham'), ('652','1','Ouham-Pende'), ('653','1','Vakaga'), ('654','1','Nana-Grebizi'), ('655','1','Sangha-Mbaere'), ('656','1','Bangui'), ('657','1','Batha'), ('658','1','Biltine'), ('659','1','Borkou-Ennedi-Tibesti'), ('660','1','Chari-Baguirmi'), ('661','1','Guera'), ('662','1','Kanem'), ('663','1','Lac'), ('664','1','Logone Occidental'), ('665','1','Logone Oriental'), ('666','1','Mayo-Kebbi'), ('667','1','Moyen-Chari'), ('668','1','Ouaddai'), ('669','1','Salamat'), ('670','1','Tandjile'), ('671','1','Aisen del General Carlos Ibanez'), ('672','1','Antofagasta'), ('673','1','Araucania'), ('674','1','Atacama'), ('675','1','Bio-Bio'), ('676','1','Coquimbo'), ('677','1','Libertador General Bernardo O\'Higgins'), ('678','1','Los Lagos'), ('679','1','Magallanes y de la Antartica Chilena'), ('680','1','Maule'), ('681','1','Region Metropolitana'), ('682','1','Tarapaca'), ('683','1','Valparaiso'), ('684','1','Anhui'), ('685','1','Beijing'), ('686','1','Chongqing'), ('687','1','Fujian'), ('688','1','Gansu'), ('689','1','Guangdong'), ('690','1','Guangxi'), ('691','1','Guizhou'), ('692','1','Hainan'), ('693','1','Hebei'), ('694','1','Heilongjiang'), ('695','1','Henan'), ('696','1','Hong Kong'), ('697','1','Hubei'), ('698','1','Hunan'), ('699','1','Inner Mongolia'), ('700','2','Jiangsu');
INSERT INTO `zone_description` VALUES ('701','1','Jiangxi'), ('702','1','Jilin'), ('703','1','Liaoning'), ('704','1','Macau'), ('705','1','Ningxia'), ('706','1','Shaanxi'), ('707','1','Shandong'), ('708','1','Shanghai'), ('709','1','Shanxi'), ('710','1','Sichuan'), ('711','1','Tianjin'), ('712','1','Xinjiang'), ('713','1','Yunnan'), ('714','1','Zhejiang'), ('715','1','Direction Island'), ('716','1','Home Island'), ('717','1','Horsburgh Island'), ('718','1','South Island'), ('719','1','West Island'), ('720','1','Amazonas'), ('721','1','Antioquia'), ('722','1','Arauca'), ('723','1','Atlantico'), ('724','1','Bogota D.C.'), ('725','1','Bolivar'), ('726','1','Boyaca'), ('727','1','Caldas'), ('728','1','Caqueta'), ('729','1','Casanare'), ('730','1','Cauca'), ('731','1','Cesar'), ('732','1','Choco'), ('733','1','Cordoba'), ('734','1','Cundinamarca'), ('735','1','Guainia'), ('736','1','Guajira'), ('737','1','Guaviare'), ('738','1','Huila'), ('739','1','Magdalena'), ('740','1','Meta'), ('741','1','Narino'), ('742','1','Norte de Santander'), ('743','1','Putumayo'), ('744','1','Quindio'), ('745','1','Risaralda'), ('746','1','San Andres y Providencia'), ('747','1','Santander'), ('748','1','Sucre'), ('749','1','Tolima'), ('750','1','Valle del Cauca'), ('751','1','Vaupes'), ('752','1','Vichada'), ('753','1','Grande Comore'), ('754','1','Anjouan'), ('755','1','Moheli'), ('756','1','Bouenza'), ('757','1','Brazzaville'), ('758','1','Cuvette'), ('759','1','Cuvette-Ouest'), ('760','1','Kouilou'), ('761','1','Lekoumou'), ('762','1','Likouala'), ('763','1','Niari'), ('764','1','Plateaux'), ('765','1','Pool'), ('766','1','Sangha'), ('767','1','Pukapuka'), ('768','1','Rakahanga'), ('769','1','Manihiki'), ('770','1','Penrhyn'), ('771','1','Nassau Island'), ('772','1','Surwarrow'), ('773','1','Palmerston'), ('774','1','Aitutaki'), ('775','1','Manuae'), ('776','1','Takutea'), ('777','1','Mitiaro'), ('778','1','Atiu'), ('779','1','Mauke'), ('780','1','Rarotonga'), ('781','1','Mangaia'), ('782','1','Alajuela'), ('783','1','Cartago'), ('784','1','Guanacaste'), ('785','1','Heredia'), ('786','1','Limon'), ('787','1','Puntarenas'), ('788','1','San Jose'), ('789','1','Abengourou'), ('790','1','Abidjan'), ('791','1','Aboisso'), ('792','1','Adiake'), ('793','1','Adzope'), ('794','1','Agboville'), ('795','1','Agnibilekrou'), ('796','1','Alepe'), ('797','1','Bocanda'), ('798','1','Bangolo'), ('799','1','Beoumi'), ('800','1','Biankouma');
INSERT INTO `zone_description` VALUES ('801','1','Bondoukou'), ('802','1','Bongouanou'), ('803','1','Bouafle'), ('804','1','Bouake'), ('805','1','Bouna'), ('806','1','Boundiali'), ('807','1','Dabakala'), ('808','1','Dabou'), ('809','1','Daloa'), ('810','1','Danane'), ('811','1','Daoukro'), ('812','1','Dimbokro'), ('813','1','Divo'), ('814','1','Duekoue'), ('815','1','Ferkessedougou'), ('816','1','Gagnoa'), ('817','1','Grand-Bassam'), ('818','1','Grand-Lahou'), ('819','1','Guiglo'), ('820','1','Issia'), ('821','1','Jacqueville'), ('822','1','Katiola'), ('823','1','Korhogo'), ('824','1','Lakota'), ('825','1','Man'), ('826','1','Mankono'), ('827','1','Mbahiakro'), ('828','1','Odienne'), ('829','1','Oume'), ('830','1','Sakassou'), ('831','1','San-Pedro'), ('832','1','Sassandra'), ('833','1','Seguela'), ('834','1','Sinfra'), ('835','1','Soubre'), ('836','1','Tabou'), ('837','1','Tanda'), ('838','1','Tiebissou'), ('839','1','Tingrela'), ('840','1','Tiassale'), ('841','1','Touba'), ('842','1','Toulepleu'), ('843','1','Toumodi'), ('844','1','Vavoua'), ('845','1','Yamoussoukro'), ('846','1','Zuenoula'), ('847','1','Bjelovarsko-bilogorska'), ('848','1','Grad Zagreb'), ('849','1','Dubrovačko-neretvanska'), ('850','1','Istarska'), ('851','1','Karlovačka'), ('852','1','Koprivničko-križevačka'), ('853','1','Krapinsko-zagorska'), ('854','1','Ličko-senjska'), ('855','1','Međimurska'), ('856','1','Osječko-baranjska'), ('857','1','Požeško-slavonska'), ('858','1','Primorsko-goranska'), ('859','1','Šibensko-kninska'), ('860','1','Sisačko-moslavačka'), ('861','1','Brodsko-posavska'), ('862','1','Splitsko-dalmatinska'), ('863','1','Varaždinska'), ('864','1','Virovitičko-podravska'), ('865','1','Vukovarsko-srijemska'), ('866','1','Zadarska'), ('867','1','Zagrebačka'), ('868','1','Camaguey'), ('869','1','Ciego de Avila'), ('870','1','Cienfuegos'), ('871','1','Ciudad de La Habana'), ('872','1','Granma'), ('873','1','Guantanamo'), ('874','1','Holguin'), ('875','1','Isla de la Juventud'), ('876','1','La Habana'), ('877','1','Las Tunas'), ('878','1','Matanzas'), ('879','1','Pinar del Rio'), ('880','1','Sancti Spiritus'), ('881','1','Santiago de Cuba'), ('882','1','Villa Clara'), ('883','1','Famagusta'), ('884','1','Kyrenia'), ('885','1','Larnaca'), ('886','1','Limassol'), ('887','1','Nicosia'), ('888','1','Paphos'), ('889','1','Ústecký'), ('890','1','Jihočeský'), ('891','1','Jihomoravský'), ('892','1','Karlovarský'), ('893','1','Královehradecký'), ('894','1','Liberecký'), ('895','1','Moravskoslezský'), ('896','1','Olomoucký'), ('897','1','Pardubický'), ('898','1','Plzeňský'), ('899','1','Praha'), ('900','1','Středočeský');
INSERT INTO `zone_description` VALUES ('901','1','Vysočina'), ('902','1','Zlínský'), ('903','1','Arhus'), ('904','1','Bornholm'), ('905','1','Copenhagen'), ('906','1','Faroe Islands'), ('907','1','Frederiksborg'), ('908','1','Fyn'), ('909','1','Kobenhavn'), ('910','1','Nordjylland'), ('911','1','Ribe'), ('912','1','Ringkobing'), ('913','1','Roskilde'), ('914','1','Sonderjylland'), ('915','1','Storstrom'), ('916','1','Vejle'), ('917','1','Vestj&aelig;lland'), ('918','1','Viborg'), ('919','1','\'Ali Sabih'), ('920','1','Dikhil'), ('921','1','Djibouti'), ('922','1','Obock'), ('923','1','Tadjoura'), ('924','1','Saint Andrew Parish'), ('925','1','Saint David Parish'), ('926','1','Saint George Parish'), ('927','1','Saint John Parish'), ('928','1','Saint Joseph Parish'), ('929','1','Saint Luke Parish'), ('930','1','Saint Mark Parish'), ('931','1','Saint Patrick Parish'), ('932','1','Saint Paul Parish'), ('933','1','Saint Peter Parish'), ('934','1','Distrito Nacional'), ('935','1','Azua'), ('936','1','Baoruco'), ('937','1','Barahona'), ('938','1','Dajabon'), ('939','1','Duarte'), ('940','1','Elias Pina'), ('941','1','El Seybo'), ('942','1','Espaillat'), ('943','1','Hato Mayor'), ('944','1','Independencia'), ('945','1','La Altagracia'), ('946','1','La Romana'), ('947','1','La Vega'), ('948','1','Maria Trinidad Sanchez'), ('949','1','Monsenor Nouel'), ('950','1','Monte Cristi'), ('951','1','Monte Plata'), ('952','1','Pedernales'), ('953','1','Peravia (Bani)'), ('954','1','Puerto Plata'), ('955','1','Salcedo'), ('956','1','Samana'), ('957','1','Sanchez Ramirez'), ('958','1','San Cristobal'), ('959','1','San Jose de Ocoa'), ('960','1','San Juan'), ('961','1','San Pedro de Macoris'), ('962','1','Santiago'), ('963','1','Santiago Rodriguez'), ('964','1','Santo Domingo'), ('965','1','Valverde'), ('966','1','Aileu'), ('967','1','Ainaro'), ('968','1','Baucau'), ('969','1','Bobonaro'), ('970','1','Cova Lima'), ('971','1','Dili'), ('972','1','Ermera'), ('973','1','Lautem'), ('974','1','Liquica'), ('975','1','Manatuto'), ('976','1','Manufahi'), ('977','1','Oecussi'), ('978','1','Viqueque'), ('979','1','Azuay'), ('980','1','Bolivar'), ('981','1','Ca&ntilde;ar'), ('982','1','Carchi'), ('983','1','Chimborazo'), ('984','1','Cotopaxi'), ('985','1','El Oro'), ('986','1','Esmeraldas'), ('987','1','Gal&aacute;pagos'), ('988','1','Guayas'), ('989','1','Imbabura'), ('990','1','Loja'), ('991','1','Los Rios'), ('992','1','Manab&iacute;'), ('993','1','Morona Santiago'), ('994','1','Napo'), ('995','1','Orellana'), ('996','1','Pastaza'), ('997','1','Pichincha'), ('998','1','Sucumb&iacute;os'), ('999','1','Tungurahua'), ('1000','1','Zamora Chinchipe');
INSERT INTO `zone_description` VALUES ('1001','1','Ad Daqahliyah'), ('1002','1','Al Bahr al Ahmar'), ('1003','1','Al Buhayrah'), ('1004','1','Al Fayyum'), ('1005','1','Al Gharbiyah'), ('1006','1','Al Iskandariyah'), ('1007','1','Al Isma\'iliyah'), ('1008','1','Al Jizah'), ('1009','1','Al Minufiyah'), ('1010','1','Al Minya'), ('1011','1','Al Qahirah'), ('1012','1','Al Qalyubiyah'), ('1013','1','Al Wadi al Jadid'), ('1014','1','Ash Sharqiyah'), ('1015','1','As Suways'), ('1016','1','Aswan'), ('1017','1','Asyut'), ('1018','1','Bani Suwayf'), ('1019','1','Bur Sa\'id'), ('1020','1','Dumyat'), ('1021','1','Janub Sina\''), ('1022','1','Kafr ash Shaykh'), ('1023','1','Matruh'), ('1024','1','Qina'), ('1025','1','Shamal Sina\''), ('1026','1','Suhaj'), ('1027','1','Ahuachapan'), ('1028','1','Cabanas'), ('1029','1','Chalatenango'), ('1030','1','Cuscatlan'), ('1031','1','La Libertad'), ('1032','1','La Paz'), ('1033','1','La Union'), ('1034','1','Morazan'), ('1035','1','San Miguel'), ('1036','1','San Salvador'), ('1037','1','San Vicente'), ('1038','1','Santa Ana'), ('1039','1','Sonsonate'), ('1040','1','Usulutan'), ('1041','1','Provincia Annobon'), ('1042','1','Provincia Bioko Norte'), ('1043','1','Provincia Bioko Sur'), ('1044','1','Provincia Centro Sur'), ('1045','1','Provincia Kie-Ntem'), ('1046','1','Provincia Litoral'), ('1047','1','Provincia Wele-Nzas'), ('1048','1','Central (Maekel)'), ('1049','1','Anseba (Keren)'), ('1050','1','Southern Red Sea (Debub-Keih-Bahri)'), ('1051','1','Northern Red Sea (Semien-Keih-Bahri)'), ('1052','1','Southern (Debub)'), ('1053','1','Gash-Barka (Barentu)'), ('1054','1','Harjumaa (Tallinn)'), ('1055','1','Hiiumaa (Kardla)'), ('1056','1','Ida-Virumaa (Johvi)'), ('1057','1','Jarvamaa (Paide)'), ('1058','1','Jogevamaa (Jogeva)'), ('1059','1','Laane-Virumaa (Rakvere)'), ('1060','1','Laanemaa (Haapsalu)'), ('1061','1','Parnumaa (Parnu)'), ('1062','1','Polvamaa (Polva)'), ('1063','1','Raplamaa (Rapla)'), ('1064','1','Saaremaa (Kuessaare)'), ('1065','1','Tartumaa (Tartu)'), ('1066','1','Valgamaa (Valga)'), ('1067','1','Viljandimaa (Viljandi)'), ('1068','1','Vorumaa (Voru)'), ('1069','1','Afar'), ('1070','1','Amhara'), ('1071','1','Benishangul-Gumaz'), ('1072','1','Gambela'), ('1073','1','Hariai'), ('1074','1','Oromia'), ('1075','1','Somali'), ('1076','1','Southern Nations - Nationalities and Peoples Region'), ('1077','1','Tigray'), ('1078','1','Addis Ababa'), ('1079','1','Dire Dawa'), ('1080','1','Central Division'), ('1081','1','Northern Division'), ('1082','1','Eastern Division'), ('1083','1','Western Division'), ('1084','1','Rotuma'), ('1085','1','Ahvenanmaan lääni'), ('1086','1','Etelä-Suomen lääni'), ('1087','1','Itä-Suomen lääni'), ('1088','1','Länsi-Suomen lääni'), ('1089','1','Lapin lääni'), ('1090','1','Oulun lääni'), ('1114','1','Ain'), ('1115','1','Aisne'), ('1116','1','Allier'), ('1117','1','Alpes de Haute Provence'), ('1118','1','Hautes-Alpes'), ('1119','1','Alpes Maritimes'), ('1120','1','Ard&egrave;che'), ('1121','1','Ardennes'), ('1122','1','Ari&egrave;ge'), ('1123','1','Aube');
INSERT INTO `zone_description` VALUES ('1124','1','Aude'), ('1125','1','Aveyron'), ('1126','1','Bouches du Rh&ocirc;ne'), ('1127','1','Calvados'), ('1128','1','Cantal'), ('1129','1','Charente'), ('1130','1','Charente Maritime'), ('1131','1','Cher'), ('1132','1','Corr&egrave;ze'), ('1133','1','Corse du Sud'), ('1134','1','Haute Corse'), ('1135','1','C&ocirc;te d&#039;or'), ('1136','1','C&ocirc;tes d&#039;Armor'), ('1137','1','Creuse'), ('1138','1','Dordogne'), ('1139','1','Doubs'), ('1140','1','Dr&ocirc;me'), ('1141','1','Eure'), ('1142','1','Eure et Loir'), ('1143','1','Finist&egrave;re'), ('1144','1','Gard'), ('1145','1','Haute Garonne'), ('1146','1','Gers'), ('1147','1','Gironde'), ('1148','1','H&eacute;rault'), ('1149','1','Ille et Vilaine'), ('1150','1','Indre'), ('1151','1','Indre et Loire'), ('1152','1','Is&eacute;re'), ('1153','1','Jura'), ('1154','1','Landes'), ('1155','1','Loir et Cher'), ('1156','1','Loire'), ('1157','1','Haute Loire'), ('1158','1','Loire Atlantique'), ('1159','1','Loiret'), ('1160','1','Lot'), ('1161','1','Lot et Garonne'), ('1162','1','Loz&egrave;re'), ('1163','1','Maine et Loire'), ('1164','1','Manche'), ('1165','1','Marne'), ('1166','1','Haute Marne'), ('1167','1','Mayenne'), ('1168','1','Meurthe et Moselle'), ('1169','1','Meuse'), ('1170','1','Morbihan'), ('1171','1','Moselle'), ('1172','1','Ni&egrave;vre'), ('1173','1','Nord'), ('1174','1','Oise'), ('1175','1','Orne'), ('1176','1','Pas de Calais'), ('1177','1','Puy de D&ocirc;me'), ('1178','1','Pyr&eacute;n&eacute;es Atlantiques'), ('1179','1','Hautes Pyr&eacute;n&eacute;es'), ('1180','1','Pyr&eacute;n&eacute;es Orientales'), ('1181','1','Bas Rhin'), ('1182','1','Haut Rhin'), ('1183','1','Rh&ocirc;ne'), ('1184','1','Haute Sa&ocirc;ne'), ('1185','1','Sa&ocirc;ne et Loire'), ('1186','1','Sarthe'), ('1187','1','Savoie'), ('1188','1','Haute Savoie'), ('1189','1','Paris'), ('1190','1','Seine Maritime'), ('1191','1','Seine et Marne'), ('1192','1','Yvelines'), ('1193','1','Deux S&egrave;vres'), ('1194','1','Somme'), ('1195','1','Tarn'), ('1196','1','Tarn et Garonne'), ('1197','1','Var'), ('1198','1','Vaucluse'), ('1199','1','Vend&eacute;e'), ('1200','1','Vienne'), ('1201','1','Haute Vienne'), ('1202','1','Vosges'), ('1203','1','Yonne'), ('1204','1','Territoire de Belfort'), ('1205','1','Essonne'), ('1206','1','Hauts de Seine'), ('1207','1','Seine St-Denis'), ('1208','1','Val de Marne'), ('1209','1','Val d\'Oise'), ('1210','1','Archipel des Marquises'), ('1211','1','Archipel des Tuamotu'), ('1212','1','Archipel des Tubuai'), ('1213','1','Iles du Vent'), ('1214','1','Iles Sous-le-Vent'), ('1215','1','Iles Crozet'), ('1216','1','Iles Kerguelen'), ('1217','1','Ile Amsterdam'), ('1218','1','Ile Saint-Paul'), ('1219','1','Adelie Land'), ('1220','1','Estuaire'), ('1221','1','Haut-Ogooue'), ('1222','1','Moyen-Ogooue'), ('1223','1','Ngounie');
INSERT INTO `zone_description` VALUES ('1224','1','Nyanga'), ('1225','1','Ogooue-Ivindo'), ('1226','1','Ogooue-Lolo'), ('1227','1','Ogooue-Maritime'), ('1228','1','Woleu-Ntem'), ('1229','1','Banjul'), ('1230','1','Basse'), ('1231','1','Brikama'), ('1232','1','Janjangbure'), ('1233','1','Kanifeng'), ('1234','1','Kerewan'), ('1235','1','Kuntaur'), ('1236','1','Mansakonko'), ('1237','1','Lower River'), ('1238','1','Central River'), ('1239','1','North Bank'), ('1240','1','Upper River'), ('1241','1','Western'), ('1242','1','Abkhazia'), ('1243','1','Ajaria'), ('1244','1','Tbilisi'), ('1245','1','Guria'), ('1246','1','Imereti'), ('1247','1','Kakheti'), ('1248','1','Kvemo Kartli'), ('1249','1','Mtskheta-Mtianeti'), ('1250','1','Racha Lechkhumi and Kvemo Svanet'), ('1251','1','Samegrelo-Zemo Svaneti'), ('1252','1','Samtskhe-Javakheti'), ('1253','1','Shida Kartli'), ('1254','1','Baden-W&uuml;rttemberg'), ('1255','1','Bayern'), ('1256','1','Berlin'), ('1257','1','Brandenburg'), ('1258','1','Bremen'), ('1259','1','Hamburg'), ('1260','1','Hessen'), ('1261','1','Mecklenburg-Vorpommern'), ('1262','1','Niedersachsen'), ('1263','1','Nordrhein-Westfalen'), ('1264','1','Rheinland-Pfalz'), ('1265','1','Saarland'), ('1266','1','Sachsen'), ('1267','1','Sachsen-Anhalt'), ('1268','1','Schleswig-Holstein'), ('1269','1','Th&uuml;ringen'), ('1270','1','Ashanti Region'), ('1271','1','Brong-Ahafo Region'), ('1272','1','Central Region'), ('1273','1','Eastern Region'), ('1274','1','Greater Accra Region'), ('1275','1','Northern Region'), ('1276','1','Upper East Region'), ('1277','1','Upper West Region'), ('1278','1','Volta Region'), ('1279','1','Western Region'), ('1280','1','Attica'), ('1281','1','Central Greece'), ('1282','1','Central Macedonia'), ('1283','1','Crete'), ('1284','1','East Macedonia and Thrace'), ('1285','1','Epirus'), ('1286','1','Ionian Islands'), ('1287','1','North Aegean'), ('1288','1','Peloponnesos'), ('1289','1','South Aegean'), ('1290','1','Thessaly'), ('1291','1','West Greece'), ('1292','1','West Macedonia'), ('1293','1','Avannaa'), ('1294','1','Tunu'), ('1295','1','Kitaa'), ('1296','1','Saint Andrew'), ('1297','1','Saint David'), ('1298','1','Saint George'), ('1299','1','Saint John'), ('1300','1','Saint Mark'), ('1301','1','Saint Patrick'), ('1302','1','Carriacou'), ('1303','1','Petit Martinique'), ('1304','1','Alta Verapaz'), ('1305','1','Baja Verapaz'), ('1306','1','Chimaltenango'), ('1307','1','Chiquimula'), ('1308','1','El Peten'), ('1309','1','El Progreso'), ('1310','1','El Quiche'), ('1311','1','Escuintla'), ('1312','1','Guatemala'), ('1313','1','Huehuetenango'), ('1314','1','Izabal'), ('1315','1','Jalapa'), ('1316','1','Jutiapa'), ('1317','1','Quetzaltenango'), ('1318','1','Retalhuleu'), ('1319','1','Sacatepequez'), ('1320','1','San Marcos'), ('1321','1','Santa Rosa'), ('1322','1','Solola'), ('1323','1','Suchitepequez');
INSERT INTO `zone_description` VALUES ('1324','1','Totonicapan'), ('1325','1','Zacapa'), ('1326','1','Conakry'), ('1327','1','Beyla'), ('1328','1','Boffa'), ('1329','1','Boke'), ('1330','1','Coyah'), ('1331','1','Dabola'), ('1332','1','Dalaba'), ('1333','1','Dinguiraye'), ('1334','1','Dubreka'), ('1335','1','Faranah'), ('1336','1','Forecariah'), ('1337','1','Fria'), ('1338','1','Gaoual'), ('1339','1','Gueckedou'), ('1340','1','Kankan'), ('1341','1','Kerouane'), ('1342','1','Kindia'), ('1343','1','Kissidougou'), ('1344','1','Koubia'), ('1345','1','Koundara'), ('1346','1','Kouroussa'), ('1347','1','Labe'), ('1348','1','Lelouma'), ('1349','1','Lola'), ('1350','1','Macenta'), ('1351','1','Mali'), ('1352','1','Mamou'), ('1353','1','Mandiana'), ('1354','1','Nzerekore'), ('1355','1','Pita'), ('1356','1','Siguiri'), ('1357','1','Telimele'), ('1358','1','Tougue'), ('1359','1','Yomou'), ('1360','1','Bafata Region'), ('1361','1','Biombo Region'), ('1362','1','Bissau Region'), ('1363','1','Bolama Region'), ('1364','1','Cacheu Region'), ('1365','1','Gabu Region'), ('1366','1','Oio Region'), ('1367','1','Quinara Region'), ('1368','1','Tombali Region'), ('1369','1','Barima-Waini'), ('1370','1','Cuyuni-Mazaruni'), ('1371','1','Demerara-Mahaica'), ('1372','1','East Berbice-Corentyne'), ('1373','1','Essequibo Islands-West Demerara'), ('1374','1','Mahaica-Berbice'), ('1375','1','Pomeroon-Supenaam'), ('1376','1','Potaro-Siparuni'), ('1377','1','Upper Demerara-Berbice'), ('1378','1','Upper Takutu-Upper Essequibo'), ('1379','1','Artibonite'), ('1380','1','Centre'), ('1381','1','Grand\'Anse'), ('1382','1','Nord'), ('1383','1','Nord-Est'), ('1384','1','Nord-Ouest'), ('1385','1','Ouest'), ('1386','1','Sud'), ('1387','1','Sud-Est'), ('1388','1','Flat Island'), ('1389','1','McDonald Island'), ('1390','1','Shag Island'), ('1391','1','Heard Island'), ('1392','1','Atlantida'), ('1393','1','Choluteca'), ('1394','1','Colon'), ('1395','1','Comayagua'), ('1396','1','Copan'), ('1397','1','Cortes'), ('1398','1','El Paraiso'), ('1399','1','Francisco Morazan'), ('1400','1','Gracias a Dios'), ('1401','1','Intibuca'), ('1402','1','Islas de la Bahia (Bay Islands)'), ('1403','1','La Paz'), ('1404','1','Lempira'), ('1405','1','Ocotepeque'), ('1406','1','Olancho'), ('1407','1','Santa Barbara'), ('1408','1','Valle'), ('1409','1','Yoro'), ('1410','1','Central and Western Hong Kong Island'), ('1411','1','Eastern Hong Kong Island'), ('1412','1','Southern Hong Kong Island'), ('1413','1','Wan Chai Hong Kong Island'), ('1414','1','Kowloon City Kowloon'), ('1415','1','Kwun Tong Kowloon'), ('1416','1','Sham Shui Po Kowloon'), ('1417','1','Wong Tai Sin Kowloon'), ('1418','1','Yau Tsim Mong Kowloon'), ('1419','1','Islands New Territories'), ('1420','1','Kwai Tsing New Territories'), ('1421','1','North New Territories'), ('1422','1','Sai Kung New Territories'), ('1423','1','Sha Tin New Territories');
INSERT INTO `zone_description` VALUES ('1424','1','Tai Po New Territories'), ('1425','1','Tsuen Wan New Territories'), ('1426','1','Tuen Mun New Territories'), ('1427','1','Yuen Long New Territories'), ('1467','1','Austurland'), ('1468','1','Hofuoborgarsvaeoi'), ('1469','1','Norourland eystra'), ('1470','1','Norourland vestra'), ('1471','1','Suourland'), ('1472','1','Suournes'), ('1473','1','Vestfiroir'), ('1474','1','Vesturland'), ('1475','1','Andaman and Nicobar Islands'), ('1476','1','Andhra Pradesh'), ('1477','1','Arunachal Pradesh'), ('1478','1','Assam'), ('1479','1','Bihar'), ('1480','1','Chandigarh'), ('1481','1','Dadra and Nagar Haveli'), ('1482','1','Daman and Diu'), ('1483','1','Delhi'), ('1484','1','Goa'), ('1485','1','Gujarat'), ('1486','1','Haryana'), ('1487','1','Himachal Pradesh'), ('1488','1','Jammu and Kashmir'), ('1489','1','Karnataka'), ('1490','1','Kerala'), ('1491','1','Lakshadweep Islands'), ('1492','1','Madhya Pradesh'), ('1493','1','Maharashtra'), ('1494','1','Manipur'), ('1495','1','Meghalaya'), ('1496','1','Mizoram'), ('1497','1','Nagaland'), ('1498','1','Orissa'), ('1499','1','Pondicherry'), ('1500','1','Punjab'), ('1501','1','Rajasthan'), ('1502','1','Sikkim'), ('1503','1','Tamil Nadu'), ('1504','1','Tripura'), ('1505','1','Uttar Pradesh'), ('1506','1','West Bengal'), ('1507','1','Aceh'), ('1508','1','Bali'), ('1509','1','Banten'), ('1510','1','Bengkulu'), ('1511','1','BoDeTaBek'), ('1512','1','Gorontalo'), ('1513','1','Jakarta Raya'), ('1514','1','Jambi'), ('1515','1','Jawa Barat'), ('1516','1','Jawa Tengah'), ('1517','1','Jawa Timur'), ('1518','1','Kalimantan Barat'), ('1519','1','Kalimantan Selatan'), ('1520','1','Kalimantan Tengah'), ('1521','1','Kalimantan Timur'), ('1522','1','Kepulauan Bangka Belitung'), ('1523','1','Lampung'), ('1524','1','Maluku'), ('1525','1','Maluku Utara'), ('1526','1','Nusa Tenggara Barat'), ('1527','1','Nusa Tenggara Timur'), ('1528','1','Papua'), ('1529','1','Riau'), ('1530','1','Sulawesi Selatan'), ('1531','1','Sulawesi Tengah'), ('1532','1','Sulawesi Tenggara'), ('1533','1','Sulawesi Utara'), ('1534','1','Sumatera Barat'), ('1535','1','Sumatera Selatan'), ('1536','1','Sumatera Utara'), ('1537','1','Yogyakarta'), ('1538','1','Tehran'), ('1539','1','Qom'), ('1540','1','Markazi'), ('1541','1','Qazvin'), ('1542','1','Gilan'), ('1543','1','Ardabil'), ('1544','1','Zanjan'), ('1545','1','East Azarbaijan'), ('1546','1','West Azarbaijan'), ('1547','1','Kurdistan'), ('1548','1','Hamadan'), ('1549','1','Kermanshah'), ('1550','1','Ilam'), ('1551','1','Lorestan'), ('1552','1','Khuzestan'), ('1553','1','Chahar Mahaal and Bakhtiari'), ('1554','1','Kohkiluyeh and Buyer Ahmad'), ('1555','1','Bushehr'), ('1556','1','Fars'), ('1557','1','Hormozgan'), ('1558','1','Sistan and Baluchistan'), ('1559','1','Kerman'), ('1560','1','Yazd'), ('1561','1','Esfahan'), ('1562','1','Semnan');
INSERT INTO `zone_description` VALUES ('1563','1','Mazandaran'), ('1564','1','Golestan'), ('1565','1','North Khorasan'), ('1566','1','Razavi Khorasan'), ('1567','1','South Khorasan'), ('1568','1','Baghdad'), ('1569','1','Salah ad Din'), ('1570','1','Diyala'), ('1571','1','Wasit'), ('1572','1','Maysan'), ('1573','1','Al Basrah'), ('1574','1','Dhi Qar'), ('1575','1','Al Muthanna'), ('1576','1','Al Qadisyah'), ('1577','1','Babil'), ('1578','1','Al Karbala'), ('1579','1','An Najaf'), ('1580','1','Al Anbar'), ('1581','1','Ninawa'), ('1582','1','Dahuk'), ('1583','1','Arbil'), ('1584','1','At Ta\'mim'), ('1585','1','As Sulaymaniyah'), ('1586','1','Carlow'), ('1587','1','Cavan'), ('1588','1','Clare'), ('1589','1','Cork'), ('1590','1','Donegal'), ('1591','1','Dublin'), ('1592','1','Galway'), ('1593','1','Kerry'), ('1594','1','Kildare'), ('1595','1','Kilkenny'), ('1596','1','Laois'), ('1597','1','Leitrim'), ('1598','1','Limerick'), ('1599','1','Longford'), ('1600','1','Louth'), ('1601','1','Mayo'), ('1602','1','Meath'), ('1603','1','Monaghan'), ('1604','1','Offaly'), ('1605','1','Roscommon'), ('1606','1','Sligo'), ('1607','1','Tipperary'), ('1608','1','Waterford'), ('1609','1','Westmeath'), ('1610','1','Wexford'), ('1611','1','Wicklow'), ('1612','1','Be\'er Sheva'), ('1613','1','Bika\'at Hayarden'), ('1614','1','Eilat and Arava'), ('1615','1','Galil'), ('1616','1','Haifa'), ('1617','1','Jehuda Mountains'), ('1618','1','Jerusalem'), ('1619','1','Negev'), ('1620','1','Semaria'), ('1621','1','Sharon'), ('1622','1','Tel Aviv (Gosh Dan)'), ('3860','1','Caltanissetta'), ('3842','1','Agrigento'), ('3843','1','Alessandria'), ('3844','1','Ancona'), ('3845','1','Aosta'), ('3846','1','Arezzo'), ('3847','1','Ascoli Piceno'), ('3848','1','Asti'), ('3849','1','Avellino'), ('3850','1','Bari'), ('3851','1','Belluno'), ('3852','1','Benevento'), ('3853','1','Bergamo'), ('3854','1','Biella'), ('3855','1','Bologna'), ('3856','1','Bolzano'), ('3857','1','Brescia'), ('3858','1','Brindisi'), ('3859','1','Cagliari'), ('1643','1','Clarendon Parish'), ('1644','1','Hanover Parish'), ('1645','1','Kingston Parish'), ('1646','1','Manchester Parish'), ('1647','1','Portland Parish'), ('1648','1','Saint Andrew Parish'), ('1649','1','Saint Ann Parish'), ('1650','1','Saint Catherine Parish'), ('1651','1','Saint Elizabeth Parish'), ('1652','1','Saint James Parish'), ('1653','1','Saint Mary Parish'), ('1654','1','Saint Thomas Parish'), ('1655','1','Trelawny Parish'), ('1656','1','Westmoreland Parish'), ('1657','1','Aichi'), ('1658','1','Akita'), ('1659','1','Aomori'), ('1660','1','Chiba'), ('1661','1','Ehime'), ('1662','1','Fukui'), ('1663','1','Fukuoka');
INSERT INTO `zone_description` VALUES ('1664','1','Fukushima'), ('1665','1','Gifu'), ('1666','1','Gumma'), ('1667','1','Hiroshima'), ('1668','1','Hokkaido'), ('1669','1','Hyogo'), ('1670','1','Ibaraki'), ('1671','1','Ishikawa'), ('1672','1','Iwate'), ('1673','1','Kagawa'), ('1674','1','Kagoshima'), ('1675','1','Kanagawa'), ('1676','1','Kochi'), ('1677','1','Kumamoto'), ('1678','1','Kyoto'), ('1679','1','Mie'), ('1680','1','Miyagi'), ('1681','1','Miyazaki'), ('1682','1','Nagano'), ('1683','1','Nagasaki'), ('1684','1','Nara'), ('1685','1','Niigata'), ('1686','1','Oita'), ('1687','1','Okayama'), ('1688','1','Okinawa'), ('1689','1','Osaka'), ('1690','1','Saga'), ('1691','1','Saitama'), ('1692','1','Shiga'), ('1693','1','Shimane'), ('1694','1','Shizuoka'), ('1695','1','Tochigi'), ('1696','1','Tokushima'), ('1697','1','Tokyo'), ('1698','1','Tottori'), ('1699','1','Toyama'), ('1700','1','Wakayama'), ('1701','1','Yamagata'), ('1702','1','Yamaguchi'), ('1703','1','Yamanashi'), ('1704','1','\'Amman'), ('1705','1','Ajlun'), ('1706','1','Al \'Aqabah'), ('1707','1','Al Balqa\''), ('1708','1','Al Karak'), ('1709','1','Al Mafraq'), ('1710','1','At Tafilah'), ('1711','1','Az Zarqa\''), ('1712','1','Irbid'), ('1713','1','Jarash'), ('1714','1','Ma\'an'), ('1715','1','Madaba'), ('1716','1','Almaty'), ('1717','1','Almaty City'), ('1718','1','Aqmola'), ('1719','1','Aqtobe'), ('1720','1','Astana City'), ('1721','1','Atyrau'), ('1722','1','Batys Qazaqstan'), ('1723','1','Bayqongyr City'), ('1724','1','Mangghystau'), ('1725','1','Ongtustik Qazaqstan'), ('1726','1','Pavlodar'), ('1727','1','Qaraghandy'), ('1728','1','Qostanay'), ('1729','1','Qyzylorda'), ('1730','1','Shyghys Qazaqstan'), ('1731','1','Soltustik Qazaqstan'), ('1732','1','Zhambyl'), ('1733','1','Central'), ('1734','1','Coast'), ('1735','1','Eastern'), ('1736','1','Nairobi Area'), ('1737','1','North Eastern'), ('1738','1','Nyanza'), ('1739','1','Rift Valley'), ('1740','1','Western'), ('1741','1','Abaiang'), ('1742','1','Abemama'), ('1743','1','Aranuka'), ('1744','1','Arorae'), ('1745','1','Banaba'), ('1746','1','Beru'), ('1747','1','Butaritari'), ('1748','1','Kanton'), ('1749','1','Kiritimati'), ('1750','1','Kuria'), ('1751','1','Maiana'), ('1752','1','Makin'), ('1753','1','Marakei'), ('1754','1','Nikunau'), ('1755','1','Nonouti'), ('1756','1','Onotoa'), ('1757','1','Tabiteuea'), ('1758','1','Tabuaeran'), ('1759','1','Tamana'), ('1760','1','Tarawa'), ('1761','1','Teraina'), ('1762','1','Chagang-do'), ('1763','1','Hamgyong-bukto');
INSERT INTO `zone_description` VALUES ('1764','1','Hamgyong-namdo'), ('1765','1','Hwanghae-bukto'), ('1766','1','Hwanghae-namdo'), ('1767','1','Kangwon-do'), ('1768','1','P\'yongan-bukto'), ('1769','1','P\'yongan-namdo'), ('1770','1','Ryanggang-do (Yanggang-do)'), ('1771','1','Rason Directly Governed City'), ('1772','1','P\'yongyang Special City'), ('1773','1','Ch\'ungch\'ong-bukto'), ('1774','1','Ch\'ungch\'ong-namdo'), ('1775','1','Cheju-do'), ('1776','1','Cholla-bukto'), ('1777','1','Cholla-namdo'), ('1778','1','Inch\'on-gwangyoksi'), ('1779','1','Kangwon-do'), ('1780','1','Kwangju-gwangyoksi'), ('1781','1','Kyonggi-do'), ('1782','1','Kyongsang-bukto'), ('1783','1','Kyongsang-namdo'), ('1784','1','Pusan-gwangyoksi'), ('1785','1','Soul-t\'ukpyolsi'), ('1786','1','Taegu-gwangyoksi'), ('1787','1','Taejon-gwangyoksi'), ('1788','1','Al \'Asimah'), ('1789','1','Al Ahmadi'), ('1790','1','Al Farwaniyah'), ('1791','1','Al Jahra\''), ('1792','1','Hawalli'), ('1793','1','Bishkek'), ('1794','1','Batken'), ('1795','1','Chu'), ('1796','1','Jalal-Abad'), ('1797','1','Naryn'), ('1798','1','Osh'), ('1799','1','Talas'), ('1800','1','Ysyk-Kol'), ('1801','1','Vientiane'), ('1802','1','Attapu'), ('1803','1','Bokeo'), ('1804','1','Bolikhamxai'), ('1805','1','Champasak'), ('1806','1','Houaphan'), ('1807','1','Khammouan'), ('1808','1','Louang Namtha'), ('1809','1','Louangphabang'), ('1810','1','Oudomxai'), ('1811','1','Phongsali'), ('1812','1','Salavan'), ('1813','1','Savannakhet'), ('1814','1','Vientiane'), ('1815','1','Xaignabouli'), ('1816','1','Xekong'), ('1817','1','Xiangkhoang'), ('1818','1','Xaisomboun'), ('1852','1','Berea'), ('1853','1','Butha-Buthe'), ('1854','1','Leribe'), ('1855','1','Mafeteng'), ('1856','1','Maseru'), ('1857','1','Mohale\'s Hoek'), ('1858','1','Mokhotlong'), ('1859','1','Qacha\'s Nek'), ('1860','1','Quthing'), ('1861','1','Thaba-Tseka'), ('1862','1','Bomi'), ('1863','1','Bong'), ('1864','1','Grand Bassa'), ('1865','1','Grand Cape Mount'), ('1866','1','Grand Gedeh'), ('1867','1','Grand Kru'), ('1868','1','Lofa'), ('1869','1','Margibi'), ('1870','1','Maryland'), ('1871','1','Montserrado'), ('1872','1','Nimba'), ('1873','1','River Cess'), ('1874','1','Sinoe'), ('1875','1','Ajdabiya'), ('1876','1','Al \'Aziziyah'), ('1877','1','Al Fatih'), ('1878','1','Al Jabal al Akhdar'), ('1879','1','Al Jufrah'), ('1880','1','Al Khums'), ('1881','1','Al Kufrah'), ('1882','1','An Nuqat al Khams'), ('1883','1','Ash Shati\''), ('1884','1','Awbari'), ('1885','1','Az Zawiyah'), ('1886','1','Banghazi'), ('1887','1','Darnah'), ('1888','1','Ghadamis'), ('1889','1','Gharyan'), ('1890','1','Misratah'), ('1891','1','Murzuq'), ('1892','1','Sabha'), ('1893','1','Sawfajjin'), ('1894','1','Surt'), ('1895','1','Tarabulus (Tripoli)'), ('1896','1','Tarhunah');
INSERT INTO `zone_description` VALUES ('1897','1','Tubruq'), ('1898','1','Yafran'), ('1899','1','Zlitan'), ('1900','1','Vaduz'), ('1901','1','Schaan'), ('1902','1','Balzers'), ('1903','1','Triesen'), ('1904','1','Eschen'), ('1905','1','Mauren'), ('1906','1','Triesenberg'), ('1907','1','Ruggell'), ('1908','1','Gamprin'), ('1909','1','Schellenberg'), ('1910','1','Planken'), ('1911','1','Alytus'), ('1912','1','Kaunas'), ('1913','1','Klaipeda'), ('1914','1','Marijampole'), ('1915','1','Panevezys'), ('1916','1','Siauliai'), ('1917','1','Taurage'), ('1918','1','Telsiai'), ('1919','1','Utena'), ('1920','1','Vilnius'), ('1921','1','Diekirch'), ('1922','1','Clervaux'), ('1923','1','Redange'), ('1924','1','Vianden'), ('1925','1','Wiltz'), ('1926','1','Grevenmacher'), ('1927','1','Echternach'), ('1928','1','Remich'), ('1929','1','Luxembourg'), ('1930','1','Capellen'), ('1931','1','Esch-sur-Alzette'), ('1932','1','Mersch'), ('1933','1','Our Lady Fatima Parish'), ('1934','1','St. Anthony Parish'), ('1935','1','St. Lazarus Parish'), ('1936','1','Cathedral Parish'), ('1937','1','St. Lawrence Parish'), ('1938','1','Antananarivo'), ('1939','1','Antsiranana'), ('1940','1','Fianarantsoa'), ('1941','1','Mahajanga'), ('1942','1','Toamasina'), ('1943','1','Toliara'), ('1944','1','Balaka'), ('1945','1','Blantyre'), ('1946','1','Chikwawa'), ('1947','1','Chiradzulu'), ('1948','1','Chitipa'), ('1949','1','Dedza'), ('1950','1','Dowa'), ('1951','1','Karonga'), ('1952','1','Kasungu'), ('1953','1','Likoma'), ('1954','1','Lilongwe'), ('1955','1','Machinga'), ('1956','1','Mangochi'), ('1957','1','Mchinji'), ('1958','1','Mulanje'), ('1959','1','Mwanza'), ('1960','1','Mzimba'), ('1961','1','Ntcheu'), ('1962','1','Nkhata Bay'), ('1963','1','Nkhotakota'), ('1964','1','Nsanje'), ('1965','1','Ntchisi'), ('1966','1','Phalombe'), ('1967','1','Rumphi'), ('1968','1','Salima'), ('1969','1','Thyolo'), ('1970','1','Zomba'), ('1971','1','Johor'), ('1972','1','Kedah'), ('1973','1','Kelantan'), ('1974','1','Labuan'), ('1975','1','Melaka'), ('1976','1','Negeri Sembilan'), ('1977','1','Pahang'), ('1978','1','Perak'), ('1979','1','Perlis'), ('1980','1','Pulau Pinang'), ('1981','1','Sabah'), ('1982','1','Sarawak'), ('1983','1','Selangor'), ('1984','1','Terengganu'), ('1985','1','Kuala Lumpur'), ('4035','1','Putrajaya'), ('1986','1','Thiladhunmathi Uthuru'), ('1987','1','Thiladhunmathi Dhekunu'), ('1988','1','Miladhunmadulu Uthuru'), ('1989','1','Miladhunmadulu Dhekunu'), ('1990','1','Maalhosmadulu Uthuru'), ('1991','1','Maalhosmadulu Dhekunu'), ('1992','1','Faadhippolhu'), ('1993','1','Male Atoll'), ('1994','1','Ari Atoll Uthuru'), ('1995','1','Ari Atoll Dheknu');
INSERT INTO `zone_description` VALUES ('1996','1','Felidhe Atoll'), ('1997','1','Mulaku Atoll'), ('1998','1','Nilandhe Atoll Uthuru'), ('1999','1','Nilandhe Atoll Dhekunu'), ('2000','1','Kolhumadulu'), ('2001','1','Hadhdhunmathi'), ('2002','1','Huvadhu Atoll Uthuru'), ('2003','1','Huvadhu Atoll Dhekunu'), ('2004','1','Fua Mulaku'), ('2005','1','Addu'), ('2006','1','Gao'), ('2007','1','Kayes'), ('2008','1','Kidal'), ('2009','1','Koulikoro'), ('2010','1','Mopti'), ('2011','1','Segou'), ('2012','1','Sikasso'), ('2013','1','Tombouctou'), ('2014','1','Bamako Capital District'), ('2015','1','Attard'), ('2016','1','Balzan'), ('2017','1','Birgu'), ('2018','1','Birkirkara'), ('2019','1','Birzebbuga'), ('2020','1','Bormla'), ('2021','1','Dingli'), ('2022','1','Fgura'), ('2023','1','Floriana'), ('2024','1','Gudja'), ('2025','1','Gzira'), ('2026','1','Gargur'), ('2027','1','Gaxaq'), ('2028','1','Hamrun'), ('2029','1','Iklin'), ('2030','1','Isla'), ('2031','1','Kalkara'), ('2032','1','Kirkop'), ('2033','1','Lija'), ('2034','1','Luqa'), ('2035','1','Marsa'), ('2036','1','Marsaskala'), ('2037','1','Marsaxlokk'), ('2038','1','Mdina'), ('2039','1','Melliea'), ('2040','1','Mgarr'), ('2041','1','Mosta'), ('2042','1','Mqabba'), ('2043','1','Msida'), ('2044','1','Mtarfa'), ('2045','1','Naxxar'), ('2046','1','Paola'), ('2047','1','Pembroke'), ('2048','1','Pieta'), ('2049','1','Qormi'), ('2050','1','Qrendi'), ('2051','1','Rabat'), ('2052','1','Safi'), ('2053','1','San Giljan'), ('2054','1','Santa Lucija'), ('2055','1','San Pawl il-Bahar'), ('2056','1','San Gwann'), ('2057','1','Santa Venera'), ('2058','1','Siggiewi'), ('2059','1','Sliema'), ('2060','1','Swieqi'), ('2061','1','Ta Xbiex'), ('2062','1','Tarxien'), ('2063','1','Valletta'), ('2064','1','Xgajra'), ('2065','1','Zabbar'), ('2066','1','Zebbug'), ('2067','1','Zejtun'), ('2068','1','Zurrieq'), ('2069','1','Fontana'), ('2070','1','Ghajnsielem'), ('2071','1','Gharb'), ('2072','1','Ghasri'), ('2073','1','Kercem'), ('2074','1','Munxar'), ('2075','1','Nadur'), ('2076','1','Qala'), ('2077','1','Victoria'), ('2078','1','San Lawrenz'), ('2079','1','Sannat'), ('2080','1','Xagra'), ('2081','1','Xewkija'), ('2082','1','Zebbug'), ('2083','1','Ailinginae'), ('2084','1','Ailinglaplap'), ('2085','1','Ailuk'), ('2086','1','Arno'), ('2087','1','Aur'), ('2088','1','Bikar'), ('2089','1','Bikini'), ('2090','1','Bokak'), ('2091','1','Ebon'), ('2092','1','Enewetak'), ('2093','1','Erikub'), ('2094','1','Jabat'), ('2095','1','Jaluit');
INSERT INTO `zone_description` VALUES ('2096','1','Jemo'), ('2097','1','Kili'), ('2098','1','Kwajalein'), ('2099','1','Lae'), ('2100','1','Lib'), ('2101','1','Likiep'), ('2102','1','Majuro'), ('2103','1','Maloelap'), ('2104','1','Mejit'), ('2105','1','Mili'), ('2106','1','Namorik'), ('2107','1','Namu'), ('2108','1','Rongelap'), ('2109','1','Rongrik'), ('2110','1','Toke'), ('2111','1','Ujae'), ('2112','1','Ujelang'), ('2113','1','Utirik'), ('2114','1','Wotho'), ('2115','1','Wotje'), ('2116','1','Adrar'), ('2117','1','Assaba'), ('2118','1','Brakna'), ('2119','1','Dakhlet Nouadhibou'), ('2120','1','Gorgol'), ('2121','1','Guidimaka'), ('2122','1','Hodh Ech Chargui'), ('2123','1','Hodh El Gharbi'), ('2124','1','Inchiri'), ('2125','1','Tagant'), ('2126','1','Tiris Zemmour'), ('2127','1','Trarza'), ('2128','1','Nouakchott'), ('2129','1','Beau Bassin-Rose Hill'), ('2130','1','Curepipe'), ('2131','1','Port Louis'), ('2132','1','Quatre Bornes'), ('2133','1','Vacoas-Phoenix'), ('2134','1','Agalega Islands'), ('2135','1','Cargados Carajos Shoals (Saint Brandon Islands)'), ('2136','1','Rodrigues'), ('2137','1','Black River'), ('2138','1','Flacq'), ('2139','1','Grand Port'), ('2140','1','Moka'), ('2141','1','Pamplemousses'), ('2142','1','Plaines Wilhems'), ('2143','1','Port Louis'), ('2144','1','Riviere du Rempart'), ('2145','1','Savanne'), ('2146','1','Baja California Norte'), ('2147','1','Baja California Sur'), ('2148','1','Campeche'), ('2149','1','Chiapas'), ('2150','1','Chihuahua'), ('2151','1','Coahuila de Zaragoza'), ('2152','1','Colima'), ('2153','1','Distrito Federal'), ('2154','1','Durango'), ('2155','1','Guanajuato'), ('2156','1','Guerrero'), ('2157','1','Hidalgo'), ('2158','1','Jalisco'), ('2159','1','Mexico'), ('2160','1','Michoacan de Ocampo'), ('2161','1','Morelos'), ('2162','1','Nayarit'), ('2163','1','Nuevo Leon'), ('2164','1','Oaxaca'), ('2165','1','Puebla'), ('2166','1','Queretaro de Arteaga'), ('2167','1','Quintana Roo'), ('2168','1','San Luis Potosi'), ('2169','1','Sinaloa'), ('2170','1','Sonora'), ('2171','1','Tabasco'), ('2172','1','Tamaulipas'), ('2173','1','Tlaxcala'), ('2174','1','Veracruz-Llave'), ('2175','1','Yucatan'), ('2176','1','Zacatecas'), ('2177','1','Chuuk'), ('2178','1','Kosrae'), ('2179','1','Pohnpei'), ('2180','1','Yap'), ('2181','1','Gagauzia'), ('2182','1','Chisinau'), ('2183','1','Balti'), ('2184','1','Cahul'), ('2185','1','Edinet'), ('2186','1','Lapusna'), ('2187','1','Orhei'), ('2188','1','Soroca'), ('2189','1','Tighina'), ('2190','1','Ungheni'), ('2191','1','St‚nga Nistrului'), ('2192','1','Fontvieille'), ('2193','1','La Condamine'), ('2194','1','Monaco-Ville'), ('2195','1','Monte-Carlo');
INSERT INTO `zone_description` VALUES ('2196','1','Ulanbaatar'), ('2197','1','Orhon'), ('2198','1','Darhan uul'), ('2199','1','Hentiy'), ('2200','1','Hovsgol'), ('2201','1','Hovd'), ('2202','1','Uvs'), ('2203','1','Tov'), ('2204','1','Selenge'), ('2205','1','Suhbaatar'), ('2206','1','Omnogovi'), ('2207','1','Ovorhangay'), ('2208','1','Dzavhan'), ('2209','1','DundgovL'), ('2210','1','Dornod'), ('2211','1','Dornogov'), ('2212','1','Govi-Sumber'), ('2213','1','Govi-Altay'), ('2214','1','Bulgan'), ('2215','1','Bayanhongor'), ('2216','1','Bayan-Olgiy'), ('2217','1','Arhangay'), ('2218','1','Saint Anthony'), ('2219','1','Saint Georges'), ('2220','1','Saint Peter'), ('2221','1','Agadir'), ('2222','1','Al Hoceima'), ('2223','1','Azilal'), ('2224','1','Beni Mellal'), ('2225','1','Ben Slimane'), ('2226','1','Boulemane'), ('2227','1','Casablanca'), ('2228','1','Chaouen'), ('2229','1','El Jadida'), ('2230','1','El Kelaa des Sraghna'), ('2231','1','Er Rachidia'), ('2232','1','Essaouira'), ('2233','1','Fes'), ('2234','1','Figuig'), ('2235','1','Guelmim'), ('2236','1','Ifrane'), ('2237','1','Kenitra'), ('2238','1','Khemisset'), ('2239','1','Khenifra'), ('2240','1','Khouribga'), ('2241','1','Laayoune'), ('2242','1','Larache'), ('2243','1','Marrakech'), ('2244','1','Meknes'), ('2245','1','Nador'), ('2246','1','Ouarzazate'), ('2247','1','Oujda'), ('2248','1','Rabat-Sale'), ('2249','1','Safi'), ('2250','1','Settat'), ('2251','1','Sidi Kacem'), ('2252','1','Tangier'), ('2253','1','Tan-Tan'), ('2254','1','Taounate'), ('2255','1','Taroudannt'), ('2256','1','Tata'), ('2257','1','Taza'), ('2258','1','Tetouan'), ('2259','1','Tiznit'), ('2260','1','Ad Dakhla'), ('2261','1','Boujdour'), ('2262','1','Es Smara'), ('2263','1','Cabo Delgado'), ('2264','1','Gaza'), ('2265','1','Inhambane'), ('2266','1','Manica'), ('2267','1','Maputo (city)'), ('2268','1','Maputo'), ('2269','1','Nampula'), ('2270','1','Niassa'), ('2271','1','Sofala'), ('2272','1','Tete'), ('2273','1','Zambezia'), ('2274','1','Ayeyarwady'), ('2275','1','Bago'), ('2276','1','Magway'), ('2277','1','Mandalay'), ('2278','1','Sagaing'), ('2279','1','Tanintharyi'), ('2280','1','Yangon'), ('2281','1','Chin State'), ('2282','1','Kachin State'), ('2283','1','Kayah State'), ('2284','1','Kayin State'), ('2285','1','Mon State'), ('2286','1','Rakhine State'), ('2287','1','Shan State'), ('2288','1','Caprivi'), ('2289','1','Erongo'), ('2290','1','Hardap'), ('2291','1','Karas'), ('2292','1','Kavango'), ('2293','1','Khomas'), ('2294','1','Kunene'), ('2295','1','Ohangwena');
INSERT INTO `zone_description` VALUES ('2296','1','Omaheke'), ('2297','1','Omusati'), ('2298','1','Oshana'), ('2299','1','Oshikoto'), ('2300','1','Otjozondjupa'), ('2301','1','Aiwo'), ('2302','1','Anabar'), ('2303','1','Anetan'), ('2304','1','Anibare'), ('2305','1','Baiti'), ('2306','1','Boe'), ('2307','1','Buada'), ('2308','1','Denigomodu'), ('2309','1','Ewa'), ('2310','1','Ijuw'), ('2311','1','Meneng'), ('2312','1','Nibok'), ('2313','1','Uaboe'), ('2314','1','Yaren'), ('2315','1','Bagmati'), ('2316','1','Bheri'), ('2317','1','Dhawalagiri'), ('2318','1','Gandaki'), ('2319','1','Janakpur'), ('2320','1','Karnali'), ('2321','1','Kosi'), ('2322','1','Lumbini'), ('2323','1','Mahakali'), ('2324','1','Mechi'), ('2325','1','Narayani'), ('2326','1','Rapti'), ('2327','1','Sagarmatha'), ('2328','1','Seti'), ('2329','1','Drenthe'), ('2330','1','Flevoland'), ('2331','1','Friesland'), ('2332','1','Gelderland'), ('2333','1','Groningen'), ('2334','1','Limburg'), ('2335','1','Noord Brabant'), ('2336','1','Noord Holland'), ('2337','1','Overijssel'), ('2338','1','Utrecht'), ('2339','1','Zeeland'), ('2340','1','Zuid Holland'), ('2341','1','Iles Loyaute'), ('2342','1','Nord'), ('2343','1','Sud'), ('2344','1','Auckland'), ('2345','1','Bay of Plenty'), ('2346','1','Canterbury'), ('2347','1','Coromandel'), ('2348','1','Gisborne'), ('2349','1','Fiordland'), ('2350','1','Hawke\'s Bay'), ('2351','1','Marlborough'), ('2352','1','Manawatu-Wanganui'), ('2353','1','Mt Cook-Mackenzie'), ('2354','1','Nelson'), ('2355','1','Northland'), ('2356','1','Otago'), ('2357','1','Southland'), ('2358','1','Taranaki'), ('2359','1','Wellington'), ('2360','1','Waikato'), ('2361','1','Wairarapa'), ('2362','1','West Coast'), ('2363','1','Atlantico Norte'), ('2364','1','Atlantico Sur'), ('2365','1','Boaco'), ('2366','1','Carazo'), ('2367','1','Chinandega'), ('2368','1','Chontales'), ('2369','1','Esteli'), ('2370','1','Granada'), ('2371','1','Jinotega'), ('2372','1','Leon'), ('2373','1','Madriz'), ('2374','1','Managua'), ('2375','1','Masaya'), ('2376','1','Matagalpa'), ('2377','1','Nuevo Segovia'), ('2378','1','Rio San Juan'), ('2379','1','Rivas'), ('2380','1','Agadez'), ('2381','1','Diffa'), ('2382','1','Dosso'), ('2383','1','Maradi'), ('2384','1','Niamey'), ('2385','1','Tahoua'), ('2386','1','Tillaberi'), ('2387','1','Zinder'), ('2388','1','Abia'), ('2389','1','Abuja Federal Capital Territory'), ('2390','1','Adamawa'), ('2391','1','Akwa Ibom'), ('2392','1','Anambra'), ('2393','1','Bauchi'), ('2394','1','Bayelsa'), ('2395','1','Benue');
INSERT INTO `zone_description` VALUES ('2396','1','Borno'), ('2397','1','Cross River'), ('2398','1','Delta'), ('2399','1','Ebonyi'), ('2400','1','Edo'), ('2401','1','Ekiti'), ('2402','1','Enugu'), ('2403','1','Gombe'), ('2404','1','Imo'), ('2405','1','Jigawa'), ('2406','1','Kaduna'), ('2407','1','Kano'), ('2408','1','Katsina'), ('2409','1','Kebbi'), ('2410','1','Kogi'), ('2411','1','Kwara'), ('2412','1','Lagos'), ('2413','1','Nassarawa'), ('2414','1','Niger'), ('2415','1','Ogun'), ('2416','1','Ondo'), ('2417','1','Osun'), ('2418','1','Oyo'), ('2419','1','Plateau'), ('2420','1','Rivers'), ('2421','1','Sokoto'), ('2422','1','Taraba'), ('2423','1','Yobe'), ('2424','1','Zamfara'), ('2425','1','Northern Islands'), ('2426','1','Rota'), ('2427','1','Saipan'), ('2428','1','Tinian'), ('2429','1','Akershus'), ('2430','1','Aust-Agder'), ('2431','1','Buskerud'), ('2432','1','Finnmark'), ('2433','1','Hedmark'), ('2434','1','Hordaland'), ('2435','1','More og Romdal'), ('2436','1','Nord-Trondelag'), ('2437','1','Nordland'), ('2438','1','Ostfold'), ('2439','1','Oppland'), ('2440','1','Oslo'), ('2441','1','Rogaland'), ('2442','1','Sor-Trondelag'), ('2443','1','Sogn og Fjordane'), ('2444','1','Svalbard'), ('2445','1','Telemark'), ('2446','1','Troms'), ('2447','1','Vest-Agder'), ('2448','1','Vestfold'), ('2449','1','Ad Dakhiliyah'), ('2450','1','Al Batinah'), ('2451','1','Al Wusta'), ('2452','1','Ash Sharqiyah'), ('2453','1','Az Zahirah'), ('2454','1','Masqat'), ('2455','1','Musandam'), ('2456','1','Zufar'), ('2457','1','Balochistan'), ('2458','1','Federally Administered Tribal Areas'), ('2459','1','Islamabad Capital Territory'), ('2460','1','North-West Frontier'), ('2461','1','Punjab'), ('2462','1','Sindh'), ('2463','1','Aimeliik'), ('2464','1','Airai'), ('2465','1','Angaur'), ('2466','1','Hatohobei'), ('2467','1','Kayangel'), ('2468','1','Koror'), ('2469','1','Melekeok'), ('2470','1','Ngaraard'), ('2471','1','Ngarchelong'), ('2472','1','Ngardmau'), ('2473','1','Ngatpang'), ('2474','1','Ngchesar'), ('2475','1','Ngeremlengui'), ('2476','1','Ngiwal'), ('2477','1','Peleliu'), ('2478','1','Sonsorol'), ('2479','1','Bocas del Toro'), ('2480','1','Chiriqui'), ('2481','1','Cocle'), ('2482','1','Colon'), ('2483','1','Darien'), ('2484','1','Herrera'), ('2485','1','Los Santos'), ('2486','1','Panama'), ('2487','1','San Blas'), ('2488','1','Veraguas'), ('2489','1','Bougainville'), ('2490','1','Central'), ('2491','1','Chimbu'), ('2492','1','Eastern Highlands'), ('2493','1','East New Britain'), ('2494','1','East Sepik'), ('2495','1','Enga');
INSERT INTO `zone_description` VALUES ('2496','1','Gulf'), ('2497','1','Madang'), ('2498','1','Manus'), ('2499','1','Milne Bay'), ('2500','1','Morobe'), ('2501','1','National Capital'), ('2502','1','New Ireland'), ('2503','1','Northern'), ('2504','1','Sandaun'), ('2505','1','Southern Highlands'), ('2506','1','Western'), ('2507','1','Western Highlands'), ('2508','1','West New Britain'), ('2509','1','Alto Paraguay'), ('2510','1','Alto Parana'), ('2511','1','Amambay'), ('2512','1','Asuncion'), ('2513','1','Boqueron'), ('2514','1','Caaguazu'), ('2515','1','Caazapa'), ('2516','1','Canindeyu'), ('2517','1','Central'), ('2518','1','Concepcion'), ('2519','1','Cordillera'), ('2520','1','Guaira'), ('2521','1','Itapua'), ('2522','1','Misiones'), ('2523','1','Neembucu'), ('2524','1','Paraguari'), ('2525','1','Presidente Hayes'), ('2526','1','San Pedro'), ('2527','1','Amazonas'), ('2528','1','Ancash'), ('2529','1','Apurimac'), ('2530','1','Arequipa'), ('2531','1','Ayacucho'), ('2532','1','Cajamarca'), ('2533','1','Callao'), ('2534','1','Cusco'), ('2535','1','Huancavelica'), ('2536','1','Huanuco'), ('2537','1','Ica'), ('2538','1','Junin'), ('2539','1','La Libertad'), ('2540','1','Lambayeque'), ('2541','1','Lima'), ('2542','1','Loreto'), ('2543','1','Madre de Dios'), ('2544','1','Moquegua'), ('2545','1','Pasco'), ('2546','1','Piura'), ('2547','1','Puno'), ('2548','1','San Martin'), ('2549','1','Tacna'), ('2550','1','Tumbes'), ('2551','1','Ucayali'), ('2552','1','Abra'), ('2553','1','Agusan del Norte'), ('2554','1','Agusan del Sur'), ('2555','1','Aklan'), ('2556','1','Albay'), ('2557','1','Antique'), ('2558','1','Apayao'), ('2559','1','Aurora'), ('2560','1','Basilan'), ('2561','1','Bataan'), ('2562','1','Batanes'), ('2563','1','Batangas'), ('2564','1','Biliran'), ('2565','1','Benguet'), ('2566','1','Bohol'), ('2567','1','Bukidnon'), ('2568','1','Bulacan'), ('2569','1','Cagayan'), ('2570','1','Camarines Norte'), ('2571','1','Camarines Sur'), ('2572','1','Camiguin'), ('2573','1','Capiz'), ('2574','1','Catanduanes'), ('2575','1','Cavite'), ('2576','1','Cebu'), ('2577','1','Compostela'), ('2578','1','Davao del Norte'), ('2579','1','Davao del Sur'), ('2580','1','Davao Oriental'), ('2581','1','Eastern Samar'), ('2582','1','Guimaras'), ('2583','1','Ifugao'), ('2584','1','Ilocos Norte'), ('2585','1','Ilocos Sur'), ('2586','1','Iloilo'), ('2587','1','Isabela'), ('2588','1','Kalinga'), ('2589','1','Laguna'), ('2590','1','Lanao del Norte'), ('2591','1','Lanao del Sur'), ('2592','1','La Union'), ('2593','1','Leyte'), ('2594','1','Maguindanao'), ('2595','1','Marinduque');
INSERT INTO `zone_description` VALUES ('2596','1','Masbate'), ('2597','1','Mindoro Occidental'), ('2598','1','Mindoro Oriental'), ('2599','1','Misamis Occidental'), ('2600','1','Misamis Oriental'), ('2601','1','Mountain'), ('2602','1','Negros Occidental'), ('2603','1','Negros Oriental'), ('2604','1','North Cotabato'), ('2605','1','Northern Samar'), ('2606','1','Nueva Ecija'), ('2607','1','Nueva Vizcaya'), ('2608','1','Palawan'), ('2609','1','Pampanga'), ('2610','1','Pangasinan'), ('2611','1','Quezon'), ('2612','1','Quirino'), ('2613','1','Rizal'), ('2614','1','Romblon'), ('2615','1','Samar'), ('2616','1','Sarangani'), ('2617','1','Siquijor'), ('2618','1','Sorsogon'), ('2619','1','South Cotabato'), ('2620','1','Southern Leyte'), ('2621','1','Sultan Kudarat'), ('2622','1','Sulu'), ('2623','1','Surigao del Norte'), ('2624','1','Surigao del Sur'), ('2625','1','Tarlac'), ('2626','1','Tawi-Tawi'), ('2627','1','Zambales'), ('2628','1','Zamboanga del Norte'), ('2629','1','Zamboanga del Sur'), ('2630','1','Zamboanga Sibugay'), ('2631','1','Dolnoslaskie'), ('2632','1','Kujawsko-Pomorskie'), ('2633','1','Lodzkie'), ('2634','1','Lubelskie'), ('2635','1','Lubuskie'), ('2636','1','Malopolskie'), ('2637','1','Mazowieckie'), ('2638','1','Opolskie'), ('2639','1','Podkarpackie'), ('2640','1','Podlaskie'), ('2641','1','Pomorskie'), ('2642','1','Slaskie'), ('2643','1','Swietokrzyskie'), ('2644','1','Warminsko-Mazurskie'), ('2645','1','Wielkopolskie'), ('2646','1','Zachodniopomorskie'), ('2647','1','Saint Pierre'), ('2648','1','Miquelon'), ('2649','1','A&ccedil;ores'), ('2650','1','Aveiro'), ('2651','1','Beja'), ('2652','1','Braga'), ('2653','1','Bragan&ccedil;a'), ('2654','1','Castelo Branco'), ('2655','1','Coimbra'), ('2656','1','&Eacute;vora'), ('2657','1','Faro'), ('2658','1','Guarda'), ('2659','1','Leiria'), ('2660','1','Lisboa'), ('2661','1','Madeira'), ('2662','1','Portalegre'), ('2663','1','Porto'), ('2664','1','Santar&eacute;m'), ('2665','1','Set&uacute;bal'), ('2666','1','Viana do Castelo'), ('2667','1','Vila Real'), ('2668','1','Viseu'), ('2669','1','Ad Dawhah'), ('2670','1','Al Ghuwayriyah'), ('2671','1','Al Jumayliyah'), ('2672','1','Al Khawr'), ('2673','1','Al Wakrah'), ('2674','1','Ar Rayyan'), ('2675','1','Jarayan al Batinah'), ('2676','1','Madinat ash Shamal'), ('2677','1','Umm Sa\'id'), ('2678','1','Umm Salal'), ('2679','1','Alba'), ('2680','1','Arad'), ('2681','1','Arges'), ('2682','1','Bacau'), ('2683','1','Bihor'), ('2684','1','Bistrita-Nasaud'), ('2685','1','Botosani'), ('2686','1','Brasov'), ('2687','1','Braila'), ('2688','1','Bucuresti'), ('2689','1','Buzau'), ('2690','1','Caras-Severin'), ('2691','1','Calarasi'), ('2692','1','Cluj'), ('2693','1','Constanta'), ('2694','1','Covasna'), ('2695','1','Dimbovita');
INSERT INTO `zone_description` VALUES ('2696','1','Dolj'), ('2697','1','Galati'), ('2698','1','Giurgiu'), ('2699','1','Gorj'), ('2700','1','Harghita'), ('2701','1','Hunedoara'), ('2702','1','Ialomita'), ('2703','1','Iasi'), ('2704','1','Ilfov'), ('2705','1','Maramures'), ('2706','1','Mehedinti'), ('2707','1','Mures'), ('2708','1','Neamt'), ('2709','1','Olt'), ('2710','1','Prahova'), ('2711','1','Satu-Mare'), ('2712','1','Salaj'), ('2713','1','Sibiu'), ('2714','1','Suceava'), ('2715','1','Teleorman'), ('2716','1','Timis'), ('2717','1','Tulcea'), ('2718','1','Vaslui'), ('2719','1','Valcea'), ('2720','1','Vrancea'), ('2721','1','Abakan'), ('2722','1','Aginskoye'), ('2723','1','Anadyr'), ('2724','1','Arkahangelsk'), ('2725','1','Astrakhan'), ('2726','1','Barnaul'), ('2727','1','Belgorod'), ('2728','1','Birobidzhan'), ('2729','1','Blagoveshchensk'), ('2730','1','Bryansk'), ('2731','1','Cheboksary'), ('2732','1','Chelyabinsk'), ('2733','1','Cherkessk'), ('2734','1','Chita'), ('2735','1','Dudinka'), ('2736','1','Elista'), ('2737','1','Gomo-Altaysk'), ('2738','1','Gorno-Altaysk'), ('2739','1','Groznyy'), ('2740','1','Irkutsk'), ('2741','1','Ivanovo'), ('2742','1','Izhevsk'), ('2743','1','Kalinigrad'), ('2744','1','Kaluga'), ('2745','1','Kasnodar'), ('2746','1','Kazan'), ('2747','1','Kemerovo'), ('2748','1','Khabarovsk'), ('2749','1','Khanty-Mansiysk'), ('2750','1','Kostroma'), ('2751','1','Krasnodar'), ('2752','1','Krasnoyarsk'), ('2753','1','Kudymkar'), ('2754','1','Kurgan'), ('2755','1','Kursk'), ('2756','1','Kyzyl'), ('2757','1','Lipetsk'), ('2758','1','Magadan'), ('2759','1','Makhachkala'), ('2760','1','Maykop'), ('2761','1','Moscow'), ('2762','1','Murmansk'), ('2763','1','Nalchik'), ('2764','1','Naryan Mar'), ('2765','1','Nazran'), ('2766','1','Nizhniy Novgorod'), ('2767','1','Novgorod'), ('2768','1','Novosibirsk'), ('2769','1','Omsk'), ('2770','1','Orel'), ('2771','1','Orenburg'), ('2772','1','Palana'), ('2773','1','Penza'), ('2774','1','Perm'), ('2775','1','Petropavlovsk-Kamchatskiy'), ('2776','1','Petrozavodsk'), ('2777','1','Pskov'), ('2778','1','Rostov-na-Donu'), ('2779','1','Ryazan'), ('2780','1','Salekhard'), ('2781','1','Samara'), ('2782','1','Saransk'), ('2783','1','Saratov'), ('2784','1','Smolensk'), ('2785','1','St. Petersburg'), ('2786','1','Stavropol'), ('2787','1','Syktyvkar'), ('2788','1','Tambov'), ('2789','1','Tomsk'), ('2790','1','Tula'), ('2791','1','Tura'), ('2792','1','Tver'), ('2793','1','Tyumen'), ('2794','1','Ufa'), ('2795','1','Ul\'yanovsk');
INSERT INTO `zone_description` VALUES ('2796','1','Ulan-Ude'), ('2797','1','Ust\'-Ordynskiy'), ('2798','1','Vladikavkaz'), ('2799','1','Vladimir'), ('2800','1','Vladivostok'), ('2801','1','Volgograd'), ('2802','1','Vologda'), ('2803','1','Voronezh'), ('2804','1','Vyatka'), ('2805','1','Yakutsk'), ('2806','1','Yaroslavl'), ('2807','1','Yekaterinburg'), ('2808','1','Yoshkar-Ola'), ('2809','1','Butare'), ('2810','1','Byumba'), ('2811','1','Cyangugu'), ('2812','1','Gikongoro'), ('2813','1','Gisenyi'), ('2814','1','Gitarama'), ('2815','1','Kibungo'), ('2816','1','Kibuye'), ('2817','1','Kigali Rurale'), ('2818','1','Kigali-ville'), ('2819','1','Ruhengeri'), ('2820','1','Umutara'), ('2821','1','Christ Church Nichola Town'), ('2822','1','Saint Anne Sandy Point'), ('2823','1','Saint George Basseterre'), ('2824','1','Saint George Gingerland'), ('2825','1','Saint James Windward'), ('2826','1','Saint John Capesterre'), ('2827','1','Saint John Figtree'), ('2828','1','Saint Mary Cayon'), ('2829','1','Saint Paul Capesterre'), ('2830','1','Saint Paul Charlestown'), ('2831','1','Saint Peter Basseterre'), ('2832','1','Saint Thomas Lowland'), ('2833','1','Saint Thomas Middle Island'), ('2834','1','Trinity Palmetto Point'), ('2835','1','Anse-la-Raye'), ('2836','1','Castries'), ('2837','1','Choiseul'), ('2838','1','Dauphin'), ('2839','1','Dennery'), ('2840','1','Gros-Islet'), ('2841','1','Laborie'), ('2842','1','Micoud'), ('2843','1','Praslin'), ('2844','1','Soufriere'), ('2845','1','Vieux-Fort'), ('2846','1','Charlotte'), ('2847','1','Grenadines'), ('2848','1','Saint Andrew'), ('2849','1','Saint David'), ('2850','1','Saint George'), ('2851','1','Saint Patrick'), ('2852','1','A\'ana'), ('2853','1','Aiga-i-le-Tai'), ('2854','1','Atua'), ('2855','1','Fa\'asaleleaga'), ('2856','1','Gaga\'emauga'), ('2857','1','Gagaifomauga'), ('2858','1','Palauli'), ('2859','1','Satupa\'itea'), ('2860','1','Tuamasaga'), ('2861','1','Va\'a-o-Fonoti'), ('2862','1','Vaisigano'), ('2863','1','Acquaviva'), ('2864','1','Borgo Maggiore'), ('2865','1','Chiesanuova'), ('2866','1','Domagnano'), ('2867','1','Faetano'), ('2868','1','Fiorentino'), ('2869','1','Montegiardino'), ('2870','1','Citta di San Marino'), ('2871','1','Serravalle'), ('2872','1','Sao Tome'), ('2873','1','Principe'), ('2874','1','Al Bahah'), ('2875','1','Al Hudud ash Shamaliyah'), ('2876','1','Al Jawf'), ('2877','1','Al Madinah'), ('2878','1','Al Qasim'), ('2879','1','Ar Riyad'), ('2880','1','Ash Sharqiyah (Eastern)'), ('2881','1','\'Asir'), ('2882','1','Ha\'il'), ('2883','1','Jizan'), ('2884','1','Makkah'), ('2885','1','Najran'), ('2886','1','Tabuk'), ('2887','1','Dakar'), ('2888','1','Diourbel'), ('2889','1','Fatick'), ('2890','1','Kaolack'), ('2891','1','Kolda'), ('2892','1','Louga'), ('2893','1','Matam'), ('2894','1','Saint-Louis'), ('2895','1','Tambacounda');
INSERT INTO `zone_description` VALUES ('2896','1','Thies'), ('2897','1','Ziguinchor'), ('2898','1','Anse aux Pins'), ('2899','1','Anse Boileau'), ('2900','1','Anse Etoile'), ('2901','1','Anse Louis'), ('2902','1','Anse Royale'), ('2903','1','Baie Lazare'), ('2904','1','Baie Sainte Anne'), ('2905','1','Beau Vallon'), ('2906','1','Bel Air'), ('2907','1','Bel Ombre'), ('2908','1','Cascade'), ('2909','1','Glacis'), ('2910','1','Grand\' Anse (on Mahe)'), ('2911','1','Grand\' Anse (on Praslin)'), ('2912','1','La Digue'), ('2913','1','La Riviere Anglaise'), ('2914','1','Mont Buxton'), ('2915','1','Mont Fleuri'), ('2916','1','Plaisance'), ('2917','1','Pointe La Rue'), ('2918','1','Port Glaud'), ('2919','1','Saint Louis'), ('2920','1','Takamaka'), ('2921','1','Eastern'), ('2922','1','Northern'), ('2923','1','Southern'), ('2924','1','Western'), ('2925','1','Banskobystrický'), ('2926','1','Bratislavský'), ('2927','1','Košický'), ('2928','1','Nitriansky'), ('2929','1','Prešovský'), ('2930','1','Trenčiansky'), ('2931','1','Trnavský'), ('2932','1','Žilinský'), ('2933','1','Central'), ('2934','1','Choiseul'), ('2935','1','Guadalcanal'), ('2936','1','Honiara'), ('2937','1','Isabel'), ('2938','1','Makira'), ('2939','1','Malaita'), ('2940','1','Rennell and Bellona'), ('2941','1','Temotu'), ('2942','1','Western'), ('2943','1','Awdal'), ('2944','1','Bakool'), ('2945','1','Banaadir'), ('2946','1','Bari'), ('2947','1','Bay'), ('2948','1','Galguduud'), ('2949','1','Gedo'), ('2950','1','Hiiraan'), ('2951','1','Jubbada Dhexe'), ('2952','1','Jubbada Hoose'), ('2953','1','Mudug'), ('2954','1','Nugaal'), ('2955','1','Sanaag'), ('2956','1','Shabeellaha Dhexe'), ('2957','1','Shabeellaha Hoose'), ('2958','1','Sool'), ('2959','1','Togdheer'), ('2960','1','Woqooyi Galbeed'), ('2961','1','Eastern Cape'), ('2962','1','Free State'), ('2963','1','Gauteng'), ('2964','1','KwaZulu-Natal'), ('2965','1','Limpopo'), ('2966','1','Mpumalanga'), ('2967','1','North West'), ('2968','1','Northern Cape'), ('2969','1','Western Cape'), ('2970','1','La Coru&ntilde;a'), ('2971','1','&Aacute;lava'), ('2972','1','Albacete'), ('2973','1','Alicante'), ('2974','1','Almeria'), ('2975','1','Asturias'), ('2976','1','&Aacute;vila'), ('2977','1','Badajoz'), ('2978','1','Baleares'), ('2979','1','Barcelona'), ('2980','1','Burgos'), ('2981','1','C&aacute;ceres'), ('2982','1','C&aacute;diz'), ('2983','1','Cantabria'), ('2984','1','Castell&oacute;n'), ('2985','1','Ceuta'), ('2986','1','Ciudad Real'), ('2987','1','C&oacute;rdoba'), ('2988','1','Cuenca'), ('2989','1','Girona'), ('2990','1','Granada'), ('2991','1','Guadalajara'), ('2992','1','Guip&uacute;zcoa'), ('2993','1','Huelva'), ('2994','1','Huesca'), ('2995','1','Ja&eacute;n');
INSERT INTO `zone_description` VALUES ('2996','1','La Rioja'), ('2997','1','Las Palmas'), ('2998','1','Leon'), ('2999','1','Lleida'), ('3000','1','Lugo'), ('3001','1','Madrid'), ('3002','1','Malaga'), ('3003','1','Melilla'), ('3004','1','Murcia'), ('3005','1','Navarra'), ('3006','1','Ourense'), ('3007','1','Palencia'), ('3008','1','Pontevedra'), ('3009','1','Salamanca'), ('3010','1','Santa Cruz de Tenerife'), ('3011','1','Segovia'), ('3012','1','Sevilla'), ('3013','1','Soria'), ('3014','1','Tarragona'), ('3015','1','Teruel'), ('3016','1','Toledo'), ('3017','1','Valencia'), ('3018','1','Valladolid'), ('3019','1','Vizcaya'), ('3020','1','Zamora'), ('3021','1','Zaragoza'), ('3022','1','Central'), ('3023','1','Eastern'), ('3024','1','North Central'), ('3025','1','Northern'), ('3026','1','North Western'), ('3027','1','Sabaragamuwa'), ('3028','1','Southern'), ('3029','1','Uva'), ('3030','1','Western'), ('3032','1','Saint Helena'), ('3034','1','A\'ali an Nil'), ('3035','1','Al Bahr al Ahmar'), ('3036','1','Al Buhayrat'), ('3037','1','Al Jazirah'), ('3038','1','Al Khartum'), ('3039','1','Al Qadarif'), ('3040','1','Al Wahdah'), ('3041','1','An Nil al Abyad'), ('3042','1','An Nil al Azraq'), ('3043','1','Ash Shamaliyah'), ('3044','1','Bahr al Jabal'), ('3045','1','Gharb al Istiwa\'iyah'), ('3046','1','Gharb Bahr al Ghazal'), ('3047','1','Gharb Darfur'), ('3048','1','Gharb Kurdufan'), ('3049','1','Janub Darfur'), ('3050','1','Janub Kurdufan'), ('3051','1','Junqali'), ('3052','1','Kassala'), ('3053','1','Nahr an Nil'), ('3054','1','Shamal Bahr al Ghazal'), ('3055','1','Shamal Darfur'), ('3056','1','Shamal Kurdufan'), ('3057','1','Sharq al Istiwa\'iyah'), ('3058','1','Sinnar'), ('3059','1','Warab'), ('3060','1','Brokopondo'), ('3061','1','Commewijne'), ('3062','1','Coronie'), ('3063','1','Marowijne'), ('3064','1','Nickerie'), ('3065','1','Para'), ('3066','1','Paramaribo'), ('3067','1','Saramacca'), ('3068','1','Sipaliwini'), ('3069','1','Wanica'), ('3070','1','Hhohho'), ('3071','1','Lubombo'), ('3072','1','Manzini'), ('3073','1','Shishelweni'), ('3074','1','Blekinge'), ('3075','1','Dalarna'), ('3076','1','G&auml;vleborg'), ('3077','1','Gotland'), ('3078','1','Halland'), ('3079','1','J&auml;mtland'), ('3080','1','J&ouml;nk&ouml;ping'), ('3081','1','Kalmar'), ('3082','1','Kronoberg'), ('3083','1','Norrbotten'), ('3084','1','&Ouml;rebro'), ('3085','1','&Ouml;sterg&ouml;tland'), ('3086','1','Sk&aring;ne'), ('3087','1','S&ouml;dermanland'), ('3088','1','Stockholm'), ('3089','1','Uppsala'), ('3090','1','V&auml;rmland'), ('3091','1','V&auml;sterbotten'), ('3092','1','V&auml;sternorrland'), ('3093','1','V&auml;stmanland'), ('3094','1','V&auml;stra G&ouml;taland'), ('3095','1','Aargau'), ('3096','1','Appenzell Ausserrhoden'), ('3097','1','Appenzell Innerrhoden');
INSERT INTO `zone_description` VALUES ('3098','1','Basel-Stadt'), ('3099','1','Basel-Landschaft'), ('3100','1','Bern'), ('3101','1','Fribourg'), ('3102','1','Gen&egrave;ve'), ('3103','1','Glarus'), ('3104','1','Graub&uuml;nden'), ('3105','1','Jura'), ('3106','1','Luzern'), ('3107','1','Neuch&acirc;tel'), ('3108','1','Nidwald'), ('3109','1','Obwald'), ('3110','1','St. Gallen'), ('3111','1','Schaffhausen'), ('3112','1','Schwyz'), ('3113','1','Solothurn'), ('3114','1','Thurgau'), ('3115','1','Ticino'), ('3116','1','Uri'), ('3117','1','Valais'), ('3118','1','Vaud'), ('3119','1','Zug'), ('3120','1','Z&uuml;rich'), ('3121','1','Al Hasakah'), ('3122','1','Al Ladhiqiyah'), ('3123','1','Al Qunaytirah'), ('3124','1','Ar Raqqah'), ('3125','1','As Suwayda'), ('3126','1','Dara'), ('3127','1','Dayr az Zawr'), ('3128','1','Dimashq'), ('3129','1','Halab'), ('3130','1','Hamah'), ('3131','1','Hims'), ('3132','1','Idlib'), ('3133','1','Rif Dimashq'), ('3134','1','Tartus'), ('3135','1','Chang-hua'), ('3136','1','Chia-i'), ('3137','1','Hsin-chu'), ('3138','1','Hua-lien'), ('3139','1','I-lan'), ('3140','1','Kao-hsiung county'), ('3141','1','Kin-men'), ('3142','1','Lien-chiang'), ('3143','1','Miao-li'), ('3144','1','Nan-t\'ou'), ('3145','1','P\'eng-hu'), ('3146','1','P\'ing-tung'), ('3147','1','T\'ai-chung'), ('3148','1','T\'ai-nan'), ('3149','1','T\'ai-pei county'), ('3150','1','T\'ai-tung'), ('3151','1','T\'ao-yuan'), ('3152','1','Yun-lin'), ('3153','1','Chia-i city'), ('3154','1','Chi-lung'), ('3155','1','Hsin-chu'), ('3156','1','T\'ai-chung'), ('3157','1','T\'ai-nan'), ('3158','1','Kao-hsiung city'), ('3159','1','T\'ai-pei city'), ('3160','1','Gorno-Badakhstan'), ('3161','1','Khatlon'), ('3162','1','Sughd'), ('3163','1','Arusha'), ('3164','1','Dar es Salaam'), ('3165','1','Dodoma'), ('3166','1','Iringa'), ('3167','1','Kagera'), ('3168','1','Kigoma'), ('3169','1','Kilimanjaro'), ('3170','1','Lindi'), ('3171','1','Manyara'), ('3172','1','Mara'), ('3173','1','Mbeya'), ('3174','1','Morogoro'), ('3175','1','Mtwara'), ('3176','1','Mwanza'), ('3177','1','Pemba North'), ('3178','1','Pemba South'), ('3179','1','Pwani'), ('3180','1','Rukwa'), ('3181','1','Ruvuma'), ('3182','1','Shinyanga'), ('3183','1','Singida'), ('3184','1','Tabora'), ('3185','1','Tanga'), ('3186','1','Zanzibar Central/South'), ('3187','1','Zanzibar North'), ('3188','1','Zanzibar Urban/West'), ('3189','1','Amnat Charoen'), ('3190','1','Ang Thong'), ('3191','1','Ayutthaya'), ('3192','1','Bangkok'), ('3193','1','Buriram'), ('3194','1','Chachoengsao'), ('3195','1','Chai Nat'), ('3196','1','Chaiyaphum'), ('3197','1','Chanthaburi');
INSERT INTO `zone_description` VALUES ('3198','1','Chiang Mai'), ('3199','1','Chiang Rai'), ('3200','1','Chon Buri'), ('3201','1','Chumphon'), ('3202','1','Kalasin'), ('3203','1','Kamphaeng Phet'), ('3204','1','Kanchanaburi'), ('3205','1','Khon Kaen'), ('3206','1','Krabi'), ('3207','1','Lampang'), ('3208','1','Lamphun'), ('3209','1','Loei'), ('3210','1','Lop Buri'), ('3211','1','Mae Hong Son'), ('3212','1','Maha Sarakham'), ('3213','1','Mukdahan'), ('3214','1','Nakhon Nayok'), ('3215','1','Nakhon Pathom'), ('3216','1','Nakhon Phanom'), ('3217','1','Nakhon Ratchasima'), ('3218','1','Nakhon Sawan'), ('3219','1','Nakhon Si Thammarat'), ('3220','1','Nan'), ('3221','1','Narathiwat'), ('3222','1','Nong Bua Lamphu'), ('3223','1','Nong Khai'), ('3224','1','Nonthaburi'), ('3225','1','Pathum Thani'), ('3226','1','Pattani'), ('3227','1','Phangnga'), ('3228','1','Phatthalung'), ('3229','1','Phayao'), ('3230','1','Phetchabun'), ('3231','1','Phetchaburi'), ('3232','1','Phichit'), ('3233','1','Phitsanulok'), ('3234','1','Phrae'), ('3235','1','Phuket'), ('3236','1','Prachin Buri'), ('3237','1','Prachuap Khiri Khan'), ('3238','1','Ranong'), ('3239','1','Ratchaburi'), ('3240','1','Rayong'), ('3241','1','Roi Et'), ('3242','1','Sa Kaeo'), ('3243','1','Sakon Nakhon'), ('3244','1','Samut Prakan'), ('3245','1','Samut Sakhon'), ('3246','1','Samut Songkhram'), ('3247','1','Sara Buri'), ('3248','1','Satun'), ('3249','1','Sing Buri'), ('3250','1','Sisaket'), ('3251','1','Songkhla'), ('3252','1','Sukhothai'), ('3253','1','Suphan Buri'), ('3254','1','Surat Thani'), ('3255','1','Surin'), ('3256','1','Tak'), ('3257','1','Trang'), ('3258','1','Trat'), ('3259','1','Ubon Ratchathani'), ('3260','1','Udon Thani'), ('3261','1','Uthai Thani'), ('3262','1','Uttaradit'), ('3263','1','Yala'), ('3264','1','Yasothon'), ('3265','1','Kara'), ('3266','1','Plateaux'), ('3267','1','Savanes'), ('3268','1','Centrale'), ('3269','1','Maritime'), ('3270','1','Atafu'), ('3271','1','Fakaofo'), ('3272','1','Nukunonu'), ('3273','1','Ha\'apai'), ('3274','1','Tongatapu'), ('3275','1','Vava\'u'), ('3276','1','Couva/Tabaquite/Talparo'), ('3277','1','Diego Martin'), ('3278','1','Mayaro/Rio Claro'), ('3279','1','Penal/Debe'), ('3280','1','Princes Town'), ('3281','1','Sangre Grande'), ('3282','1','San Juan/Laventille'), ('3283','1','Siparia'), ('3284','1','Tunapuna/Piarco'), ('3285','1','Port of Spain'), ('3286','1','San Fernando'), ('3287','1','Arima'), ('3288','1','Point Fortin'), ('3289','1','Chaguanas'), ('3290','1','Tobago'), ('3291','1','Ariana'), ('3292','1','Beja'), ('3293','1','Ben Arous'), ('3294','1','Bizerte'), ('3295','1','Gabes'), ('3296','1','Gafsa'), ('3297','1','Jendouba');
INSERT INTO `zone_description` VALUES ('3298','1','Kairouan'), ('3299','1','Kasserine'), ('3300','1','Kebili'), ('3301','1','Kef'), ('3302','1','Mahdia'), ('3303','1','Manouba'), ('3304','1','Medenine'), ('3305','1','Monastir'), ('3306','1','Nabeul'), ('3307','1','Sfax'), ('3308','1','Sidi'), ('3309','1','Siliana'), ('3310','1','Sousse'), ('3311','1','Tataouine'), ('3312','1','Tozeur'), ('3313','1','Tunis'), ('3314','1','Zaghouan'), ('3315','1','Adana'), ('3316','1','Adıyaman'), ('3317','1','Afyonkarahisar'), ('3318','1','Ağrı'), ('3319','1','Aksaray'), ('3320','1','Amasya'), ('3321','1','Ankara'), ('3322','1','Antalya'), ('3323','1','Ardahan'), ('3324','1','Artvin'), ('3325','1','Aydın'), ('3326','1','Balıkesir'), ('3327','1','Bartın'), ('3328','1','Batman'), ('3329','1','Bayburt'), ('3330','1','Bilecik'), ('3331','1','Bingöl'), ('3332','1','Bitlis'), ('3333','1','Bolu'), ('3334','1','Burdur'), ('3335','1','Bursa'), ('3336','1','Çanakkale'), ('3337','1','Çankırı'), ('3338','1','Çorum'), ('3339','1','Denizli'), ('3340','1','Diyarbakır'), ('3341','1','Düzce'), ('3342','1','Edirne'), ('3343','1','Elazığ'), ('3344','1','Erzincan'), ('3345','1','Erzurum'), ('3346','1','Eskişehir'), ('3347','1','Gaziantep'), ('3348','1','Giresun'), ('3349','1','Gümüşhane'), ('3350','1','Hakkari'), ('3351','1','Hatay'), ('3352','1','Iğdır'), ('3353','1','Isparta'), ('3354','1','İstanbul'), ('3355','1','İzmir'), ('3356','1','Kahramanmaraş'), ('3357','1','Karabük'), ('3358','1','Karaman'), ('3359','1','Kars'), ('3360','1','Kastamonu'), ('3361','1','Kayseri'), ('3362','1','Kilis'), ('3363','1','Kırıkkale'), ('3364','1','Kırklareli'), ('3365','1','Kırşehir'), ('3366','1','Kocaeli'), ('3367','1','Konya'), ('3368','1','Kütahya'), ('3369','1','Malatya'), ('3370','1','Manisa'), ('3371','1','Mardin'), ('3372','1','Mersin'), ('3373','1','Muğla'), ('3374','1','Muş'), ('3375','1','Nevşehir'), ('3376','1','Niğde'), ('3377','1','Ordu'), ('3378','1','Osmaniye'), ('3379','1','Rize'), ('3380','1','Sakarya'), ('3381','1','Samsun'), ('3382','1','Şanlıurfa'), ('3383','1','Siirt'), ('3384','1','Sinop'), ('3385','1','Şırnak'), ('3386','1','Sivas'), ('3387','1','Tekirdağ'), ('3388','1','Tokat'), ('3389','1','Trabzon'), ('3390','1','Tunceli'), ('3391','1','Uşak'), ('3392','1','Van'), ('3393','1','Yalova'), ('3394','1','Yozgat'), ('3395','1','Zonguldak'), ('3396','1','Ahal Welayaty'), ('3397','1','Balkan Welayaty');
INSERT INTO `zone_description` VALUES ('3398','1','Dashhowuz Welayaty'), ('3399','1','Lebap Welayaty'), ('3400','1','Mary Welayaty'), ('3401','1','Ambergris Cays'), ('3402','1','Dellis Cay'), ('3403','1','French Cay'), ('3404','1','Little Water Cay'), ('3405','1','Parrot Cay'), ('3406','1','Pine Cay'), ('3407','1','Salt Cay'), ('3408','1','Grand Turk'), ('3409','1','South Caicos'), ('3410','1','East Caicos'), ('3411','1','Middle Caicos'), ('3412','1','North Caicos'), ('3413','1','Providenciales'), ('3414','1','West Caicos'), ('3415','1','Nanumanga'), ('3416','1','Niulakita'), ('3417','1','Niutao'), ('3418','1','Funafuti'), ('3419','1','Nanumea'), ('3420','1','Nui'), ('3421','1','Nukufetau'), ('3422','1','Nukulaelae'), ('3423','1','Vaitupu'), ('3424','1','Kalangala'), ('3425','1','Kampala'), ('3426','1','Kayunga'), ('3427','1','Kiboga'), ('3428','1','Luwero'), ('3429','1','Masaka'), ('3430','1','Mpigi'), ('3431','1','Mubende'), ('3432','1','Mukono'), ('3433','1','Nakasongola'), ('3434','1','Rakai'), ('3435','1','Sembabule'), ('3436','1','Wakiso'), ('3437','1','Bugiri'), ('3438','1','Busia'), ('3439','1','Iganga'), ('3440','1','Jinja'), ('3441','1','Kaberamaido'), ('3442','1','Kamuli'), ('3443','1','Kapchorwa'), ('3444','1','Katakwi'), ('3445','1','Kumi'), ('3446','1','Mayuge'), ('3447','1','Mbale'), ('3448','1','Pallisa'), ('3449','1','Sironko'), ('3450','1','Soroti'), ('3451','1','Tororo'), ('3452','1','Adjumani'), ('3453','1','Apac'), ('3454','1','Arua'), ('3455','1','Gulu'), ('3456','1','Kitgum'), ('3457','1','Kotido'), ('3458','1','Lira'), ('3459','1','Moroto'), ('3460','1','Moyo'), ('3461','1','Nakapiripirit'), ('3462','1','Nebbi'), ('3463','1','Pader'), ('3464','1','Yumbe'), ('3465','1','Bundibugyo'), ('3466','1','Bushenyi'), ('3467','1','Hoima'), ('3468','1','Kabale'), ('3469','1','Kabarole'), ('3470','1','Kamwenge'), ('3471','1','Kanungu'), ('3472','1','Kasese'), ('3473','1','Kibaale'), ('3474','1','Kisoro'), ('3475','1','Kyenjojo'), ('3476','1','Masindi'), ('3477','1','Mbarara'), ('3478','1','Ntungamo'), ('3479','1','Rukungiri'), ('3480','1','Cherkas\'ka Oblast\''), ('3481','1','Chernihivs\'ka Oblast\''), ('3482','1','Chernivets\'ka Oblast\''), ('3483','1','Crimea'), ('3484','1','Dnipropetrovs\'ka Oblast\''), ('3485','1','Donets\'ka Oblast\''), ('3486','1','Ivano-Frankivs\'ka Oblast\''), ('3487','1','Khersons\'ka Oblast\''), ('3488','1','Khmel\'nyts\'ka Oblast\''), ('3489','1','Kirovohrads\'ka Oblast\''), ('3490','1','Kyiv'), ('3491','1','Kyivs\'ka Oblast\''), ('3492','1','Luhans\'ka Oblast\''), ('3493','1','L\'vivs\'ka Oblast\''), ('3494','1','Mykolayivs\'ka Oblast\''), ('3495','1','Odes\'ka Oblast\''), ('3496','1','Poltavs\'ka Oblast\''), ('3497','1','Rivnens\'ka Oblast\'');
INSERT INTO `zone_description` VALUES ('3498','1','Sevastopol\''), ('3499','1','Sums\'ka Oblast\''), ('3500','1','Ternopil\'s\'ka Oblast\''), ('3501','1','Vinnyts\'ka Oblast\''), ('3502','1','Volyns\'ka Oblast\''), ('3503','1','Zakarpats\'ka Oblast\''), ('3504','1','Zaporiz\'ka Oblast\''), ('3505','1','Zhytomyrs\'ka oblast\''), ('3506','1','Abu Dhabi'), ('3507','1','\'Ajman'), ('3508','1','Al Fujayrah'), ('3509','1','Ash Shariqah'), ('3510','1','Dubai'), ('3511','1','R\'as al Khaymah'), ('3512','1','Umm al Qaywayn'), ('3513','1','Aberdeen'), ('3514','1','Aberdeenshire'), ('3515','1','Anglesey'), ('3516','1','Angus'), ('3517','1','Argyll and Bute'), ('3518','1','Bedfordshire'), ('3519','1','Berkshire'), ('3520','1','Blaenau Gwent'), ('3521','1','Bridgend'), ('3522','1','Bristol'), ('3523','1','Buckinghamshire'), ('3524','1','Caerphilly'), ('3525','1','Cambridgeshire'), ('3526','1','Cardiff'), ('3527','1','Carmarthenshire'), ('3528','1','Ceredigion'), ('3529','1','Cheshire'), ('3530','1','Clackmannanshire'), ('3531','1','Conwy'), ('3532','1','Cornwall'), ('3533','1','Denbighshire'), ('3534','1','Derbyshire'), ('3535','1','Devon'), ('3536','1','Dorset'), ('3537','1','Dumfries and Galloway'), ('3538','1','Dundee'), ('3539','1','Durham'), ('3540','1','East Ayrshire'), ('3541','1','East Dunbartonshire'), ('3542','1','East Lothian'), ('3543','1','East Renfrewshire'), ('3544','1','East Riding of Yorkshire'), ('3545','1','East Sussex'), ('3546','1','Edinburgh'), ('3547','1','Essex'), ('3548','1','Falkirk'), ('3549','1','Fife'), ('3550','1','Flintshire'), ('3551','1','Glasgow'), ('3552','1','Gloucestershire'), ('3553','1','Greater London'), ('3554','1','Greater Manchester'), ('3555','1','Gwynedd'), ('3556','1','Hampshire'), ('3557','1','Herefordshire'), ('3558','1','Hertfordshire'), ('3559','1','Highlands'), ('3560','1','Inverclyde'), ('3561','1','Isle of Wight'), ('3562','1','Kent'), ('3563','1','Lancashire'), ('3564','1','Leicestershire'), ('3565','1','Lincolnshire'), ('3566','1','Merseyside'), ('3567','1','Merthyr Tydfil'), ('3568','1','Midlothian'), ('3569','1','Monmouthshire'), ('3570','1','Moray'), ('3571','1','Neath Port Talbot'), ('3572','1','Newport'), ('3573','1','Norfolk'), ('3574','1','North Ayrshire'), ('3575','1','North Lanarkshire'), ('3576','1','North Yorkshire'), ('3577','1','Northamptonshire'), ('3578','1','Northumberland'), ('3579','1','Nottinghamshire'), ('3580','1','Orkney Islands'), ('3581','1','Oxfordshire'), ('3582','1','Pembrokeshire'), ('3583','1','Perth and Kinross'), ('3584','1','Powys'), ('3585','1','Renfrewshire'), ('3586','1','Rhondda Cynon Taff'), ('3587','1','Rutland'), ('3588','1','Scottish Borders'), ('3589','1','Shetland Islands'), ('3590','1','Shropshire'), ('3591','1','Somerset'), ('3592','1','South Ayrshire'), ('3593','1','South Lanarkshire'), ('3594','1','South Yorkshire'), ('3595','1','Staffordshire'), ('3596','1','Stirling'), ('3597','1','Suffolk');
INSERT INTO `zone_description` VALUES ('3598','1','Surrey'), ('3599','1','Swansea'), ('3600','1','Torfaen'), ('3601','1','Tyne and Wear'), ('3602','1','Vale of Glamorgan'), ('3603','1','Warwickshire'), ('3604','1','West Dunbartonshire'), ('3605','1','West Lothian'), ('3606','1','West Midlands'), ('3607','1','West Sussex'), ('3608','1','West Yorkshire'), ('3609','1','Western Isles'), ('3610','1','Wiltshire'), ('3611','1','Worcestershire'), ('3612','1','Wrexham'), ('3613','1','Alabama'), ('3614','1','Alaska'), ('3615','1','American Samoa'), ('3616','1','Arizona'), ('3617','1','Arkansas'), ('3618','1','Armed Forces Africa'), ('3619','1','Armed Forces Americas'), ('3620','1','Armed Forces Canada'), ('3621','1','Armed Forces Europe'), ('3622','1','Armed Forces Middle East'), ('3623','1','Armed Forces Pacific'), ('3624','1','California'), ('3625','1','Colorado'), ('3626','1','Connecticut'), ('3627','1','Delaware'), ('3628','1','District of Columbia'), ('3629','1','Federated States Of Micronesia'), ('3630','1','Florida'), ('3631','1','Georgia'), ('3632','1','Guam'), ('3633','1','Hawaii'), ('3634','1','Idaho'), ('3635','1','Illinois'), ('3636','1','Indiana'), ('3637','1','Iowa'), ('3638','1','Kansas'), ('3639','1','Kentucky'), ('3640','1','Louisiana'), ('3641','1','Maine'), ('3642','1','Marshall Islands'), ('3643','1','Maryland'), ('3644','1','Massachusetts'), ('3645','1','Michigan'), ('3646','1','Minnesota'), ('3647','1','Mississippi'), ('3648','1','Missouri'), ('3649','1','Montana'), ('3650','1','Nebraska'), ('3651','1','Nevada'), ('3652','1','New Hampshire'), ('3653','1','New Jersey'), ('3654','1','New Mexico'), ('3655','1','New York'), ('3656','1','North Carolina'), ('3657','1','North Dakota'), ('3658','1','Northern Mariana Islands'), ('3659','1','Ohio'), ('3660','1','Oklahoma'), ('3661','1','Oregon'), ('3662','1','Palau'), ('3663','1','Pennsylvania'), ('3664','1','Puerto Rico'), ('3665','1','Rhode Island'), ('3666','1','South Carolina'), ('3667','1','South Dakota'), ('3668','1','Tennessee'), ('3669','1','Texas'), ('3670','1','Utah'), ('3671','1','Vermont'), ('3672','1','Virgin Islands'), ('3673','1','Virginia'), ('3674','1','Washington'), ('3675','1','West Virginia'), ('3676','1','Wisconsin'), ('3677','1','Wyoming'), ('3678','1','Baker Island'), ('3679','1','Howland Island'), ('3680','1','Jarvis Island'), ('3681','1','Johnston Atoll'), ('3682','1','Kingman Reef'), ('3683','1','Midway Atoll'), ('3684','1','Navassa Island'), ('3685','1','Palmyra Atoll'), ('3686','1','Wake Island'), ('3687','1','Artigas'), ('3688','1','Canelones'), ('3689','1','Cerro Largo'), ('3690','1','Colonia'), ('3691','1','Durazno'), ('3692','1','Flores'), ('3693','1','Florida'), ('3694','1','Lavalleja'), ('3695','1','Maldonado'), ('3696','1','Montevideo'), ('3697','1','Paysandu');
INSERT INTO `zone_description` VALUES ('3698','1','Rio Negro'), ('3699','1','Rivera'), ('3700','1','Rocha'), ('3701','1','Salto'), ('3702','1','San Jose'), ('3703','1','Soriano'), ('3704','1','Tacuarembo'), ('3705','1','Treinta y Tres'), ('3706','1','Andijon'), ('3707','1','Buxoro'), ('3708','1','Farg\'ona'), ('3709','1','Jizzax'), ('3710','1','Namangan'), ('3711','1','Navoiy'), ('3712','1','Qashqadaryo'), ('3713','1','Qoraqalpog\'iston Republikasi'), ('3714','1','Samarqand'), ('3715','1','Sirdaryo'), ('3716','1','Surxondaryo'), ('3717','1','Toshkent City'), ('3718','1','Toshkent Region'), ('3719','1','Xorazm'), ('3720','1','Malampa'), ('3721','1','Penama'), ('3722','1','Sanma'), ('3723','1','Shefa'), ('3724','1','Tafea'), ('3725','1','Torba'), ('3726','1','Amazonas'), ('3727','1','Anzoategui'), ('3728','1','Apure'), ('3729','1','Aragua'), ('3730','1','Barinas'), ('3731','1','Bolivar'), ('3732','1','Carabobo'), ('3733','1','Cojedes'), ('3734','1','Delta Amacuro'), ('3735','1','Dependencias Federales'), ('3736','1','Distrito Federal'), ('3737','1','Falcon'), ('3738','1','Guarico'), ('3739','1','Lara'), ('3740','1','Merida'), ('3741','1','Miranda'), ('3742','1','Monagas'), ('3743','1','Nueva Esparta'), ('3744','1','Portuguesa'), ('3745','1','Sucre'), ('3746','1','Tachira'), ('3747','1','Trujillo'), ('3748','1','Vargas'), ('3749','1','Yaracuy'), ('3750','1','Zulia'), ('3751','1','An Giang'), ('3752','1','Bac Giang'), ('3753','1','Bac Kan'), ('3754','1','Bac Lieu'), ('3755','1','Bac Ninh'), ('3756','1','Ba Ria-Vung Tau'), ('3757','1','Ben Tre'), ('3758','1','Binh Dinh'), ('3759','1','Binh Duong'), ('3760','1','Binh Phuoc'), ('3761','1','Binh Thuan'), ('3762','1','Ca Mau'), ('3763','1','Can Tho'), ('3764','1','Cao Bang'), ('3765','1','Dak Lak'), ('3766','1','Dak Nong'), ('3767','1','Da Nang'), ('3768','1','Dien Bien'), ('3769','1','Dong Nai'), ('3770','1','Dong Thap'), ('3771','1','Gia Lai'), ('3772','1','Ha Giang'), ('3773','1','Hai Duong'), ('3774','1','Hai Phong'), ('3775','1','Ha Nam'), ('3776','1','Ha Noi'), ('3777','1','Ha Tay'), ('3778','1','Ha Tinh'), ('3779','1','Hoa Binh'), ('3780','1','Ho Chi Minh City'), ('3781','1','Hau Giang'), ('3782','1','Hung Yen'), ('3783','1','Saint Croix'), ('3784','1','Saint John'), ('3785','1','Saint Thomas'), ('3786','1','Alo'), ('3787','1','Sigave'), ('3788','1','Wallis'), ('3789','1','Abyan'), ('3790','1','Adan'), ('3791','1','Amran'), ('3792','1','Al Bayda'), ('3793','1','Ad Dali'), ('3794','1','Dhamar'), ('3795','1','Hadramawt'), ('3796','1','Hajjah'), ('3797','1','Al Hudaydah');
INSERT INTO `zone_description` VALUES ('3798','1','Ibb'), ('3799','1','Al Jawf'), ('3800','1','Lahij'), ('3801','1','Ma\'rib'), ('3802','1','Al Mahrah'), ('3803','1','Al Mahwit'), ('3804','1','Sa\'dah'), ('3805','1','San\'a'), ('3806','1','Shabwah'), ('3807','1','Ta\'izz'), ('3812','1','Bas-Congo'), ('3813','1','Bandundu'), ('3814','1','Equateur'), ('3815','1','Katanga'), ('3816','1','Kasai-Oriental'), ('3817','1','Kinshasa'), ('3818','1','Kasai-Occidental'), ('3819','1','Maniema'), ('3820','1','Nord-Kivu'), ('3821','1','Orientale'), ('3822','1','Sud-Kivu'), ('3823','1','Central'), ('3824','1','Copperbelt'), ('3825','1','Eastern'), ('3826','1','Luapula'), ('3827','1','Lusaka'), ('3828','1','Northern'), ('3829','1','North-Western'), ('3830','1','Southern'), ('3831','1','Western'), ('3832','1','Bulawayo'), ('3833','1','Harare'), ('3834','1','Manicaland'), ('3835','1','Mashonaland Central'), ('3836','1','Mashonaland East'), ('3837','1','Mashonaland West'), ('3838','1','Masvingo'), ('3839','1','Matabeleland North'), ('3840','1','Matabeleland South'), ('3841','1','Midlands'), ('3861','1','Campobasso'), ('3862','1','Carbonia-Iglesias'), ('3863','1','Caserta'), ('3864','1','Catania'), ('3865','1','Catanzaro'), ('3866','1','Chieti'), ('3867','1','Como'), ('3868','1','Cosenza'), ('3869','1','Cremona'), ('3870','1','Crotone'), ('3871','1','Cuneo'), ('3872','1','Enna'), ('3873','1','Ferrara'), ('3874','1','Firenze'), ('3875','1','Foggia'), ('3876','1','Forli-Cesena'), ('3877','1','Frosinone'), ('3878','1','Genova'), ('3879','1','Gorizia'), ('3880','1','Grosseto'), ('3881','1','Imperia'), ('3882','1','Isernia'), ('3883','1','L&#39;Aquila'), ('3884','1','La Spezia'), ('3885','1','Latina'), ('3886','1','Lecce'), ('3887','1','Lecco'), ('3888','1','Livorno'), ('3889','1','Lodi'), ('3890','1','Lucca'), ('3891','1','Macerata'), ('3892','1','Mantova'), ('3893','1','Massa-Carrara'), ('3894','1','Matera'), ('3895','1','Medio Campidano'), ('3896','1','Messina'), ('3897','1','Milano'), ('3898','1','Modena'), ('3899','1','Napoli'), ('3900','1','Novara'), ('3901','1','Nuoro'), ('3902','1','Ogliastra'), ('3903','1','Olbia-Tempio'), ('3904','1','Oristano'), ('3905','1','Padova'), ('3906','1','Palermo'), ('3907','1','Parma'), ('3908','1','Pavia'), ('3909','1','Perugia'), ('3910','1','Pesaro e Urbino'), ('3911','1','Pescara'), ('3912','1','Piacenza'), ('3913','1','Pisa'), ('3914','1','Pistoia'), ('3915','1','Pordenone'), ('3916','1','Potenza'), ('3917','1','Prato'), ('3918','1','Ragusa'), ('3919','1','Ravenna'), ('3920','1','Reggio Calabria');
INSERT INTO `zone_description` VALUES ('3921','1','Reggio Emilia'), ('3922','1','Rieti'), ('3923','1','Rimini'), ('3924','1','Roma'), ('3925','1','Rovigo'), ('3926','1','Salerno'), ('3927','1','Sassari'), ('3928','1','Savona'), ('3929','1','Siena'), ('3930','1','Siracusa'), ('3931','1','Sondrio'), ('3932','1','Taranto'), ('3933','1','Teramo'), ('3934','1','Terni'), ('3935','1','Torino'), ('3936','1','Trapani'), ('3937','1','Trento'), ('3938','1','Treviso'), ('3939','1','Trieste'), ('3940','1','Udine'), ('3941','1','Varese'), ('3942','1','Venezia'), ('3943','1','Verbano-Cusio-Ossola'), ('3944','1','Vercelli'), ('3945','1','Verona'), ('3946','1','Vibo Valentia'), ('3947','1','Vicenza'), ('3948','1','Viterbo'), ('3949','1','County Antrim'), ('3950','1','County Armagh'), ('3951','1','County Down'), ('3952','1','County Fermanagh'), ('3953','1','County Londonderry'), ('3954','1','County Tyrone'), ('3955','1','Cumbria'), ('3956','1','Pomurska'), ('3957','1','Podravska'), ('3958','1','Koroška'), ('3959','1','Savinjska'), ('3960','1','Zasavska'), ('3961','1','Spodnjeposavska'), ('3962','1','Jugovzhodna Slovenija'), ('3963','1','Osrednjeslovenska'), ('3964','1','Gorenjska'), ('3965','1','Notranjsko-kraška'), ('3966','1','Goriška'), ('3967','1','Obalno-kraška'), ('3968','1','Ruse'), ('3969','1','Alborz'), ('3970','1','Brussels-Capital Region'), ('3971','1','Aguascalientes'), ('3973','1','Andrijevica'), ('3974','1','Bar'), ('3975','1','Berane'), ('3976','1','Bijelo Polje'), ('3977','1','Budva'), ('3978','1','Cetinje'), ('3979','1','Danilovgrad'), ('3980','1','Herceg-Novi'), ('3981','1','Kolašin'), ('3982','1','Kotor'), ('3983','1','Mojkovac'), ('3984','1','Nikšić'), ('3985','1','Plav'), ('3986','1','Pljevlja'), ('3987','1','Plužine'), ('3988','1','Podgorica'), ('3989','1','Rožaje'), ('3990','1','Šavnik'), ('3991','1','Tivat'), ('3992','1','Ulcinj'), ('3993','1','Žabljak'), ('3994','1','Belgrade'), ('3995','1','North Bačka'), ('3996','1','Central Banat'), ('3997','1','North Banat'), ('3998','1','South Banat'), ('3999','1','West Bačka'), ('4000','1','South Bačka'), ('4001','1','Srem'), ('4002','1','Mačva'), ('4003','1','Kolubara'), ('4004','1','Podunavlje'), ('4005','1','Braničevo'), ('4006','1','Šumadija'), ('4007','1','Pomoravlje'), ('4008','1','Bor'), ('4009','1','Zaječar'), ('4010','1','Zlatibor'), ('4011','1','Moravica'), ('4012','1','Raška'), ('4013','1','Rasina'), ('4014','1','Nišava'), ('4015','1','Toplica'), ('4016','1','Pirot'), ('4017','1','Jablanica'), ('4018','1','Pčinja'), ('4020','1','Bonaire'), ('4021','1','Saba'), ('4022','1','Sint Eustatius');
INSERT INTO `zone_description` VALUES ('4023','1','Central Equatoria'), ('4024','1','Eastern Equatoria'), ('4025','1','Jonglei'), ('4026','1','Lakes'), ('4027','1','Northern Bahr el-Ghazal'), ('4028','1','Unity'), ('4029','1','Upper Nile'), ('4030','1','Warrap'), ('4031','1','Western Bahr el-Ghazal'), ('4032','1','Western Equatoria'), ('4036','1','Ainaži, Salacgrīvas novads'), ('4037','1','Aizkraukle, Aizkraukles novads'), ('4038','1','Aizkraukles novads'), ('4039','1','Aizpute, Aizputes novads'), ('4040','1','Aizputes novads'), ('4041','1','Aknīste, Aknīstes novads'), ('4042','1','Aknīstes novads'), ('4043','1','Aloja, Alojas novads'), ('4044','1','Alojas novads'), ('4045','1','Alsungas novads'), ('4046','1','Alūksne, Alūksnes novads'), ('4047','1','Alūksnes novads'), ('4048','1','Amatas novads'), ('4049','1','Ape, Apes novads'), ('4050','1','Apes novads'), ('4051','1','Auce, Auces novads'), ('4052','1','Auces novads'), ('4053','1','Ādažu novads'), ('4054','1','Babītes novads'), ('4055','1','Baldone, Baldones novads'), ('4056','1','Baldones novads'), ('4057','1','Baloži, Ķekavas novads'), ('4058','1','Baltinavas novads'), ('4059','1','Balvi, Balvu novads'), ('4060','1','Balvu novads'), ('4061','1','Bauska, Bauskas novads'), ('4062','1','Bauskas novads'), ('4063','1','Beverīnas novads'), ('4064','1','Brocēni, Brocēnu novads'), ('4065','1','Brocēnu novads'), ('4066','1','Burtnieku novads'), ('4067','1','Carnikavas novads'), ('4068','1','Cesvaine, Cesvaines novads'), ('4069','1','Cesvaines novads'), ('4070','1','Cēsis, Cēsu novads'), ('4071','1','Cēsu novads'), ('4072','1','Ciblas novads'), ('4073','1','Dagda, Dagdas novads'), ('4074','1','Dagdas novads'), ('4075','1','Daugavpils'), ('4076','1','Daugavpils novads'), ('4077','1','Dobele, Dobeles novads'), ('4078','1','Dobeles novads'), ('4079','1','Dundagas novads'), ('4080','1','Durbe, Durbes novads'), ('4081','1','Durbes novads'), ('4082','1','Engures novads'), ('4083','1','Ērgļu novads'), ('4084','1','Garkalnes novads'), ('4085','1','Grobiņa, Grobiņas novads'), ('4086','1','Grobiņas novads'), ('4087','1','Gulbene, Gulbenes novads'), ('4088','1','Gulbenes novads'), ('4089','1','Iecavas novads'), ('4090','1','Ikšķile, Ikšķiles novads'), ('4091','1','Ikšķiles novads'), ('4092','1','Ilūkste, Ilūkstes novads'), ('4093','1','Ilūkstes novads'), ('4094','1','Inčukalna novads'), ('4095','1','Jaunjelgava, Jaunjelgavas novads'), ('4096','1','Jaunjelgavas novads'), ('4097','1','Jaunpiebalgas novads'), ('4098','1','Jaunpils novads'), ('4099','1','Jelgava'), ('4100','1','Jelgavas novads'), ('4101','1','Jēkabpils'), ('4102','1','Jēkabpils novads'), ('4103','1','Jūrmala'), ('4104','1','Kalnciems, Jelgavas novads'), ('4105','1','Kandava, Kandavas novads'), ('4106','1','Kandavas novads'), ('4107','1','Kārsava, Kārsavas novads'), ('4108','1','Kārsavas novads'), ('4109','1','Kocēnu novads ,bij. Valmieras)'), ('4110','1','Kokneses novads'), ('4111','1','Krāslava, Krāslavas novads'), ('4112','1','Krāslavas novads'), ('4113','1','Krimuldas novads'), ('4114','1','Krustpils novads'), ('4115','1','Kuldīga, Kuldīgas novads'), ('4116','1','Kuldīgas novads'), ('4117','1','Ķeguma novads'), ('4118','1','Ķegums, Ķeguma novads'), ('4119','1','Ķekavas novads'), ('4120','1','Lielvārde, Lielvārdes novads'), ('4121','1','Lielvārdes novads'), ('4122','1','Liepāja'), ('4123','1','Limbaži, Limbažu novads'), ('4124','1','Limbažu novads'), ('4125','1','Līgatne, Līgatnes novads');
INSERT INTO `zone_description` VALUES ('4126','1','Līgatnes novads'), ('4127','1','Līvāni, Līvānu novads'), ('4128','1','Līvānu novads'), ('4129','1','Lubāna, Lubānas novads'), ('4130','1','Lubānas novads'), ('4131','1','Ludza, Ludzas novads'), ('4132','1','Ludzas novads'), ('4133','1','Madona, Madonas novads'), ('4134','1','Madonas novads'), ('4135','1','Mazsalaca, Mazsalacas novads'), ('4136','1','Mazsalacas novads'), ('4137','1','Mālpils novads'), ('4138','1','Mārupes novads'), ('4139','1','Mērsraga novads'), ('4140','1','Naukšēnu novads'), ('4141','1','Neretas novads'), ('4142','1','Nīcas novads'), ('4143','1','Ogre, Ogres novads'), ('4144','1','Ogres novads'), ('4145','1','Olaine, Olaines novads'), ('4146','1','Olaines novads'), ('4147','1','Ozolnieku novads'), ('4148','1','Pārgaujas novads'), ('4149','1','Pāvilosta, Pāvilostas novads'), ('4150','1','Pāvilostas novads'), ('4151','1','Piltene, Ventspils novads'), ('4152','1','Pļaviņas, Pļaviņu novads'), ('4153','1','Pļaviņu novads'), ('4154','1','Preiļi, Preiļu novads'), ('4155','1','Preiļu novads'), ('4156','1','Priekule, Priekules novads'), ('4157','1','Priekules novads'), ('4158','1','Priekuļu novads'), ('4159','1','Raunas novads'), ('4160','1','Rēzekne'), ('4161','1','Rēzeknes novads'), ('4162','1','Riebiņu novads'), ('4163','1','Rīga'), ('4164','1','Rojas novads'), ('4165','1','Ropažu novads'), ('4166','1','Rucavas novads'), ('4167','1','Rugāju novads'), ('4168','1','Rundāles novads'), ('4169','1','Rūjiena, Rūjienas novads'), ('4170','1','Rūjienas novads'), ('4171','1','Sabile, Talsu novads'), ('4172','1','Salacgrīva, Salacgrīvas novads'), ('4173','1','Salacgrīvas novads'), ('4174','1','Salas novads'), ('4175','1','Salaspils novads'), ('4176','1','Salaspils, Salaspils novads'), ('4177','1','Saldus novads'), ('4178','1','Saldus, Saldus novads'), ('4179','1','Saulkrasti, Saulkrastu novads'), ('4180','1','Saulkrastu novads'), ('4181','1','Seda, Strenču novads'), ('4182','1','Sējas novads'), ('4183','1','Sigulda, Siguldas novads'), ('4184','1','Siguldas novads'), ('4185','1','Skrīveru novads'), ('4186','1','Skrunda, Skrundas novads'), ('4187','1','Skrundas novads'), ('4188','1','Smiltene, Smiltenes novads'), ('4189','1','Smiltenes novads'), ('4190','1','Staicele, Alojas novads'), ('4191','1','Stende, Talsu novads'), ('4192','1','Stopiņu novads'), ('4193','1','Strenči, Strenču novads'), ('4194','1','Strenču novads'), ('4195','1','Subate, Ilūkstes novads'), ('4196','1','Talsi, Talsu novads'), ('4197','1','Talsu novads'), ('4198','1','Tērvetes novads'), ('4199','1','Tukuma novads'), ('4200','1','Tukums, Tukuma novads'), ('4201','1','Vaiņodes novads'), ('4202','1','Valdemārpils, Talsu novads'), ('4203','1','Valka, Valkas novads'), ('4204','1','Valkas novads'), ('4205','1','Valmiera'), ('4206','1','Vangaži, Inčukalna novads'), ('4207','1','Varakļāni, Varakļānu novads'), ('4208','1','Varakļānu novads'), ('4209','1','Vārkavas novads'), ('4210','1','Vecpiebalgas novads'), ('4211','1','Vecumnieku novads'), ('4212','1','Ventspils'), ('4213','1','Ventspils novads'), ('4214','1','Viesīte, Viesītes novads'), ('4215','1','Viesītes novads'), ('4216','1','Viļaka, Viļakas novads'), ('4217','1','Viļakas novads'), ('4218','1','Viļāni, Viļānu novads'), ('4219','1','Viļānu novads'), ('4220','1','Zilupe, Zilupes novads'), ('4221','1','Zilupes novads'), ('4222','1','Arica y Parinacota'), ('4223','1','Los Rios'), ('4224','1','Kharkivs\'ka Oblast\''), ('4225','1','Beirut');
INSERT INTO `zone_description` VALUES ('4226','1','Bekaa'), ('4227','1','Mount Lebanon'), ('4228','1','Nabatieh'), ('4229','1','North'), ('4230','1','South'), ('4231','1','4231'), ('21','2','Nangrahar'), ('700','1','江苏');
INSERT INTO `zone_to_geo_zone` VALUES ('131','3','72','4','2016-03-15 10:01:13'), ('135','222','3513','3','2016-03-25 23:58:53'), ('134','1','1','3','2016-03-25 23:58:53');
